epoch,train_mse,train_nrmse,train_rel_l2,val_mse,val_nrmse,val_rel_l2,lambda_prior,gate_temperature,entropy_reg,alpha_entropy,gamma,alpha_self_mean,alpha_lf1_mean
1,2.3340881227799084,1.1381063977013464,1.2019456902275916,0.22234327002213553,0.46666632478053754,0.481309895332043,0.991,2.99,0.0029850000000000002,0.6921879296717437,1.0024137496948242,0.5167896923811539,0.4832103102103524
2,0.13674644698267396,0.363432935009832,0.3852544429509536,0.14334427565336227,0.37217516280137575,0.38073211449843186,0.982,2.98,0.00297,0.691709796242092,1.016616940498352,0.5262780334638513,0.47372196757275126
3,0.11729644491620686,0.3364190293395001,0.35550868977671085,0.09137471536031136,0.2988563214357083,0.31179076261245287,0.973,2.97,0.002955,0.6925124945847885,1.0410410165786743,0.5168561168338941,0.48314388990402224
4,0.06900261361961779,0.25843862981899923,0.27362285126810487,0.05229396759890593,0.2243466044847782,0.2330471179806269,0.964,2.96,0.00294,0.6929397505262623,1.065706491470337,0.5073373385097669,0.4926626620085343
5,0.04029461346242739,0.1979063005551048,0.20900543707868327,0.03070761585751405,0.17366485240367743,0.18249040440871164,0.955,2.95,0.002925,0.6929892622906229,1.079647421836853,0.50273335394652,0.4972666517547939
6,0.027680672867142635,0.163895910460016,0.1727802854517232,0.026004770699028786,0.15930507274774405,0.16632153666936433,0.946,2.94,0.0029100000000000003,0.6927881510361381,1.087302565574646,0.4997804626174595,0.5002195425655531
7,0.022147676413473875,0.14623995734297712,0.15449616721142892,0.02184064184816984,0.14497295308571595,0.14867834030435637,0.9369999999999999,2.93,0.002895,0.692526738539986,1.0918855667114258,0.5013672258542932,0.4986327731091043
8,0.019924690234272378,0.13806375809337781,0.14539016925770304,0.022636707836332228,0.1478996887229956,0.15184621254985148,0.9279999999999999,2.92,0.00288,0.6921679356823797,1.0975533723831177,0.500683551767598,0.4993164477141007
9,0.0173882064126108,0.12944599999033887,0.1359771085822064,0.012012296409990925,0.10763532009262305,0.11134966290914096,0.919,2.91,0.002865,0.6919471979141235,1.1017698049545288,0.5000505862028702,0.49994941327882847
10,0.014573101140558719,0.11766033548375834,0.1242263727861902,0.01395882273880908,0.11658401214159451,0.12102585429182419,0.91,2.9,0.00285,0.6915575141492097,1.1057523488998413,0.5011427241822948,0.49885727374450023
11,0.012164194760439189,0.10787733436926551,0.11358867689319278,0.009130575121022187,0.09345873789145397,0.0977040663934671,0.901,2.89,0.002835,0.6912950406903806,1.1082431077957153,0.5004208912020144,0.49957911138949185
12,0.01154112737301899,0.10490244471508524,0.1101369453513104,0.01075463815448949,0.10216378019406246,0.10649238469508979,0.892,2.88,0.00282,0.6911390418591706,1.11091947555542,0.5013021005236584,0.4986979018086972
13,0.010407336218201595,0.09989465358464614,0.1050007824016654,0.009864919693567432,0.09704092402870838,0.09991231961892201,0.883,2.87,0.002805,0.6910708634749703,1.114226222038269,0.4987624862919683,0.5012375111165254
14,0.010985037838311298,0.1023516051147295,0.10801192994998848,0.011455848938427292,0.10540149590143791,0.11059924272390512,0.874,2.86,0.00279,0.6910454008890234,1.117706298828125,0.5008205444916435,0.49917945032534394
15,0.008953942034555518,0.09265598602916883,0.09771812428598818,0.006906134094326542,0.0814036874530407,0.0848488283271973,0.865,2.85,0.002775,0.6908624032269354,1.1211919784545898,0.49909714253052423,0.5009028548779695
16,0.007475600411872501,0.0846795635378879,0.0887460673632829,0.012148342695302116,0.10778579989878032,0.10965550834169754,0.856,2.84,0.00276,0.6905999188837798,1.1235078573226929,0.49982600834058677,0.5001739885496057
17,0.013076443208948426,0.109930536021357,0.11527143664982008,0.010547257127025379,0.10047946898983075,0.102544594842654,0.847,2.83,0.002745,0.6908020164655603,1.127524733543396,0.5002497040707132,0.49975029644758806
18,0.010495210487557494,0.09976475860761559,0.10483052102120026,0.014394238859844895,0.11861577343482238,0.1217652063530225,0.838,2.82,0.0027300000000000002,0.6907433022623477,1.1306992769241333,0.499377993915392,0.5006220060846079
19,0.008085241824712442,0.0872435427878214,0.09146288931369781,0.007565589944043985,0.08442537099696122,0.08636271151212546,0.829,2.81,0.002715,0.6902423931204754,1.1339071989059448,0.5008171848628832,0.49918281746947246
20,0.008813499999435051,0.09162342729775802,0.09654634374639262,0.011426809422958355,0.10477978163040601,0.1068243424479778,0.82,2.8,0.0027,0.6902697760125865,1.1373578310012817,0.4994095071502354,0.500590489739957
21,0.009308895869585483,0.09289524458024813,0.09806999512340711,0.01176958534723291,0.10686352619758019,0.1086117524940234,0.8109999999999999,2.79,0.002685,0.6904819918715436,1.140689730644226,0.4981255785278652,0.5018744168074235
22,0.008155981987795753,0.0878893032670021,0.09217022994290228,0.006426750682294369,0.07854456841372527,0.08075148812853374,0.802,2.78,0.00267,0.6900577866512796,1.1445541381835938,0.4994626086691151,0.5005373908125836
23,0.007016287371516228,0.08163542643837307,0.08582328881906426,0.010372399039065035,0.09814934676083234,0.09912945043582183,0.7929999999999999,2.77,0.0026550000000000002,0.6897835954375889,1.147839903831482,0.5002620256465414,0.49973797953647114
24,0.007743402327532354,0.08499176897432494,0.08919823772233465,0.012577781050752562,0.10667555850858872,0.10597515736634915,0.784,2.76,0.00264,0.6898966032525767,1.152164101600647,0.5016651008440101,0.4983349056347557
25,0.007628027171544407,0.0848463290411493,0.08965725827476252,0.004703868019322936,0.06724080242789708,0.06996058515058114,0.775,2.75,0.002625,0.6899562167084735,1.1550555229187012,0.501335168403128,0.49866482693216074
26,0.00544018093496561,0.07204770730889362,0.07576973114324653,0.005748254882816512,0.07360306152930626,0.07525001724178974,0.766,2.74,0.00261,0.6896030280901038,1.1586662530899048,0.4991093137989873,0.5008906986402428
27,0.005488936534232419,0.07243420598299607,0.07572037072285362,0.004274873573404665,0.0641929514419574,0.06650636359476127,0.757,2.73,0.002595,0.6894804493240688,1.1606320142745972,0.50148860734442,0.4985113931738812
28,0.0063540815294760725,0.07725806592599205,0.08164704908495364,0.007841733185789334,0.08592488043583356,0.08722685950879867,0.748,2.7199999999999998,0.00258,0.6894084401752638,1.1633970737457275,0.5018049898354904,0.4981950096462084
29,0.005513441874443189,0.07241993883381719,0.07627010073350823,0.00808402937120543,0.08729444157618743,0.09049279572298893,0.739,2.71,0.002565,0.6892867534056953,1.166977882385254,0.5040810092635777,0.4959190008432969
30,0.006335967532156602,0.07753724209640338,0.08146551698446274,0.008439680391277831,0.09029829330169238,0.09318363867126979,0.73,2.7,0.00255,0.6890753528346186,1.170240044593811,0.504997167898261,0.49500284143116163
31,0.004847736988702546,0.06764458780703338,0.0705831845169482,0.004542242596821429,0.0657175094462358,0.0672970528785999,0.721,2.69,0.002535,0.6889038371003192,1.172627329826355,0.5080202683158542,0.49197974438252656
32,0.005066970154724043,0.06933103320391282,0.07298943504043247,0.008276253526743788,0.08826943959754247,0.09045538220268029,0.712,2.68,0.00252,0.6885804974514506,1.1749985218048096,0.5061917076940122,0.49380829230598783
33,0.006110435572412351,0.07536643153947332,0.07886342380357825,0.005655562290205405,0.07349875368751012,0.07654299185826229,0.703,2.67,0.0025050000000000003,0.6884780453599018,1.1777786016464233,0.5082976828450742,0.49170232052388396
34,0.0061125941615065805,0.07521118126485658,0.07856803730778072,0.00956353624888624,0.0938590091581528,0.09568661580292079,0.694,2.66,0.00249,0.6885719734689464,1.182865023612976,0.5091033868167711,0.4908966204394465
35,0.00640122432909582,0.077046706819016,0.07999640379263007,0.006930351328964417,0.08235062114321269,0.08664731867611408,0.685,2.65,0.002475,0.6885432746099389,1.1859506368637085,0.5070143642632857,0.4929856378099193
36,0.005334772208057668,0.07118828361449034,0.07447021765553433,0.006648513112360468,0.07924855815676543,0.08154566414081134,0.6759999999999999,2.64,0.00246,0.6883408826330434,1.1889452934265137,0.5088765408681787,0.4911234529122062
37,0.005208878543065942,0.06980838211982146,0.07306491181902264,0.005373048936375058,0.07124970022302407,0.07270682072983338,0.667,2.63,0.002445,0.6881307415340258,1.1914284229278564,0.5083024439604386,0.49169755448465763
38,0.005181402073282263,0.06946274453531141,0.07244706827661265,0.00516373737124153,0.07018431204442795,0.07139894437904541,0.6579999999999999,2.62,0.00243,0.688033501998238,1.1943862438201904,0.5105180035466733,0.48948198660560277
39,0.004201241930865724,0.0631343811750412,0.06540480359740879,0.004968085281479244,0.06906990262751396,0.07142141833901405,0.649,2.61,0.002415,0.687951107647108,1.1965644359588623,0.510687483911929,0.4893125184204267
40,0.003960407909977696,0.06117292791604996,0.06383011451233989,0.004435615157350325,0.06427533881595501,0.06497746075575168,0.6399999999999999,2.6,0.0024000000000000002,0.6877691621365755,1.1983556747436523,0.5108773620232292,0.48912263123885447
41,0.003959372734812939,0.06121190666504528,0.06391849757536598,0.004586591725595868,0.06601815341183773,0.06695951836613509,0.631,2.59,0.002385,0.6877659175706946,1.2015511989593506,0.511908351338428,0.4880916481432707
42,0.0044413964608279255,0.06467020006283469,0.06775882237631342,0.0043314990247241576,0.06404039894159023,0.06689115556386802,0.622,2.58,0.00237,0.6875623459401338,1.2034856081008911,0.5123405612033346,0.48765944475712986
43,0.003290820233118923,0.05574428562236869,0.058159235314182614,0.0034704007378492793,0.05728179832490591,0.05883083750422184,0.613,2.57,0.0023550000000000003,0.687359677190366,1.2057883739471436,0.5136282889739326,0.48637171802313434
44,0.003539874728607095,0.05777265701604926,0.06069655755291815,0.004797563306055963,0.06749290858323757,0.0683931502012106,0.604,2.56,0.00234,0.6875962335130442,1.2082675695419312,0.5132092574368352,0.4867907389350559
45,0.004028756782898437,0.06167910105508307,0.0645149789750576,0.004362750914879143,0.06385796502805673,0.06710458518220828,0.595,2.55,0.002325,0.6873752096424932,1.211106300354004,0.5130448688631473,0.48695512906364774
46,0.004032451801163995,0.06164255705864533,0.06495722778465436,0.004527007247536228,0.06598289024371368,0.06940280044308075,0.586,2.54,0.00231,0.6868831613789435,1.2131232023239136,0.5166964297709258,0.4833035702290742
47,0.003801650246200354,0.06002160239478816,0.06283588584350502,0.004894210106263367,0.06844983636759795,0.06973163325052995,0.577,2.5300000000000002,0.002295,0.6871278244516124,1.2150828838348389,0.5172426389611285,0.4827573589656664
48,0.004853153508156538,0.06710449139709058,0.07080199711996576,0.005930911463040572,0.07524895825638221,0.07771034810978633,0.5680000000000001,2.52,0.00228,0.6872621038685675,1.217409610748291,0.5177514641181282,0.48224853665932366
49,0.0036952425867481076,0.05857715460917224,0.061671134408401405,0.004534417436493991,0.06487261260358188,0.0648310026870324,0.5589999999999999,2.51,0.002265,0.6870027578395346,1.219525933265686,0.5160661293112714,0.4839338756125906
50,0.003043396938997118,0.053241108487481655,0.05530457943677902,0.0031323279791439953,0.05410660731677826,0.055571857266701184,0.55,2.5,0.0022500000000000003,0.6869506763375324,1.2221086025238037,0.5173856248026308,0.4826143881549006
51,0.004193454792561091,0.06208205767299818,0.06454263005567634,0.003566888214733738,0.058820767184862725,0.06161681161477016,0.5409999999999999,2.49,0.002235,0.6866940721221592,1.2244021892547607,0.5180042318675829,0.481995768909869
52,0.0037478806896378163,0.05946227600393088,0.06174637591061385,0.003515798535842735,0.05542973128075783,0.05719146576638405,0.532,2.48,0.0022199999999999998,0.6867968652559363,1.2264662981033325,0.5172926539960114,0.48270734470823534
53,0.0029298056969824043,0.052421226773573006,0.05437857119933419,0.0030489003357405844,0.053565613925457,0.05462453972834807,0.5229999999999999,2.4699999999999998,0.002205,0.6865427722101626,1.2277599573135376,0.5189419217731641,0.48105808185494464
54,0.0030358445283997317,0.05325493715379549,0.05543535183305326,0.003955996743080994,0.06039404754455273,0.06047849801297371,0.514,2.46,0.00219,0.6863872450330983,1.229392409324646,0.5187640895014224,0.4812359136083852
55,0.003711948940611404,0.05855612404968428,0.061033808310394705,0.0038087583648470733,0.06098040465552073,0.06425120681524277,0.5049999999999999,2.45,0.002175,0.6861518263816834,1.2316572666168213,0.5203860516133516,0.4796139413895814
56,0.0031480119968562022,0.054578059652577275,0.057087256014347075,0.004507142320597688,0.06470671095527135,0.06600736511441377,0.4959999999999999,2.44,0.00216,0.6862909565801206,1.2333698272705078,0.5199446299801702,0.48005537157473355
57,0.0032548968639710676,0.05540924331416255,0.05782464512664339,0.0031133792586982823,0.053779554481689744,0.05440887264334238,0.487,2.43,0.002145,0.6861942161684451,1.235428810119629,0.5204295033993929,0.4795704971189084
58,0.002652403663681901,0.04999888759592305,0.05206392886845962,0.004142886529175134,0.06241607293486595,0.06330008246004581,0.478,2.42,0.00213,0.686194198027901,1.237337589263916,0.5204677405564682,0.47953225840692937
59,0.0031392990591247445,0.054111315180426056,0.056116358061199606,0.003506441179734583,0.05840047291265084,0.060760232548301034,0.469,2.41,0.002115,0.6859794336816539,1.2389172315597534,0.5211829750434213,0.47881702521572944
60,0.002534715572129125,0.04864179524390594,0.05077004944500716,0.0022539368969424125,0.04548144505287592,0.046700471439040624,0.45999999999999996,2.4,0.0021000000000000003,0.6858741397443024,1.2412114143371582,0.5221033065215401,0.47789668855459794
61,0.003124183068132919,0.054305227521968924,0.05674175623318423,0.002975935335808362,0.0518038052922258,0.05160299645593533,0.45099999999999996,2.39,0.002085,0.6852495167566383,1.2425789833068848,0.5257347552672677,0.4742652468059374
62,0.002344879129415621,0.046712720847648125,0.04831799158583517,0.0031116439786273986,0.0539867882258617,0.054118338255928114,0.44199999999999995,2.38,0.00207,0.6855161506196726,1.244439721107483,0.5243939845458321,0.4756060193414273
63,0.0028692418091889956,0.05180808454751969,0.05368976891040802,0.004124907745370785,0.062286993918510586,0.06261034338520123,0.43299999999999994,2.37,0.002055,0.6853294818297676,1.2460267543792725,0.5250115518984587,0.4749884486198425
64,0.0035646763721318996,0.05754044370158859,0.05994722574301388,0.0028689536758555244,0.05130664610232298,0.05309572357397813,0.42399999999999993,2.36,0.00204,0.6855649284694506,1.247554063796997,0.5249641905660215,0.47503580787907473
65,0.0025778159924337396,0.0491661742977474,0.05106311135965845,0.0034780588914425327,0.056641933436577134,0.056570580372443564,0.4149999999999999,2.35,0.002025,0.6851637793623883,1.249901294708252,0.5257298137830652,0.4742701978787132
66,0.003007557876813023,0.05204208447881367,0.0534891446971375,0.003347540923501723,0.05526275932788849,0.05618825640815955,0.4059999999999999,2.34,0.00201,0.6852404257525568,1.2514597177505493,0.5250809368879898,0.4749190662218177
67,0.002671396459007393,0.05012504941095477,0.052118699058242464,0.002354275063575747,0.04734443994955374,0.04835698209129847,0.3969999999999999,2.33,0.0019950000000000002,0.6850260382113249,1.2531291246414185,0.5272325971852179,0.4727674059245897
68,0.002400904478829192,0.04750751231027686,0.04927922694579415,0.0025641229764844934,0.04909473499999596,0.05101495422422886,0.3879999999999999,2.32,0.00198,0.6850226485210916,1.2534892559051514,0.5274151459984158,0.47258485866629557
69,0.0024217410154802645,0.047650575896968014,0.0496170848608017,0.002257629924525435,0.04611804959579156,0.04697466068542921,0.379,2.31,0.001965,0.6845583283382913,1.2555348873138428,0.5289493498594865,0.4710506573967312
70,0.002115641999989748,0.044690146847911505,0.04636528835348461,0.002383971215189936,0.04658571709520542,0.046868110505434185,0.37,2.3,0.0019500000000000001,0.6847259505935337,1.2565265893936157,0.528595421106919,0.4714045734509178
71,0.002203914683069224,0.04518494683763255,0.04688169742408006,0.003007143382162142,0.05301342775615362,0.05387317188657247,0.361,2.29,0.001935,0.6844435899154,1.258334755897522,0.5299346177474312,0.47006537914276125
72,0.002348327892832458,0.046956539801929306,0.04859410634507304,0.003322854017964206,0.055134634487330914,0.05536238175745194,0.352,2.2800000000000002,0.00192,0.6845736182254294,1.259653091430664,0.5300217970557835,0.46997820242591526
73,0.0034244142594220847,0.0558235623266386,0.057868941322616906,0.003018893113431449,0.05370737612247467,0.056023914653521314,0.34299999999999997,2.27,0.001905,0.6849177635234335,1.2608519792556763,0.528054130077362,0.47194586992263793
74,0.002687154295246886,0.0496219920075458,0.051578164359797604,0.0037250033570811725,0.05661510246304365,0.05580287885207396,0.33399999999999996,2.26,0.00189,0.6844718580660613,1.2627208232879639,0.5307772014452063,0.469222803219505
75,0.0023642305932615112,0.04685650752938312,0.04838356168373771,0.0020567987275381503,0.0431593253205602,0.044140731127789386,0.32499999999999996,2.25,0.001875,0.6843224001967388,1.2639756202697754,0.5315284169238547,0.4684715872225554
76,0.002204769748546507,0.045079737772112306,0.046476703752642096,0.0023184950248553203,0.04701953281003695,0.048197910762750186,0.31599999999999995,2.24,0.00186,0.6839216792065165,1.265162706375122,0.5321587282678355,0.4678412701772607
77,0.002121188521952085,0.04438349432919336,0.04576162676448407,0.0028766674200037066,0.05088370486807365,0.0520452309686404,0.30699999999999994,2.23,0.001845,0.6838931576065396,1.26633620262146,0.5326891209768212,0.4673108800597813
78,0.0018051337400127364,0.040981464120356935,0.04230325419617736,0.0016629906391384653,0.038466705582462825,0.038177841987747416,0.29799999999999993,2.2199999999999998,0.00183,0.6840083049691241,1.267557144165039,0.5327109772226085,0.46728902640550035
79,0.002026344328592329,0.043143599059270774,0.04484359596086585,0.00196457424093611,0.041607329406990454,0.04158406239002943,0.2889999999999999,2.21,0.001815,0.6836205404737722,1.2681910991668701,0.5346191592838453,0.4653808451217154
80,0.0018201481510439644,0.041114617236282514,0.042290912568569185,0.002617466511974971,0.04877807601140095,0.049744498629409536,0.2799999999999999,2.2,0.0018,0.6838022688160772,1.268923044204712,0.5330629846324091,0.46693701536759086
81,0.002143858557405031,0.04479361076069915,0.04630073195566302,0.0026110434846486896,0.04941962838459473,0.05039201060739847,0.2709999999999999,2.19,0.001785,0.6836212572844133,1.2700583934783936,0.5331338104994401,0.46686619416527125
82,0.0024780862114351728,0.04777441497730172,0.04950588523693707,0.002507734763919591,0.04629901796579361,0.045869232227022834,0.262,2.18,0.00177,0.6837578213733175,1.270933747291565,0.5333874111590178,0.4666125885818316
83,0.001798979349879791,0.040540348187736844,0.041573869728523755,0.002431689929485751,0.047635952583872355,0.048093341290950775,0.253,2.17,0.001755,0.6835840950841489,1.2722136974334717,0.5338662671006245,0.46613373523173124
84,0.0019126324661319022,0.04200822571697443,0.04356946938711664,0.0020646435642937343,0.04375246303299299,0.04387605118636902,0.244,2.16,0.00174,0.6839583863382754,1.2733074426651,0.5329964487448983,0.4670035533283068
85,0.0020697808358818293,0.043773200071376306,0.045501295315182724,0.002431118392940754,0.046416252779846005,0.04649675723451834,0.235,2.15,0.001725,0.6835992445116458,1.2750457525253296,0.5341195572977481,0.4658804452937582
86,0.0022761868201601116,0.045849865318640416,0.047372511385575584,0.0018748722191398533,0.04173682343501311,0.04237601598008321,0.22599999999999998,2.14,0.0017100000000000001,0.6831978860108748,1.2759801149368286,0.5366151612737905,0.4633848389853602
87,0.0016683791996911167,0.03919430274678313,0.04026725700368052,0.0028573584142857445,0.05176530147974308,0.052834898233413696,0.21699999999999997,2.13,0.0016950000000000001,0.6831144006355949,1.2767945528030396,0.5362541406050972,0.46374586250471034
88,0.0017228520930866185,0.04006687998771667,0.041387758922317754,0.002902270733522108,0.051183537436792485,0.05062800488219811,0.20799999999999996,2.12,0.00168,0.6829257353492405,1.2771565914154053,0.5370668121006178,0.46293318997258726
89,0.0015738612435677128,0.03823256152479545,0.03926123351506565,0.0017659642751543568,0.040408808523072645,0.04058414103033451,0.19899999999999995,2.11,0.001665,0.6830290193143098,1.2778586149215698,0.5365962318752123,0.4634037722711978
90,0.0015556593941848562,0.037939834756695705,0.03889376281396202,0.001832964270411489,0.040767653057208426,0.041198630387393326,0.18999999999999995,2.1,0.00165,0.6831375308658766,1.2789877653121948,0.5361056706179743,0.4638943278271219
91,0.0016814179809602058,0.0392951377707979,0.04047126044397769,0.001768217067225263,0.040007487225991026,0.03974078258929344,0.18099999999999994,2.09,0.001635,0.6830876018690026,1.2802366018295288,0.5370686126791913,0.46293138421100116
92,0.0015124084539306552,0.03748549919413484,0.0384082054314406,0.0019180964333757472,0.04190515676656595,0.04400062274474364,0.17199999999999993,2.08,0.00162,0.6826594912487528,1.2804276943206787,0.5381269102511199,0.46187309700509777
93,0.0021660943130922057,0.04414288395124933,0.04548795605483263,0.0017743760746760438,0.040181517672653384,0.04052207332391005,0.16299999999999992,2.07,0.0016049999999999999,0.6830497171567834,1.2815871238708496,0.5368546045344809,0.46314539935277854
94,0.0016548954041512764,0.039023639229328735,0.040164107958907666,0.0022038155786084155,0.04499486819482767,0.04574405881934441,0.15400000000000003,2.06,0.00159,0.6829154367032259,1.2820926904678345,0.5368838294692662,0.46311616975328196
95,0.0015949311342252337,0.03834922459462414,0.03933001763146857,0.0019437871524132788,0.04216844273301271,0.042836469813035086,0.14500000000000002,2.05,0.001575,0.6828597068786622,1.2828515768051147,0.5377828618754511,0.4622171365696451
96,0.0014358900750622802,0.03648197654148807,0.03750940502985664,0.0015438244982550924,0.03664248809218407,0.03640732111839148,0.136,2.04,0.0015600000000000002,0.682867779939071,1.283507227897644,0.5378638796184374,0.4621361193449601
97,0.0015188695731289362,0.037315402989802154,0.03830109484817671,0.0022485075460281223,0.04341084660532383,0.04306989951202503,0.127,2.0300000000000002,0.0015450000000000001,0.6826403648956962,1.284250020980835,0.5387099276418271,0.46129007391307664
98,0.0014992066051649012,0.03730878342428933,0.038358078961787015,0.0017579480537768598,0.03922692457070717,0.03919892335453859,0.118,2.02,0.0015300000000000001,0.6826930222303971,1.284966230392456,0.5383696773777837,0.4616303236588188
99,0.0015081370016559958,0.037224339110695795,0.03808338350575903,0.001813282379701447,0.04059544348945984,0.04102069082168432,0.10899999999999999,2.01,0.001515,0.6820743540058966,1.2854682207107544,0.540859199606854,0.45914080505785737
100,0.001507794328600816,0.03713694950160773,0.03796837440003519,0.0018976377457595216,0.04024240238448748,0.040053589771000236,0.1,2.0,0.0015,0.6823518747868745,1.2860649824142456,0.5394287886826888,0.46057120820750364
101,0.0016429945047053954,0.038759705294733465,0.03962680367024048,0.0016600659616345253,0.03731299198877353,0.03700762070142306,0.1,1.99,0.001485,0.6820427827213121,1.2865424156188965,0.5406623762586843,0.4593376208906588
102,0.0013979667008085096,0.03597779309620028,0.037012773298698926,0.0018181006553976869,0.04039031360298395,0.0405345677326505,0.1,1.98,0.00147,0.6819211949472842,1.2867755889892578,0.5415243744850159,0.45847563017969545
103,0.0014448061352595686,0.03647562200608461,0.03757067504136459,0.0019470370182086928,0.04163494906746424,0.04144012576972063,0.1,1.97,0.001455,0.681877324892127,1.2873473167419434,0.5413614791372549,0.4586385208627452
104,0.001400857518993966,0.035733316579590675,0.036419008996175686,0.0022776783869351046,0.04438065028247925,0.04428495910878365,0.1,1.96,0.0014399999999999999,0.6821174745974333,1.2881412506103516,0.5403791562370632,0.45962084428123806
105,0.0013581442555574618,0.03535901220596355,0.03611321744063626,0.0019491471959134708,0.04179910197854042,0.04279240664954369,0.1,1.95,0.001425,0.6818218132723932,1.2887834310531616,0.5415123022120932,0.45848770063856376
106,0.001482217609072509,0.03675592208038206,0.03746701462761216,0.0016935726363534252,0.03844835996054686,0.038989593561452165,0.1,1.94,0.00141,0.6815344344014707,1.28939950466156,0.5424523540165114,0.4575476397638736
107,0.0012924392363461463,0.03432815538152405,0.03503224856179694,0.0017159826865491385,0.039079282217873976,0.039228129845399126,0.1,1.93,0.001395,0.6816641232241755,1.2896815538406372,0.5418200731277466,0.45817992635395216
108,0.001551673527928474,0.037733059182115225,0.038730667013189064,0.0017343408253509551,0.039341514357007466,0.03902887660436905,0.1,1.92,0.00138,0.681539885894112,1.2900959253311157,0.5425662289495053,0.4574337713096453
109,0.001518313535084219,0.03719136335927507,0.038180413842201236,0.002065107979713223,0.04294501202037701,0.04353994546601406,0.1,1.91,0.001365,0.681845063748567,1.2907880544662476,0.5416977156763492,0.45830228976581405
110,0.0012558263139394313,0.03386516742732214,0.034540455367254176,0.0018761871727362562,0.04016720439092471,0.04027276722571024,0.1,1.9,0.0013499999999999999,0.6816495864287667,1.291324496269226,0.541982324745344,0.45801768251087355
111,0.0012394332919148324,0.03358700469784115,0.03418365933972856,0.0015984589263098314,0.03579349500628618,0.035233583802787155,0.1,1.89,0.0013349999999999998,0.6814761436503867,1.2918533086776733,0.5426838843718819,0.4573161171830219
112,0.001182293634780723,0.03288270209146583,0.03355593574435815,0.001389736925305512,0.03505647053512243,0.03534739263928854,0.1,1.88,0.0013199999999999998,0.6811499284661334,1.2925115823745728,0.5437657734622126,0.45623423172079997
113,0.0011729100486263632,0.032638599399639215,0.03320152344910995,0.0015155536418135923,0.035172479012264654,0.03550381843860333,0.1,1.87,0.0013050000000000002,0.6811207740203195,1.292829990386963,0.5435312053431636,0.45646879880324653
114,0.0012197786840893652,0.03319094436972038,0.03392936467476513,0.0016990814205760567,0.03720424281289944,0.03735224959942011,0.1,1.86,0.0012900000000000001,0.6812175802562548,1.2931509017944336,0.5438088323758996,0.45619116710579916
115,0.0012549836664339123,0.03395516932334589,0.034818697672175325,0.0014486905207517198,0.03426860709889577,0.03396864636586262,0.1,1.85,0.001275,0.6813046724899955,1.293411374092102,0.5429935745570971,0.4570064319216687
116,0.0010767106260375484,0.03126854622817558,0.031808685381775316,0.001425345821189694,0.034485771822241634,0.03446262143552303,0.1,1.84,0.00126,0.6809458209120709,1.293640375137329,0.5444393230521161,0.45556068239004716
117,0.0012591166735586264,0.03381743301515994,0.034498612323532934,0.0013444914813869847,0.03399602330934543,0.03397519184419742,0.1,1.83,0.0012450000000000002,0.6807822714681211,1.294132113456726,0.5444271735523059,0.4555728357771169
118,0.0012070874572205155,0.03319294391118962,0.03380343599811844,0.0015438079471305872,0.03703421125045189,0.03721310714116463,0.1,1.82,0.0012300000000000002,0.6808631990266882,1.2943280935287476,0.5444605163905931,0.45553948101790054
119,0.0011677676163937734,0.03270862624049187,0.033274911020113075,0.001378625542901528,0.034473297329476245,0.03449412643049772,0.1,1.81,0.0012150000000000002,0.6807884097099304,1.2947285175323486,0.5447388783745144,0.4552611177382262
120,0.0009948921440493153,0.029989743815815966,0.030373618557401325,0.0015761782818187315,0.03768943228687231,0.037968431384517595,0.1,1.8,0.0012000000000000001,0.6806238304013791,1.295034646987915,0.5452434975167979,0.45475650066914763
121,0.0012072206707671284,0.033024034616739854,0.03346810619468275,0.001524356755768307,0.037464709379352056,0.03787891960774477,0.1,1.79,0.001185,0.6807773455329563,1.2954034805297852,0.5444183551746866,0.4555816427521084
122,0.0011396904541786921,0.03216670492421026,0.03284099879472152,0.0011894332442002802,0.03152376015742238,0.031076962271561988,0.1,1.78,0.00117,0.6805680824362713,1.2958626747131348,0.5449414134025574,0.4550585868565933
123,0.001129577860094445,0.032037861483252564,0.03264879927687023,0.0014079890131072786,0.034534797144050784,0.034424882740355454,0.1,1.77,0.001155,0.6805206666822019,1.2963893413543701,0.5450245820957681,0.4549754230872444
124,0.00100915455158152,0.03022350140887758,0.03073097648827926,0.0014089261116728617,0.03517960896715522,0.03475497519740692,0.1,1.76,0.00114,0.6807644698930824,1.2966324090957642,0.5445699230484341,0.4554300772107166
125,0.0009786617471431584,0.029705992600192195,0.030090358173069747,0.0013126396370353177,0.03267216460349468,0.032240902360242144,0.1,1.75,0.0011250000000000001,0.6804988197658373,1.2969101667404175,0.5450988199399865,0.454901179023411
126,0.0009650956307861792,0.02949643922240838,0.0299561758728131,0.0011968317300600645,0.03139384843122501,0.030885028581206616,0.1,1.74,0.00111,0.680514735760896,1.2972429990768433,0.5451434912888901,0.45485650922941123
127,0.0010297631693032125,0.030452403037444405,0.03086534330378408,0.0012483939297873383,0.03256577095733239,0.0325274749730642,0.1,1.73,0.001095,0.680329678369605,1.2974077463150024,0.5457832507465197,0.45421675910120424
128,0.0009552520502399167,0.02923264738334262,0.029593059177631918,0.0011327594183967449,0.03078572742211131,0.030432065948843956,0.1,1.72,0.00108,0.6803522783776988,1.297723412513733,0.545060908794403,0.45493908965069313
129,0.0009580108676227214,0.02934031674395437,0.029702018201351165,0.0013428068475779863,0.03274076718550462,0.03202677819018181,0.1,1.71,0.001065,0.6800331955370695,1.2980743646621704,0.5463364627050317,0.45366354092307715
130,0.0010260614141335955,0.03045935060666955,0.030923996282660442,0.00120059644149688,0.03177823799733932,0.031680506152602345,0.1,1.7,0.00105,0.6799412779186083,1.298179030418396,0.5466796299685602,0.45332036925398783
131,0.0009659520279535133,0.029565198201200238,0.029947723091944406,0.0012670742300822614,0.032531921178675614,0.03217698934559639,0.1,1.69,0.001035,0.6798526618791663,1.2985223531723022,0.5467478943907697,0.45325210560923035
132,0.0009252895530232269,0.02883544816918995,0.029181616040675536,0.0012507230791155822,0.032377854419442326,0.03219642024487257,0.1,1.68,0.00102,0.6798201291457466,1.2986329793930054,0.5467197848402936,0.45328021256820017
133,0.0009949212726812972,0.02948923125539137,0.02970687776156094,0.0011101611156706125,0.030288075670026816,0.029647323517845228,0.1,1.67,0.0010049999999999998,0.6797025296999061,1.2989599704742432,0.5470220783482427,0.4529779226883598
134,0.0009007979477958187,0.028368631620769916,0.028561572082664657,0.0012710574441231214,0.031769987482291,0.03132103541149543,0.1,1.66,0.00099,0.6795237826264423,1.2989516258239746,0.5476309475691422,0.4523690633151842
135,0.0009509879832520433,0.02929122088396031,0.029698922744263775,0.0011311018886492373,0.031210565796265237,0.0312727504911331,0.1,1.65,0.0009749999999999997,0.6795947028243023,1.2992457151412964,0.5472053823263748,0.4527946171553239
136,0.0008514251651080406,0.027483776244132414,0.027724783997172896,0.001243916260696446,0.03067986831928675,0.029987257833664235,0.1,1.64,0.0009599999999999999,0.6796417650969132,1.299410104751587,0.5467404541761979,0.45325954997021217
137,0.0008731969358885418,0.027742393995108812,0.02782267024335654,0.0011877223318711354,0.029707135453533668,0.029076336596447688,0.1,1.63,0.0009449999999999997,0.6793019227359606,1.2995609045028687,0.5480647729790729,0.4519352355728979
138,0.000860018054853477,0.02766795249088951,0.02790977888457153,0.0012282542156754062,0.03160974454994385,0.03107384728411069,0.1,1.62,0.0009300000000000003,0.6794755479563838,1.2997143268585205,0.547180812255196,0.45281918411669525
139,0.0008732396015978378,0.027958172106224557,0.028296685073038806,0.0011412508258497557,0.030071192564299472,0.02930824215022417,0.1,1.61,0.000915,0.6792440118996993,1.2998733520507812,0.5476473932680876,0.45235261087832246
140,0.0008585013616222726,0.027711356512230376,0.02797205610119778,0.0015779840312181758,0.035532098048581526,0.03490547857318933,0.1,1.6,0.0009000000000000002,0.6792403397352799,1.3000166416168213,0.547587904204493,0.45241209735041077
141,0.0009720019540628013,0.029327568217464114,0.029451812479806983,0.0012270346538011485,0.032203718267667755,0.03168565342919184,0.1,1.59,0.0008849999999999999,0.6790932981864266,1.300249457359314,0.5479060281877932,0.4520939790684244
142,0.0008064986479914059,0.026773961714428404,0.026989012600287146,0.0011104011243262973,0.02935458429587575,0.028696090269547243,0.1,1.58,0.0008700000000000001,0.6789768104967864,1.3003841638565063,0.5486090779304504,0.4513909225878508
143,0.0008019204347637361,0.02664108363830525,0.02676680745637935,0.0011872999334278016,0.03131816410817779,0.031108235510495994,0.1,1.57,0.0008550000000000003,0.6788084278935972,1.3004106283187866,0.5489502067151277,0.4510497925074204
144,0.0008352649312101953,0.02714146498752677,0.027246478815441545,0.0011023271340840997,0.030156030176350705,0.029659894223396596,0.1,1.56,0.00084,0.6787333514379419,1.300666332244873,0.5490458047908285,0.450954196245774
145,0.0008071854371456025,0.026742608019191285,0.02687805520127649,0.001006988443595429,0.028647829456111558,0.028040734549554493,0.1,1.55,0.0008250000000000002,0.6788023803545081,1.3007766008377075,0.5490117580994316,0.45098824112311653
146,0.0007898897919601396,0.026375196274855864,0.02644736702027528,0.001118234525515268,0.03021033717176089,0.029681679935982593,0.1,1.54,0.00081,0.6786188488421233,1.3008061647415161,0.5493358399557031,0.45066416185835134
147,0.0007665230816675593,0.025935202318689097,0.025997822440188865,0.0010192424832404447,0.028387070776751407,0.027744556633898847,0.1,1.53,0.0007950000000000001,0.6785748595776765,1.3010344505310059,0.5492161045903745,0.4507838959279268
148,0.0007581533266879294,0.025807708971526313,0.025864866926618244,0.001003814444769747,0.028497701833167903,0.027926626436125774,0.1,1.52,0.0007799999999999999,0.6783703166505565,1.301121473312378,0.549992355056431,0.45000763898310453
149,0.0007774821371244996,0.02593958935011988,0.025890893699682276,0.0011000344585716869,0.029748226336848278,0.02925934334500478,0.1,1.51,0.0007650000000000001,0.6782725603684135,1.301160216331482,0.5502160165620886,0.4497839852519657
150,0.0007283716867475406,0.025201972525404848,0.025173911257930424,0.0011030732701048972,0.029329488770319864,0.028424407212206952,0.1,1.5,0.0007499999999999998,0.6781725427378779,1.3012425899505615,0.5502587271773297,0.4497412756733272
151,0.0007100936658073055,0.02490322923530703,0.024835956129042998,0.0009980969110844084,0.027590398999074332,0.026891260264584653,0.1,1.49,0.000735,0.6780331751574641,1.3013383150100708,0.5504700391188911,0.44952996191771133
152,0.0007194625694588151,0.024963490924109582,0.024884009118313375,0.0011896509559637008,0.02988701596712837,0.028986377498278253,0.1,1.48,0.0007200000000000002,0.6779029110203618,1.301491379737854,0.5509095083112302,0.44909049220707103
153,0.000711972979352931,0.02485971974775843,0.02479635302139365,0.0010955115962692967,0.02967648645146535,0.028818643651902676,0.1,1.47,0.0007049999999999999,0.6778355484423431,1.301613211631775,0.5509272813796997,0.44907271395558895
154,0.0007168735458475093,0.025035175114222194,0.025006651505827905,0.0009722051550992406,0.027250291063235357,0.02645242207038861,0.1,1.46,0.0006900000000000001,0.6780058549798054,1.301746129989624,0.5502095906630806,0.4497904085594675
155,0.0007076232213243519,0.024628438832967177,0.024471938901621363,0.0010757199964315917,0.02840053791610094,0.027611678609481223,0.1,1.45,0.0006749999999999998,0.677858657422273,1.3017339706420898,0.5505236117736153,0.4494763890038366
156,0.0006995633593760431,0.0245316121565259,0.024420778712500698,0.001047574077697041,0.02856216848326417,0.02792035351292445,0.1,1.44,0.00066,0.6776009435239045,1.3018194437026978,0.5512505365454632,0.4487494637136874
157,0.0007009305986170859,0.02453305109039597,0.024354224133750667,0.0009916206103158542,0.02764244259406741,0.02683446678118064,0.1,1.43,0.0006449999999999997,0.6776802259942759,1.3019112348556519,0.5509504302688267,0.44904956662136575
158,0.0006849382189102471,0.02437373506634132,0.024265462062928986,0.0012374347660135334,0.030283037680559434,0.029465832819159214,0.1,1.42,0.0006299999999999999,0.6774678893711256,1.3019981384277344,0.5513349051060884,0.4486650923024053
159,0.0006940374545672018,0.024481270219320835,0.024348316536001537,0.0011818486343075235,0.02870359977420706,0.027637393428729132,0.1,1.41,0.0006150000000000001,0.6774265973464303,1.3020691871643066,0.5513842131780542,0.44861578267553576
160,0.000682659404170092,0.02420961994515813,0.024012022465467454,0.0009993650864299315,0.027310008792063363,0.026457495271013334,0.1,1.4,0.0005999999999999998,0.6772601329762002,1.30213463306427,0.5518720507621765,0.44812794716461846
161,0.0006628327218451254,0.023893983807900677,0.023718636936467627,0.0010377941289334558,0.027683435903432276,0.026858151317215882,0.1,1.39,0.000585,0.6772343785866447,1.3021769523620605,0.5516717755276224,0.4483282255089801
162,0.0006867171789053828,0.02431157064502654,0.024205518254767293,0.0009943702596221836,0.027135088932342254,0.026283405757007692,0.1,1.38,0.0005699999999999998,0.6771155720171721,1.302215576171875,0.5518205404281616,0.4481794616450434
163,0.0006617344012382724,0.023838333413004877,0.02368552208594654,0.0010110570393198242,0.02729119113288247,0.026415846023995142,0.1,1.37,0.0005550000000000004,0.677111960494,1.3023070096969604,0.5518975802089857,0.448102417199508
164,0.0006602421182754409,0.023831722885370256,0.023665056183286334,0.0009824055971246427,0.02720554069114419,0.026501348672004845,0.1,1.36,0.0005400000000000001,0.676877676922342,1.3022907972335815,0.5523128214089766,0.447687180923379
165,0.0006534635448706863,0.02370767376345137,0.023530284930830415,0.0010018944706714067,0.027499771032195825,0.02678602783439251,0.1,1.35,0.0005250000000000003,0.6768378480621006,1.3023295402526855,0.5522820451985235,0.4477179599844891
166,0.0006454123520677019,0.023499855544904004,0.023274123182763225,0.0009599416914100472,0.026563396856475335,0.025630263396753714,0.1,1.34,0.00051,0.6767144648925117,1.3023982048034668,0.5526011523993118,0.4473988543386045
167,0.0006350097975329213,0.02332803030376849,0.023096621263286342,0.0009997676757988161,0.02686520103508463,0.02598577569453762,0.1,1.33,0.0004950000000000002,0.6766073382419089,1.3024213314056396,0.5526502194611923,0.4473497872767241
168,0.0006435978185871373,0.023358722889552947,0.02308560483481573,0.0009286626429037334,0.02623700791110213,0.025353170322397582,0.1,1.32,0.00047999999999999996,0.6765041226926057,1.3024932146072388,0.5529121414474819,0.44708785881166874
169,0.0006245892034317164,0.023007793692143067,0.022754181532756143,0.0009497263554994089,0.026716648135334253,0.025824602406758528,0.1,1.31,0.00046500000000000014,0.6764454914175946,1.302533507347107,0.5529057228046915,0.4470942797868148
170,0.0006380843573108154,0.02321288164543069,0.02293695888441542,0.0009720780032624204,0.02654063064031876,0.025587129299170695,0.1,1.3,0.0004499999999999999,0.6763532400131226,1.3025225400924683,0.5529347393823707,0.44706526683724446
171,0.000639265737719024,0.02320647685100203,0.022952172646056052,0.0009760835259490145,0.027055319470281784,0.02619471361574072,0.1,1.29,0.00043500000000000006,0.676231869407322,1.302560567855835,0.5532625861789869,0.4467374174491219
172,0.0006185477865232236,0.022959758713841438,0.022741766273975374,0.0009237044712510676,0.0261306744427062,0.025268259135862954,0.1,1.28,0.00042000000000000023,0.6761517104895218,1.3026041984558105,0.5532719000526096,0.4467281004656916
173,0.0006119206259229585,0.02275757243775803,0.022483777902696445,0.000896795169235422,0.026162042533262417,0.025294111110270023,0.1,1.27,0.000405,0.6760777888090714,1.3026195764541626,0.5532932867174564,0.4467067070629286
174,0.0006226527666592079,0.022897835529368856,0.022585474829310958,0.0009795188055319998,0.026527938827012595,0.025589887518435717,0.1,1.26,0.00039000000000000016,0.6758607615595279,1.3026295900344849,0.5538534698279007,0.4461465343185093
175,0.0006180724274599924,0.02289102574729401,0.022597979511255802,0.000971772540371883,0.026722919661551714,0.025866981237553634,0.1,1.25,0.0003749999999999999,0.6758170957150667,1.3026419878005981,0.553746473789215,0.44625352828398995
176,0.0006045223704701209,0.02262370722449344,0.0223277044037114,0.0009329759262842485,0.02653280394868209,0.02566858710577855,0.1,1.24,0.0003600000000000001,0.6757872244586115,1.3027201890945435,0.5537304898966914,0.44626950854840486
177,0.0006001344813621076,0.022551617868568585,0.022255584435618442,0.0009677283747945554,0.026836475142492697,0.02593587374744507,0.1,1.23,0.0003449999999999998,0.6756182712057363,1.3027158975601196,0.5539754629135132,0.4460245433061019
178,0.0006084638430089083,0.022678008740362913,0.022376546717208366,0.0009312533231702849,0.026092925037329014,0.025177685973735955,0.1,1.22,0.00033,0.6755717396736145,1.3027129173278809,0.5539764839669933,0.4460235155147055
179,0.0006036505891445457,0.022598541285032813,0.02229804380432419,0.0009156492829228787,0.026001993817492172,0.025094396900385618,0.1,1.21,0.00031499999999999974,0.6753794011862382,1.3027158975601196,0.5543252100115237,0.4456747863603675
180,0.0005960038394930408,0.022361540745781814,0.02202149477341901,0.0009357446019398944,0.026032882384382762,0.025100415859084863,0.1,1.2,0.0002999999999999999,0.6752830215122388,1.3027522563934326,0.5544942907665087,0.44550570897434066
181,0.0005968649323736115,0.02241110453463119,0.02207498255631198,0.0009544803520279507,0.026121254795445845,0.025159574686907805,0.1,1.19,0.0002850000000000001,0.6751438114954078,1.3027576208114624,0.5546663170275481,0.44533368141754814
182,0.0005866388074102124,0.022257434301402257,0.0219316059804481,0.0009910518168068777,0.026462309026660826,0.02543866620040857,0.1,1.18,0.00026999999999999984,0.6751179964646049,1.3027772903442383,0.5545122519783352,0.4454877467259117
183,0.0005899864524785105,0.02227590372381003,0.02194983988352444,0.0009319711657903659,0.02606648665208083,0.025128839573321436,0.1,1.17,0.000255,0.6749602965686632,1.3028039932250977,0.5546770282413649,0.44532297383184016
184,0.0005860037252600507,0.022224070188467917,0.02190990302225818,0.0009482675511837722,0.02610141232323188,0.025137398427782152,0.1,1.16,0.00023999999999999976,0.6748768350352412,1.3028054237365723,0.5548810233240542,0.4451189777125483
185,0.0005877923759449597,0.022227800872338856,0.02189149991001772,0.0009142022502671282,0.02590449218853162,0.024994931147935297,0.1,1.15,0.00022499999999999994,0.6747808995454208,1.3028006553649902,0.5548469533091006,0.4451530453951462
186,0.000584345540214006,0.022147914329948632,0.02180187294016714,0.0009269573476138668,0.025745916216132734,0.0247667682930254,0.1,1.14,0.00020999999999999968,0.6745656397031701,1.3028104305267334,0.5552993846976239,0.44470061478407485
187,0.000580389565869194,0.022082532853212045,0.02174118399296118,0.000935575677711033,0.025975839951290533,0.025025913706765726,0.1,1.13,0.00019499999999999986,0.6744689195052437,1.3028150796890259,0.5552971155747123,0.4447028831295345
188,0.0005786728124012766,0.022066014162872148,0.0217204661472984,0.0009705618033946778,0.02628704608203127,0.025297516025602818,0.1,1.12,0.00018000000000000004,0.6743442597596542,1.3028180599212646,0.5554523219232974,0.4445476770401001
189,0.0005785488766496596,0.02201827805003394,0.021671302033507304,0.0009265607536340562,0.025917464544853337,0.024942188487889674,0.1,1.11,0.00016500000000000022,0.6742237080698428,1.3028455972671509,0.5555707547975623,0.44442925530931227
190,0.0005825030116323867,0.022112625400009363,0.021748911233051962,0.0009435172841431967,0.025955085069514237,0.024962086158876236,0.1,1.1,0.00014999999999999996,0.6740673941114674,1.3028388023376465,0.5558034990144812,0.4441965046136276
191,0.0005754668943826919,0.02197239157622275,0.021623288807661636,0.0009258885684875378,0.02587018724387655,0.024935868819459125,0.1,1.09,0.00013500000000000014,0.673917994291886,1.3028415441513062,0.5560451735620914,0.4439548264379087
192,0.0005763198529957267,0.022006404432265654,0.021650401470453842,0.0009363883179433357,0.02592115906568674,0.024940958318228904,0.1,1.08,0.00012000000000000031,0.6738306657127712,1.3028391599655151,0.5559499590293221,0.4440500445987867
193,0.0005749369817077304,0.021957068695970205,0.021595423992561258,0.0009394932575770116,0.025911696828328647,0.024925561872525856,0.1,1.07,0.00010500000000000006,0.6736823683199675,1.3028444051742554,0.5561558319174725,0.44384416626847306
194,0.0005755939460157052,0.02197224091252555,0.021617668397400692,0.0009293900718778156,0.025884959345253613,0.02491404080333618,0.1,1.06,9.000000000000024e-05,0.6734919029733409,1.3028461933135986,0.5564642533012059,0.44353574669879414
195,0.0005763202536162798,0.021983921025758205,0.021623165792097217,0.000949045629777874,0.026058737403498247,0.02508009536764943,0.1,1.05,7.499999999999998e-05,0.6733220535775889,1.3028450012207031,0.5565907504247583,0.44340925320335056
196,0.0005753471913403305,0.021966044815338176,0.021607122764639233,0.0009406287015456025,0.025958946977670375,0.024963989531478055,0.1,1.04,6.000000000000016e-05,0.6731597858926525,1.3028546571731567,0.556841840951339,0.4431581606035647
197,0.0005741368268069851,0.021958514821270238,0.021603639828770057,0.000961425084824441,0.026125532431671254,0.02512271713035611,0.1,1.03,4.49999999999999e-05,0.6730180507120879,1.3028521537780762,0.5568848869074946,0.4431151164614636
198,0.0005766112881246954,0.021969144694183183,0.021607460016789645,0.0009364343375357118,0.025912506183466084,0.024922470454699718,0.1,1.02,3.000000000000008e-05,0.6728415447732676,1.3028576374053955,0.5572003292000812,0.4427996697633163
199,0.0005754722089952101,0.021974878984948862,0.021615819681597793,0.0009432954930861553,0.025975418097984333,0.024988032662524626,0.1,1.01,1.4999999999999823e-05,0.6726572513580322,1.3028578758239746,0.557372714643893,0.4426272749900818
200,0.0005756519409655796,0.02197877238302127,0.021619153557264285,0.00094321244054859,0.025990763643326666,0.025003697293309066,0.1,1.0,0.0,0.6724644432897153,1.302858591079712,0.5575977957766989,0.44240220111349354
