model,dataset,rel_l2_mean,ci95_lo,ci95_hi,n_samples,nRMSE_aggregate,work_grid
fno_mf_stack,ifc_heat,0.04912568676807669,0.04788663449251305,0.05042000818668001,128,0.05055993675904347,"[64, 64]"
fno_mf_stack,ifc_poisson,0.3970922911657847,0.37506210667456696,0.4197586419164991,128,0.33789267313597576,"[64, 64]"
fno_mf_stack,poisson_local,0.004257559357498274,0.004082632646532829,0.004444788118872679,512,0.0037792133861614887,"[128, 128]"
fno_mf_stack,heat_local,0.0003480999752215973,0.00034135662953558996,0.0003553896166694103,512,0.00036419993012782914,"[128, 128]"
fno_mf_stack,fluid,0.019700517220590758,0.01881373983212521,0.02067490516141745,256,0.022474441863719233,"[64, 64]"
fno_mf_stack,era5,0.2921765867121534,0.24662128832129035,0.3363750778820247,7,0.2982973339013825,"[128, 256]"
fno_mf_stack,pm_test,0.2601121599941205,0.2196747924214693,0.29971541965063725,7,0.26561226925551257,"[128, 256]"
fno_mf_stack,advection_diffusion_generated,0.0008781969975529994,0.0008050410353347911,0.0009641569935995562,100,0.0009674895316895294,"[64, 64]"
fno_mf_stack,allen_cahn_generated,0.0018954023735768455,0.0017001605977849214,0.002109170635359493,100,0.0021657947643492392,"[1, 256]"
fno_mf_stack,burgers_generated,0.5860525896698283,0.49525365642088726,0.6887442258599561,100,0.49924239038886215,"[1, 256]"
fno_mf_stack,burgers_param_generated,1.878165042964115,1.5611651301360296,2.292341621021912,80,1.537796362903455,"[1, 256]"
fno_mf_stack,darcy_generated,0.05787389713565272,0.04857059879483587,0.06764341323569113,40,0.06357264019564186,"[128, 128]"
fno_mf_stack,heat_generated,0.0005752703639546542,0.0005398452663509045,0.0006132574788760703,100,0.0006103644002565436,"[64, 64]"
fno_mf_stack,lid_driven_cavity_generated,,,,,,
fno_mf_stack,poisson_generated,0.001051682596257509,0.0009595923071802178,0.0011542638663495776,100,0.0009838025177356519,"[64, 64]"
fno_coregionalization,ifc_heat,0.011103057895122581,0.0108651336421281,0.011376149379482125,128,0.011292482256251152,"[64, 64]"
fno_coregionalization,ifc_poisson,0.8158225259924017,0.8053865070161202,0.8261823805868805,128,0.7882977013169128,"[64, 64]"
fno_coregionalization,poisson_local,0.598236563856109,0.5820654401994493,0.6143683879059455,512,0.5331501466257175,"[128, 128]"
fno_coregionalization,heat_local,0.0035650899962193965,0.003518061328879052,0.0036152305426008667,512,0.0036171019924303824,"[128, 128]"
fno_coregionalization,fluid,0.01769799741444862,0.016887927124350614,0.01859451346173359,256,0.020091547807187162,"[64, 64]"
fno_coregionalization,era5,0.05376050588573711,0.05100225589850888,0.056603557258313474,7,0.05388916259216734,"[128, 256]"
fno_coregionalization,pm_test,0.05376050588573711,0.05100225589850888,0.056603557258313474,7,0.05388916259216734,"[128, 256]"
fno_coregionalization,advection_diffusion_generated,0.007215939017513778,0.00698226467650524,0.007469629510331169,100,0.007321326623232832,"[64, 64]"
fno_coregionalization,allen_cahn_generated,0.006613249466870866,0.0057197546084911755,0.007657196814427802,100,0.008280265048191833,"[1, 256]"
fno_coregionalization,burgers_generated,0.6234157358716604,0.5425743622749094,0.7118721551585161,100,0.5543944770178929,"[1, 256]"
fno_coregionalization,burgers_param_generated,1.4961939056775297,1.3541715521688533,1.6580836619892259,80,1.332513995352646,"[1, 256]"
fno_coregionalization,darcy_generated,0.0868616564494279,0.07668898173640108,0.09936458516725209,40,0.08754313862712478,"[128, 128]"
fno_coregionalization,heat_generated,0.002549855930606562,0.002446923678894767,0.00265492842337116,100,0.002616388066065795,"[64, 64]"
fno_coregionalization,lid_driven_cavity_generated,0.0025423589397822145,0.0023884660864776563,0.0027064521039361833,10,0.0025815562232477823,"[256, 256]"
fno_coregionalization,poisson_generated,0.28362251175476194,0.2644929398397671,0.30313102748669235,100,0.25987667461526726,"[64, 64]"
fno_coreg_residual,ifc_heat,0.02882718260871581,0.02585507230428391,0.03216298439680161,128,0.03582993924367149,"[64, 64]"
fno_coreg_residual,ifc_poisson,0.05762700977741528,0.05273375553144646,0.06269798477436636,128,0.05457294914286589,"[64, 64]"
fno_coreg_residual,poisson_local,0.004282529292831001,0.0038378206667240124,0.004778056787676095,512,0.004171932091978937,"[128, 128]"
fno_coreg_residual,heat_local,0.00023477205577314512,0.0002300143555394317,0.00024011469915373476,512,0.0002448802179150914,"[128, 128]"
fno_coreg_residual,fluid,0.021438031420691506,0.020523063409836884,0.022476858690871487,256,0.023732326674448204,"[64, 64]"
fno_coreg_residual,era5,0.09044292955694531,0.08697977885140694,0.09436653166241792,7,0.09055263748242352,"[128, 256]"
fno_coreg_residual,pm_test,0.09026819975257365,0.0867552403855582,0.09421186452852391,7,0.0903807757896437,"[128, 256]"
fno_coreg_residual,advection_diffusion_generated,0.004016837477605243,0.0037965833566102093,0.00426680321256524,100,0.004196813628978401,"[64, 64]"
fno_coreg_residual,allen_cahn_generated,0.005242017769989698,0.004895742947187095,0.005671953711899637,100,0.005592499559112673,"[1, 256]"
fno_coreg_residual,burgers_generated,0.5426013385655842,0.4637783327847462,0.6329564933311426,100,0.47334748281769484,"[1, 256]"
fno_coreg_residual,burgers_param_generated,1.51268578196385,1.3721197435272536,1.6848595558487522,80,1.2945495756999317,"[1, 256]"
fno_coreg_residual,darcy_generated,0.1436706986757502,0.12592394248290817,0.16399830356327125,40,0.15559474635896156,"[128, 128]"
fno_coreg_residual,heat_generated,0.0003836979205209641,0.0003572507785832043,0.0004143665683755345,100,0.0004085057931015875,"[64, 64]"
fno_coreg_residual,lid_driven_cavity_generated,,,,,,
fno_coreg_residual,poisson_generated,0.0012301915295496616,0.0010839791281330971,0.0014023427355526587,100,0.0011788176015544297,"[64, 64]"
fno_coreg_conditioned,ifc_heat,0.00562656759794366,0.005362213410482514,0.00591169587832455,128,0.00588018971222732,"[64, 64]"
fno_coreg_conditioned,ifc_poisson,0.7755485872736096,0.7580260740470882,0.7918335565303385,128,0.7532561163269389,"[64, 64]"
fno_coreg_conditioned,poisson_local,0.790053274573038,0.7796013825525334,0.800902730587447,512,0.7457274104009504,"[128, 128]"
fno_coreg_conditioned,heat_local,0.0007019907809844457,0.0006805288698598285,0.0007261423514900166,512,0.0007692433494258291,"[128, 128]"
fno_coreg_conditioned,fluid,0.016073844171573804,0.015224189256752787,0.01699403350868445,256,0.018789849251739255,"[64, 64]"
fno_coreg_conditioned,era5,0.045498871101490534,0.042670804102228864,0.04822806107223029,7,0.04563906517005154,"[128, 256]"
fno_coreg_conditioned,pm_test,0.045498871101490534,0.042670804102228864,0.04822806107223029,7,0.04563906517005154,"[128, 256]"
fno_coreg_conditioned,advection_diffusion_generated,0.0013860155393906276,0.0013016976664655278,0.0014782861893762453,100,0.0014578066545440794,"[64, 64]"
fno_coreg_conditioned,allen_cahn_generated,0.005854458322820356,0.0050061139714396696,0.006801543898139835,100,0.007430883654281644,"[1, 256]"
fno_coreg_conditioned,burgers_generated,0.4368878313167,0.3554206969310988,0.532167815373861,100,0.36669171115929916,"[1, 256]"
fno_coreg_conditioned,burgers_param_generated,1.36575278955414,1.2656286632533993,1.4687134422149377,80,1.3497957298107508,"[1, 256]"
fno_coreg_conditioned,darcy_generated,0.06420094734190913,0.055376143964625806,0.07450763486064084,40,0.0677489966329271,"[128, 128]"
fno_coreg_conditioned,heat_generated,0.0009268541333696906,0.0008846264121603976,0.0009711510639233325,100,0.0009519049759732292,"[64, 64]"
fno_coreg_conditioned,lid_driven_cavity_generated,0.006704113965033373,0.0062648958541719185,0.007162680750073865,10,0.006817790421219114,"[256, 256]"
fno_coreg_conditioned,poisson_generated,0.4882160920079863,0.4691472320701061,0.5066885604329623,100,0.4649895714315883,"[64, 64]"
fno_coreg_lf_hf_transfer,ifc_heat,0.01109763357311644,0.010868701611331525,0.011355100949313185,128,0.011260677180923601,"[64, 64]"
fno_coreg_lf_hf_transfer,ifc_poisson,0.8011934676987311,0.7901689496261403,0.8124784793786431,128,0.7770657850275552,"[64, 64]"
fno_coreg_lf_hf_transfer,poisson_local,0.9089222856015337,0.8637703588877806,0.9564555009594309,512,0.734083980074495,"[128, 128]"
fno_coreg_lf_hf_transfer,heat_local,0.0036830019999946665,0.003641006376624528,0.0037288205878888343,512,0.0037189214409457257,"[128, 128]"
fno_coreg_lf_hf_transfer,fluid,0.017305144020496877,0.016504951550574923,0.018189405036686892,256,0.019744097751415935,"[64, 64]"
fno_coreg_lf_hf_transfer,era5,0.05513262907262035,0.05196011517156917,0.05855627763164832,7,0.05529867605893692,"[128, 256]"
fno_coreg_lf_hf_transfer,pm_test,0.05513262907262035,0.05196011517156917,0.05855627763164832,7,0.05529867605893692,"[128, 256]"
fno_coreg_lf_hf_transfer,advection_diffusion_generated,0.027920161313982547,0.026897133574653682,0.02894686633980926,100,0.028398840793626482,"[64, 64]"
fno_coreg_lf_hf_transfer,allen_cahn_generated,0.007698420465782127,0.006537812929154128,0.009077910333892974,100,0.010023883509951764,"[1, 256]"
fno_coreg_lf_hf_transfer,burgers_generated,0.5402326705707489,0.4473530791108357,0.6581469668528509,100,0.4682990154587106,"[1, 256]"
fno_coreg_lf_hf_transfer,burgers_param_generated,1.3512093754668217,1.1980315916298814,1.520162436739378,80,1.2423165118057689,"[1, 256]"
fno_coreg_lf_hf_transfer,darcy_generated,0.09749924419023073,0.0858587508008838,0.10992026152487677,40,0.10920391461365526,"[128, 128]"
fno_coreg_lf_hf_transfer,heat_generated,0.003022431451294724,0.002918644581556722,0.0031301162985202264,100,0.003040122636167826,"[64, 64]"
fno_coreg_lf_hf_transfer,lid_driven_cavity_generated,0.007954333359692067,0.007385669846742398,0.008569381544685733,10,0.008112647164744555,"[256, 256]"
fno_coreg_lf_hf_transfer,poisson_generated,0.433570375693158,0.38372424772916647,0.4870419190623897,100,0.38564493883846335,"[64, 64]"
transolver_residual,ifc_heat,0.10314746287160759,0.09512529545412367,0.11100221832695979,128,0.11235604490309907,"[64, 64]"
transolver_residual,ifc_poisson,3.297699836733281,3.032232661710843,3.5779867588153467,128,2.8434228517361113,"[64, 64]"
transolver_residual,poisson_local,0.12945347505044405,0.12450709836012955,0.1346171126773226,512,0.10981883017742454,"[128, 128]"
transolver_residual,heat_local,0.005551847689971633,0.005470703092222256,0.005633545914099465,512,0.005685275776928712,"[128, 128]"
transolver_residual,fluid,0.018622805037497584,0.017623115125272794,0.019709150443288147,256,0.022192760166662166,"[64, 64]"
transolver_residual,era5,0.2636254222970819,0.2585736544660143,0.2696646172038565,7,0.263761424619778,"[128, 256]"
transolver_residual,pm_test,0.2640617492518852,0.2580465841766569,0.2711278605931277,7,0.26425611850744984,"[128, 256]"
transolver_residual,advection_diffusion_generated,0.00109186874531614,0.0010061272119264695,0.0011901473461193252,100,0.0011863036709250847,"[64, 64]"
transolver_residual,allen_cahn_generated,1.2199475315211599,1.0324668458691977,1.419240772676898,100,1.3528143620838817,"[1, 256]"
transolver_residual,burgers_generated,9.346807333130338,7.6019373117630185,11.26344585528648,100,4.172719255716274,"[1, 256]"
transolver_residual,burgers_param_generated,1.4431191315404295,1.229269041473516,1.7320986303219525,80,1.093259696073834,"[1, 256]"
transolver_residual,darcy_generated,0.03973182781494951,0.035810257322558055,0.0439516681272487,40,0.04214000545825249,"[128, 128]"
transolver_residual,heat_generated,0.0003195973981736133,0.00031524108473220656,0.00032507275577753125,100,0.00031965950553808684,"[64, 64]"
transolver_residual,lid_driven_cavity_generated,,,,,,
transolver_residual,poisson_generated,0.009419986164962178,0.008781881424906574,0.01012650248564113,100,0.008982678478208642,"[64, 64]"
transolver_attention_fusion,ifc_heat,0.11778052402514297,0.10494380828209963,0.131020462346997,128,0.14209834044049263,"[64, 64]"
transolver_attention_fusion,ifc_poisson,0.32548245288632693,0.2810025406924492,0.374366101839721,128,0.3135100242323253,"[64, 64]"
transolver_attention_fusion,poisson_local,0.5105958631247427,0.49006811096762803,0.5326022140129943,512,0.4389233456601136,"[128, 128]"
transolver_attention_fusion,heat_local,0.0008178889106716549,0.0007906858742326628,0.0008460541376899467,512,0.0008696252920945671,"[128, 128]"
transolver_attention_fusion,fluid,0.01989456344160826,0.01851410750149507,0.02151033400638545,256,0.023182606855365127,"[64, 64]"
transolver_attention_fusion,era5,0.42695392075095423,0.4124251352778669,0.44082736919241555,7,0.42735301492694405,"[128, 256]"
transolver_attention_fusion,pm_test,0.42695392075095423,0.4124251352778669,0.44082736919241555,7,0.42735301492694405,"[128, 256]"
transolver_attention_fusion,advection_diffusion_generated,0.0012746164081935637,0.0011704802884028843,0.0013945292384374701,100,0.0014021539324075123,"[64, 64]"
transolver_attention_fusion,allen_cahn_generated,1.224341523938261,1.0744120834605762,1.3791157794015678,100,1.3213054751276516,"[1, 256]"
transolver_attention_fusion,burgers_generated,1.0000635476792825,0.9999417603328592,1.0001830339808562,100,1.0000044910984764,"[1, 256]"
transolver_attention_fusion,burgers_param_generated,0.9999974156164226,0.999993597273464,1.000001304101561,80,0.9999996157981305,"[1, 256]"
transolver_attention_fusion,darcy_generated,0.07547629751846711,0.06472611143969054,0.08700443751706713,40,0.08362687894786965,"[128, 128]"
transolver_attention_fusion,heat_generated,0.00028992503444084125,0.00026612798380199073,0.00031832978800639013,100,0.0003137321659705426,"[64, 64]"
transolver_attention_fusion,lid_driven_cavity_generated,,,,,,
transolver_attention_fusion,poisson_generated,0.3185825021879632,0.28987256818916257,0.34994691317471366,100,0.2872886824729602,"[64, 64]"
v9_baseline,ifc_heat,,,,,,
v9_baseline,ifc_poisson,,,,,,
v9_baseline,poisson_local,0.43961474863440625,0.4279202586258804,0.4515791593080813,512,0.4009231847699647,"[128, 128]"
v9_baseline,heat_local,0.01479876376540222,0.014616066110864778,0.014987562574349824,512,0.014888856018228112,"[128, 128]"
v9_baseline,fluid,0.01971613829605473,0.018705027667359583,0.020808619468646095,256,0.023177577440560957,"[64, 64]"
v9_baseline,era5,0.3122459294644021,0.30824157864194596,0.3160235488450108,7,0.31226543154645264,"[128, 256]"
v9_baseline,pm_test,0.33865809243138717,0.33716564604138977,0.34042464770292674,7,0.33866889740715467,"[128, 256]"
v9_baseline,advection_diffusion_generated,0.00140852923857703,0.0012973254016192591,0.0015343086602926646,100,0.0015321299951449715,"[64, 64]"
v9_baseline,allen_cahn_generated,1.116974796966992,0.9028584977632927,1.3372749192734883,100,1.3918454428826497,"[1, 256]"
v9_baseline,burgers_generated,3.2379351396962197,2.732375987139106,3.7947022010882727,100,1.9812052498100305,"[1, 256]"
v9_baseline,burgers_param_generated,5.8969588391066905,3.5872072967957007,8.719481348985738,80,4.178424055552332,"[1, 256]"
v9_baseline,darcy_generated,0.10729695633825238,0.09746733128969057,0.11746186410933485,40,0.11083341988989179,"[128, 128]"
v9_baseline,heat_generated,0.0005068662381104976,0.00047132393127558426,0.000557642022237399,100,0.0005461517810734891,"[64, 64]"
v9_baseline,lid_driven_cavity_generated,,,,,,
v9_baseline,poisson_generated,0.04879423274122547,0.038615754419858164,0.06208397471787796,100,0.048955978349957185,"[64, 64]"
mfrnp,ifc_heat,0.07889897730265484,0.06969254144383705,0.08830151191736732,128,0.10071274689188078,"[64, 64]"
mfrnp,ifc_poisson,0.10066274351831031,0.08719757499579538,0.11483753994076801,128,0.07794598257431251,"[64, 64]"
mfrnp,poisson_local,0.1997391569184225,0.18835769016392065,0.21182359457124858,512,0.1680726374978684,"[128, 128]"
mfrnp,heat_local,0.1045167422650091,0.10147083416515582,0.10769567925049772,512,0.11278917927669625,"[128, 128]"
mfrnp,fluid,0.3697923687551641,0.3552422494207564,0.38505590088932934,256,0.34457910862489677,"[64, 64]"
mfrnp,era5,0.2945260746500155,0.2879994788174542,0.3012830167074123,7,0.2946781091589479,"[128, 256]"
mfrnp,pm_test,0.29963153613568216,0.29292514882711806,0.3066141231307417,7,0.2997894849751844,"[128, 256]"
mfrnp,advection_diffusion_generated,0.3343939643262658,0.3140187773520201,0.3555655083550141,100,0.3507954018831412,"[64, 64]"
mfrnp,allen_cahn_generated,0.6634792155751987,0.6330097286183524,0.6943370121549008,100,0.6816180623061575,"[1, 256]"
mfrnp,burgers_generated,0.6278608622150683,0.5853556946521677,0.6751839446119295,100,0.5811196878185028,"[1, 256]"
mfrnp,burgers_param_generated,1.072457587247484,1.000559018490233,1.16115868234029,80,1.011857608324544,"[1, 256]"
mfrnp,darcy_generated,0.13153697173231738,0.12221909838300044,0.14151951396922968,40,0.13320170932216388,"[128, 128]"
mfrnp,heat_generated,0.0839756745794877,0.08124418597894081,0.08681655866939934,100,0.08475292288876736,"[64, 64]"
mfrnp,lid_driven_cavity_generated,0.5775084640204391,0.5712924455260547,0.5839457759408876,10,0.577874374518526,"[256, 256]"
mfrnp,poisson_generated,0.09519646116088923,0.08896945384296412,0.10181242648202442,100,0.08810230042435406,"[64, 64]"
mf_deeponet,ifc_heat,0.0675511972998967,0.060102848188457056,0.0752213119459895,128,0.08031573311098507,"[64, 64]"
mf_deeponet,ifc_poisson,13.88340762518941,12.469322843400438,15.351546568797891,128,15.11279960066318,"[64, 64]"
mf_deeponet,poisson_local,0.8192622410652441,0.7751812918681176,0.86473671455525,512,0.8281703667482041,"[128, 128]"
mf_deeponet,heat_local,0.0155948405594478,0.014651240164660061,0.01658640413999237,512,0.0200634518516125,"[128, 128]"
mf_deeponet,fluid,0.06265708665216535,0.059942025982121686,0.06551040109960757,256,0.059367158559056256,"[64, 64]"
mf_deeponet,era5,0.08392062058617163,0.07144966234698472,0.1008909718018508,7,0.08638087392768297,"[128, 256]"
mf_deeponet,pm_test,0.08392062058617163,0.07144966234698472,0.1008909718018508,7,0.08638087392768297,"[128, 256]"
mf_deeponet,advection_diffusion_generated,0.05201709256145892,0.04661530867125934,0.0576342941754954,100,0.0591826488032598,"[64, 64]"
mf_deeponet,allen_cahn_generated,0.032085640855191486,0.02793164652496855,0.036539375152672096,100,0.03872927605096024,"[1, 256]"
mf_deeponet,burgers_generated,1.2547659688953194,1.0868923008872629,1.4439063695391379,100,1.1817198883486961,"[1, 256]"
mf_deeponet,burgers_param_generated,1.810735732525411,1.495107062367324,2.222305661773098,80,1.4927536323818766,"[1, 256]"
mf_deeponet,darcy_generated,0.3225960801906669,0.28122337229339167,0.36738452914923214,40,0.31599634368632706,"[128, 128]"
mf_deeponet,heat_generated,0.021289717774065693,0.018351580369806268,0.02445878681841828,100,0.027511884770610746,"[64, 64]"
mf_deeponet,lid_driven_cavity_generated,0.700163302780483,0.6906634859898741,0.7100310939308584,10,0.7020591200579321,"[256, 256]"
mf_deeponet,poisson_generated,0.2052220915107802,0.1871428180721952,0.22438623112825898,100,0.20845338258119414,"[64, 64]"
d_mfd,ifc_heat,0.12567902309762535,0.11360048448922243,0.13823616829708057,128,0.14551541230586348,"[64, 64]"
d_mfd,ifc_poisson,0.4300986631322756,0.3606453570790041,0.5045132569406642,128,0.34095720054593154,"[64, 64]"
d_mfd,poisson_local,0.3610596287586194,0.3442325094906735,0.37902914719704905,512,0.31587870709496063,"[128, 128]"
d_mfd,heat_local,0.10366252181338488,0.10031084108345567,0.10706263009672633,512,0.10911016582045462,"[128, 128]"
d_mfd,fluid,0.3535548160074107,0.3357397842676916,0.3723514651923172,256,0.32657859072109385,"[64, 64]"
d_mfd,era5,0.4490750235450402,0.4431956879557218,0.45373637946534656,7,0.4490947936609821,"[128, 256]"
d_mfd,pm_test,0.4490750235450402,0.4431956879557218,0.45373637946534656,7,0.4490947936609821,"[128, 256]"
d_mfd,advection_diffusion_generated,0.4553333105946058,0.42767171361816386,0.482573002170946,100,0.47579249221654224,"[64, 64]"
d_mfd,allen_cahn_generated,0.6644454059923252,0.6340258449878472,0.694972095911259,100,0.6824695118320525,"[1, 256]"
d_mfd,burgers_generated,0.5071358492075572,0.46129400895157197,0.560129216413913,100,0.4477699635465152,"[1, 256]"
d_mfd,burgers_param_generated,1.1059325402618305,1.0076510442329911,1.2363279630095512,80,1.0184613550714534,"[1, 256]"
d_mfd,darcy_generated,0.28872981761163374,0.2624150222102977,0.3155284189325206,40,0.28941919501612645,"[128, 128]"
d_mfd,heat_generated,0.06893069335195852,0.0634091650144233,0.07475343594380246,100,0.07160985742485053,"[64, 64]"
d_mfd,lid_driven_cavity_generated,0.9977376992516469,0.9974249327512443,0.9980305668525523,10,0.9977635522060235,"[256, 256]"
d_mfd,poisson_generated,0.261968546816921,0.23015101285587367,0.29686846523858335,100,0.23571447610115553,"[64, 64]"
mf_fno_transfer,ifc_heat,0.009763829159152575,0.008562870509704976,0.011057568163050901,128,0.012813724787998158,"[64, 64]"
mf_fno_transfer,ifc_poisson,0.06697442605605242,0.05741905256579415,0.07728031142555732,128,0.05871494126492882,"[64, 64]"
mf_fno_transfer,poisson_local,0.0037293987226492977,0.0033379351697518864,0.004170933984219105,512,0.0033938820978675474,"[128, 128]"
mf_fno_transfer,heat_local,0.00019072402630140352,0.00018668079841504954,0.00019524695449395842,512,0.00019666567722963508,"[128, 128]"
mf_fno_transfer,fluid,0.015129502818295585,0.014253325551836052,0.016081609548455042,256,0.018106930534177994,"[64, 64]"
mf_fno_transfer,era5,0.10487501285907859,0.08423811984101008,0.12655156677060372,7,0.10861130285437295,"[128, 256]"
mf_fno_transfer,pm_test,0.10487501285907859,0.08423811984101008,0.12655156677060372,7,0.10861130285437295,"[128, 256]"
mf_fno_transfer,advection_diffusion_generated,0.0008671539644947161,0.0007932706951313306,0.0009444907179928173,100,0.000950983663213244,"[64, 64]"
mf_fno_transfer,allen_cahn_generated,0.0007393674521899183,0.0005746045272996778,0.0009453532795946584,100,0.0012067325457912122,"[1, 256]"
mf_fno_transfer,burgers_generated,0.5494196790988581,0.4670010395354045,0.6424827860005817,100,0.48620710030877073,"[1, 256]"
mf_fno_transfer,burgers_param_generated,1.3511416031420225,1.2164040215832452,1.5002922316758815,80,1.25945721665999,"[1, 256]"
mf_fno_transfer,darcy_generated,0.0960301237281995,0.08182421123139828,0.1109792567928593,40,0.11102877799125445,"[128, 128]"
mf_fno_transfer,heat_generated,0.00020016518893090324,0.0001823922062939241,0.00022318041533647893,100,0.00022239210276043102,"[64, 64]"
mf_fno_transfer,lid_driven_cavity_generated,0.0420520230233491,0.03970348561871056,0.04485774866497911,10,0.04186385733499001,"[256, 256]"
mf_fno_transfer,poisson_generated,0.0007543065610502282,0.0006494728773779475,0.0008777599851626379,100,0.0007248933881618472,"[64, 64]"
mf_fno_transfer_2m,ifc_heat,0.00862570053134417,0.007577799267812598,0.009766250807725805,128,0.011180183045279941,"[64, 64]"
mf_fno_transfer_2m,ifc_poisson,0.056224418850950725,0.047188076609826435,0.06608075442018438,128,0.04748126551150467,"[64, 64]"
mf_fno_transfer_2m,poisson_local,0.004948506240337901,0.004302703523020553,0.005673610655142679,512,0.00466852659852905,"[128, 128]"
mf_fno_transfer_2m,heat_local,0.0002047134680863908,0.00020047110847988618,0.00020933818213442296,512,0.0002111494722580235,"[128, 128]"
mf_fno_transfer_2m,fluid,0.015164933373543183,0.014323691062433946,0.016082035235046862,256,0.01803896397889082,"[64, 64]"
mf_fno_transfer_2m,era5,0.09903997342913477,0.08198578931746936,0.11634808122071028,7,0.1016069457132234,"[128, 256]"
mf_fno_transfer_2m,pm_test,0.09903997342913477,0.08198578931746936,0.11634808122071028,7,0.1016069457132234,"[128, 256]"
mf_fno_transfer_2m,advection_diffusion_generated,0.0008733600169743492,0.000804340599040783,0.0009452743613624598,100,0.0009470597574976017,"[64, 64]"
mf_fno_transfer_2m,allen_cahn_generated,0.0008189222928139911,0.0006325308050742221,0.0010437219537231847,100,0.001337777580425917,"[1, 256]"
mf_fno_transfer_2m,burgers_generated,0.5554095709031183,0.4754452399798919,0.647665380617292,100,0.5017634702777737,"[1, 256]"
mf_fno_transfer_2m,burgers_param_generated,1.3581434349445645,1.2230058290071202,1.506930443329184,80,1.233444719717926,"[1, 256]"
mf_fno_transfer_2m,darcy_generated,0.11404215683355197,0.0970970237644729,0.13279839967280016,40,0.1338971296584719,"[128, 128]"
mf_fno_transfer_2m,heat_generated,0.00021026934413688627,0.00019390118768500443,0.00023043675667679806,100,0.0002280049637544664,"[64, 64]"
mf_fno_transfer_2m,lid_driven_cavity_generated,0.03740003092618569,0.035736543076586,0.03946747933861185,10,0.037312755380336675,"[256, 256]"
mf_fno_transfer_2m,poisson_generated,0.000761723138820615,0.0006746301450003952,0.0008633926681188724,100,0.0007216522163931431,"[64, 64]"
mf_fno_transfer_film,ifc_heat,0.008874375663086471,0.007846161061759997,0.009942898157290395,128,0.010979934682445817,"[64, 64]"
mf_fno_transfer_film,ifc_poisson,0.04896602350225403,0.04169249684699277,0.0569986361322098,128,0.043603810699470794,"[64, 64]"
mf_fno_transfer_film,poisson_local,0.0024739820698995068,0.0022981494636523294,0.002662087893950778,512,0.002134726027077189,"[128, 128]"
mf_fno_transfer_film,heat_local,0.00014118125359571516,0.0001377216564242543,0.00014494791382612158,512,0.000149268201908065,"[128, 128]"
mf_fno_transfer_film,fluid,0.015352837155066124,0.014441916117645807,0.016344358474968127,256,0.0183541323683605,"[64, 64]"
mf_fno_transfer_film,era5,0.07231217372227801,0.062089657014947626,0.0834614852360274,7,0.07374730986307398,"[128, 256]"
mf_fno_transfer_film,pm_test,0.07231217372227801,0.062089657014947626,0.0834614852360274,7,0.07374730986307398,"[128, 256]"
mf_fno_transfer_film,advection_diffusion_generated,0.00026635385570730427,0.0002484882808685556,0.0002876313234801904,100,0.0002844957538011206,"[64, 64]"
mf_fno_transfer_film,allen_cahn_generated,0.0002923988352196883,0.00023803211642418277,0.00036207138062702274,100,0.0004335211544553251,"[1, 256]"
mf_fno_transfer_film,burgers_generated,0.51846225401276,0.4401081474515135,0.6122708630645546,100,0.4531123398808917,"[1, 256]"
mf_fno_transfer_film,burgers_param_generated,1.252243613645312,1.1410720600122752,1.3671193367225798,80,1.184876626223168,"[1, 256]"
mf_fno_transfer_film,darcy_generated,0.05304858664441934,0.045389922509560594,0.06093980405521151,40,0.056420018966167586,"[128, 128]"
mf_fno_transfer_film,heat_generated,0.00017110922619577526,0.00015844856396963081,0.00018505013532501148,100,0.0001858636928420661,"[64, 64]"
mf_fno_transfer_film,lid_driven_cavity_generated,0.020346282466619566,0.019346563849259337,0.021436421121082114,10,0.020243334214626617,"[256, 256]"
mf_fno_transfer_film,poisson_generated,0.0004078320830022064,0.0003628297297301671,0.00045970216865934293,100,0.00038742054391133077,"[64, 64]"
fno_additive,ifc_heat,0.021378925768202044,0.018979022454245778,0.0238346515017671,128,0.025979407826819633,"[64, 64]"
fno_additive,ifc_poisson,25.067539912700926,20.54791425681579,29.983033039901812,128,21.600303090285617,"[64, 64]"
fno_additive,poisson_local,0.36426650462280574,0.3219456897906554,0.41172840915858716,512,0.3575612481502574,"[128, 128]"
fno_additive,heat_local,0.00010357041245525836,0.00010034281900644206,0.00010735712963327887,512,0.00011172697782578374,"[128, 128]"
fno_additive,fluid,0.01634296805976247,0.015287929576877392,0.017513088311800182,256,0.01937094017895653,"[64, 64]"
fno_additive,era5,0.1124348199136106,0.10931010506507254,0.11600076068297469,7,0.11253848258102782,"[128, 256]"
fno_additive,pm_test,0.1124348199136106,0.10931010506507254,0.11600076068297469,7,0.11253848258102782,"[128, 256]"
fno_additive,advection_diffusion_generated,0.0009017252112382723,0.0008208893330396908,0.000987205253703845,100,0.0009970253368366472,"[64, 64]"
fno_additive,allen_cahn_generated,0.007299338608465904,0.005772924338811967,0.008979439527122114,100,0.010957480168420587,"[1, 256]"
fno_additive,burgers_generated,0.5429231659613365,0.461498242113012,0.6343968406682878,100,0.48341335527130735,"[1, 256]"
fno_additive,burgers_param_generated,1.3464655087848023,1.209127048627505,1.4984149825432593,80,1.251318892704911,"[1, 256]"
fno_additive,darcy_generated,0.09935404021042814,0.08490007626616254,0.11470332491868943,40,0.1144025316744951,"[128, 128]"
fno_additive,heat_generated,0.00012795470622395172,0.00011173360792899573,0.00014843304675708505,100,0.0001585775512975131,"[64, 64]"
fno_additive,lid_driven_cavity_generated,0.028525795142762923,0.02711429502691805,0.030216371362939712,10,0.0285138242455479,"[256, 256]"
fno_additive,poisson_generated,0.017118566647519956,0.015029306891386172,0.019634507052487926,100,0.016341266390680995,"[64, 64]"
fno_autoregressive,ifc_heat,0.021722150171835528,0.01934757033928114,0.024119485942490873,128,0.026154413709149865,"[64, 64]"
fno_autoregressive,ifc_poisson,24.144304133003093,19.80046066150169,28.885503688533962,128,20.799272264818224,"[64, 64]"
fno_autoregressive,poisson_local,0.5265244737237169,0.45242723799626205,0.6085786716169008,512,0.5895989461085914,"[128, 128]"
fno_autoregressive,heat_local,0.0001731699731045827,0.00016859547971491534,0.00017846059927854703,512,0.00018222808663169137,"[128, 128]"
fno_autoregressive,fluid,0.016620107137061982,0.01559282065632688,0.017739593778325884,256,0.019708721899389214,"[64, 64]"
fno_autoregressive,era5,0.11878326962581835,0.11515766482463333,0.12234630437602771,7,0.11887422491118559,"[128, 256]"
fno_autoregressive,pm_test,0.11878326962581835,0.11515766482463333,0.12234630437602771,7,0.11887422491118559,"[128, 256]"
fno_autoregressive,advection_diffusion_generated,0.0008931388158926134,0.0008153241910711675,0.0009765321057728133,100,0.000983574198692891,"[64, 64]"
fno_autoregressive,allen_cahn_generated,0.002721874166794846,0.0022502606083554207,0.003272300814705651,100,0.003769676057816176,"[1, 256]"
fno_autoregressive,burgers_generated,0.5440075318284466,0.46235351513350625,0.6358466543540086,100,0.4837519995465022,"[1, 256]"
fno_autoregressive,burgers_param_generated,1.344838130724598,1.208117778482753,1.4975390133022712,80,1.2497513690166047,"[1, 256]"
fno_autoregressive,darcy_generated,0.09944396277372239,0.08510481384781612,0.11491542707457128,40,0.11428313237852882,"[128, 128]"
fno_autoregressive,heat_generated,0.0002346006041233877,0.00021069268963865248,0.00026480701511375876,100,0.00026788349903538854,"[64, 64]"
fno_autoregressive,lid_driven_cavity_generated,0.02628515172234356,0.025043401618811908,0.027677749612546834,10,0.026336183630657806,"[256, 256]"
fno_autoregressive,poisson_generated,0.009444495349880037,0.008240815708297286,0.010788830064137294,100,0.009106050110480612,"[64, 64]"
fno_multilevel,ifc_heat,0.13716539056700242,0.12706368781203708,0.14747603062190168,128,0.15170123377145028,"[64, 64]"
fno_multilevel,ifc_poisson,0.3157225579817228,0.26416491205346765,0.37122593285285377,128,0.27001217074937295,"[64, 64]"
fno_multilevel,poisson_local,0.2640414469288906,0.2615119417756625,0.2664870347547073,512,0.27076440505395083,"[128, 128]"
fno_multilevel,heat_local,0.11390628645825417,0.11225778239053195,0.11555294948972235,512,0.11568843233513339,"[128, 128]"
fno_multilevel,fluid,0.01577346529467791,0.014841407374830478,0.016800056383544298,256,0.019040663704374457,"[64, 64]"
fno_multilevel,era5,0.2761434136090062,0.23858071868923278,0.3188823677650469,7,0.28170909486957085,"[128, 256]"
fno_multilevel,pm_test,0.2761434136090062,0.23858071868923278,0.3188823677650469,7,0.28170909486957085,"[128, 256]"
fno_multilevel,advection_diffusion_generated,0.0008715201922118256,0.0007898309770019074,0.0009592414893586488,100,0.0009740850118893738,"[64, 64]"
fno_multilevel,allen_cahn_generated,0.6194411074897073,0.5801395862950163,0.6591257438911131,100,0.651654875439302,"[1, 256]"
fno_multilevel,burgers_generated,0.6860833075808221,0.6164987747361754,0.7649890302329221,100,0.6460799564946926,"[1, 256]"
fno_multilevel,burgers_param_generated,1.319243389697537,1.1973826266305376,1.4520487742525168,80,1.2126775990882814,"[1, 256]"
fno_multilevel,darcy_generated,0.15983612325873153,0.1489079841834795,0.17125086585749036,40,0.1702385061867083,"[128, 128]"
fno_multilevel,heat_generated,0.1581527679521937,0.15616409671291362,0.1600103583808603,100,0.1579904373404338,"[64, 64]"
fno_multilevel,lid_driven_cavity_generated,0.04692740411946385,0.04544756145811584,0.048746020874124295,10,0.04684019931603152,"[256, 256]"
fno_multilevel,poisson_generated,0.13578894782037898,0.13292591484469068,0.13875147199742388,100,0.1322329475464452,"[64, 64]"
fno_fire_distcond,ifc_heat,0.01587639166062398,0.014061355972016628,0.01777628099102727,128,0.01949850045290636,"[64, 64]"
fno_fire_distcond,ifc_poisson,22.93194150548038,18.786164942542378,27.478874447186715,128,20.101302533176618,"[64, 64]"
fno_fire_distcond,poisson_local,0.25921212530547366,0.23067258249220327,0.2914009513120997,512,0.2390314521933916,"[128, 128]"
fno_fire_distcond,heat_local,6.546681462182217e-05,6.321266106611903e-05,6.807411598292441e-05,512,7.192438373634698e-05,"[128, 128]"
fno_fire_distcond,fluid,0.015664937599420843,0.014668419399446622,0.016750628501977945,256,0.019064432419659043,"[64, 64]"
fno_fire_distcond,era5,0.0728602931077037,0.06737010878444333,0.07789486684776512,7,0.07318475776742588,"[128, 256]"
fno_fire_distcond,pm_test,0.0728602931077037,0.06737010878444333,0.07789486684776512,7,0.07318475776742588,"[128, 256]"
fno_fire_distcond,advection_diffusion_generated,0.0009793215008890826,0.0008812883452432904,0.001080609120060532,100,0.0011056681007923438,"[64, 64]"
fno_fire_distcond,allen_cahn_generated,0.005844991411910261,0.00412480339465909,0.007715387993757318,100,0.01094479314033878,"[1, 256]"
fno_fire_distcond,burgers_generated,0.48204003857760286,0.41518283588807686,0.5556131046557989,100,0.44197582595218116,"[1, 256]"
fno_fire_distcond,burgers_param_generated,1.2302886119016716,1.1422047845475787,1.319121204249911,80,1.2211071856404792,"[1, 256]"
fno_fire_distcond,darcy_generated,0.08279762387838221,0.06988960753648359,0.09679469510494788,40,0.09699910863792757,"[128, 128]"
fno_fire_distcond,heat_generated,9.250018712913074e-05,8.103976924823147e-05,0.00010673131269062226,100,0.00011335550212151166,"[64, 64]"
fno_fire_distcond,lid_driven_cavity_generated,0.026437476450917312,0.02526559884033848,0.02766401384553535,10,0.026566326895253126,"[256, 256]"
fno_fire_distcond,poisson_generated,0.010323535106402881,0.0093078815498984,0.01150492645288598,100,0.009689081952748698,"[64, 64]"
fno_dino_residual,ifc_heat,0.016793381378946766,0.015289950445639912,0.01832696332096529,128,0.019081726794273068,"[64, 64]"
fno_dino_residual,ifc_poisson,19.44034932800119,17.110407572835012,22.057007965789055,128,17.76015504204794,"[64, 64]"
fno_dino_residual,poisson_local,5.239493516842729,4.828703177862473,5.664061992908964,512,5.165389100932417,"[128, 128]"
fno_dino_residual,heat_local,0.00011180584498126934,0.000108614831754598,0.00011544987233219987,512,0.0001197991595762662,"[128, 128]"
fno_dino_residual,fluid,0.019131492399569648,0.01783580793309933,0.020630307361288704,256,0.022500285714514522,"[64, 64]"
fno_dino_residual,era5,0.05370518448389233,0.04393638293592237,0.0639057322824653,7,0.05538072663167357,"[128, 256]"
fno_dino_residual,pm_test,0.05370518448389233,0.04393638293592237,0.0639057322824653,7,0.05538072663167357,"[128, 256]"
fno_dino_residual,advection_diffusion_generated,0.0010672444560569127,0.0009494578846522005,0.0011997225971686202,100,0.0012409225435837958,"[64, 64]"
fno_dino_residual,allen_cahn_generated,0.025876135164431782,0.021150511759272687,0.03087977424450928,100,0.0359557407038964,"[1, 256]"
fno_dino_residual,burgers_generated,0.5252720211340354,0.450555527336461,0.6100939114483406,100,0.47759333930861797,"[1, 256]"
fno_dino_residual,burgers_param_generated,1.3502804471921483,1.2413613816256797,1.4631246353112113,80,1.2869023002060265,"[1, 256]"
fno_dino_residual,darcy_generated,0.09649760306096453,0.08342961573605304,0.11051620158256868,40,0.11134890485995173,"[128, 128]"
fno_dino_residual,heat_generated,0.0001603556976701511,0.0001397384145324513,0.00018777458750673104,100,0.0002012780346180866,"[64, 64]"
fno_dino_residual,lid_driven_cavity_generated,0.024639489904875207,0.023407745120493553,0.026035630447126038,10,0.024569375564718027,"[256, 256]"
fno_dino_residual,poisson_generated,0.018745835462644155,0.016552096194881814,0.021291180783036108,100,0.017833769112984267,"[64, 64]"
fno_fire_mcdropout,ifc_heat,0.0188727369287469,0.016946932235501606,0.020879940128691626,128,0.022371839980840785,"[64, 64]"
fno_fire_mcdropout,ifc_poisson,18.83715577328369,15.648848056558624,22.323159341727973,128,16.494537880621316,"[64, 64]"
fno_fire_mcdropout,poisson_local,0.5160108048575089,0.45850545839259316,0.5802397790782713,512,0.49475234556710246,"[128, 128]"
fno_fire_mcdropout,heat_local,0.000429533512219028,0.00041290151274142725,0.00044730079206571855,512,0.00047372320013403793,"[128, 128]"
fno_fire_mcdropout,fluid,0.0161838827745113,0.015253697446546711,0.017205466349130248,256,0.01907663689985985,"[64, 64]"
fno_fire_mcdropout,era5,0.090598598048932,0.08583661841711945,0.09522082507359038,7,0.09077267937566591,"[128, 256]"
fno_fire_mcdropout,pm_test,0.090598598048932,0.08583661841711945,0.09522082507359038,7,0.09077267937566591,"[128, 256]"
fno_fire_mcdropout,advection_diffusion_generated,0.0015232652692870716,0.001388441910019619,0.0016608744588792214,100,0.0016843830567202756,"[64, 64]"
fno_fire_mcdropout,allen_cahn_generated,0.0032052697876084803,0.0028553912106291457,0.0035723027507063632,100,0.003698526251236235,"[1, 256]"
fno_fire_mcdropout,burgers_generated,0.5536984328620151,0.47316645576031585,0.6430237282385914,100,0.48853252065701286,"[1, 256]"
fno_fire_mcdropout,burgers_param_generated,1.3598980578432172,1.2326402419603317,1.493171582551399,80,1.3386979238362875,"[1, 256]"
fno_fire_mcdropout,darcy_generated,0.09842720029834519,0.08562143616779666,0.11167337818565136,40,0.10866129555972341,"[128, 128]"
fno_fire_mcdropout,heat_generated,0.001152345896035055,0.0010757912230608528,0.0012369282724929472,100,0.001222944395783574,"[64, 64]"
fno_fire_mcdropout,lid_driven_cavity_generated,0.041205579172603514,0.03912634202052528,0.043277182399042206,10,0.041335433907045964,"[256, 256]"
fno_fire_mcdropout,poisson_generated,0.023676686113417514,0.02147158517891557,0.026119561861422485,100,0.02182433273235145,"[64, 64]"
fno_fire_snapshot,ifc_heat,0.016957081952180934,0.01513156737430506,0.0188630198939558,128,0.020368911891899908,"[64, 64]"
fno_fire_snapshot,ifc_poisson,17.86973298171145,14.943527234165265,21.06931181946171,128,15.895430753718024,"[64, 64]"
fno_fire_snapshot,poisson_local,0.27448227376632695,0.2377820538969722,0.315718842379675,512,0.26721335177244726,"[128, 128]"
fno_fire_snapshot,heat_local,7.822795936861444e-05,7.557274594440789e-05,8.1322864661106e-05,512,8.671652224280682e-05,"[128, 128]"
fno_fire_snapshot,fluid,0.015550166954688499,0.014554155032094012,0.016629775010564,256,0.018863417766609113,"[64, 64]"
fno_fire_snapshot,era5,0.07325760825097163,0.06798932075633968,0.07856945651207108,7,0.07356110253291206,"[128, 256]"
fno_fire_snapshot,pm_test,0.07325760825097163,0.06798932075633968,0.07856945651207108,7,0.07356110253291206,"[128, 256]"
fno_fire_snapshot,advection_diffusion_generated,0.0011415518322428647,0.001004470119857924,0.0012832512336184694,100,0.001354905237759777,"[64, 64]"
fno_fire_snapshot,allen_cahn_generated,0.0028122075250086786,0.002103089602570719,0.0035801544448362706,100,0.004730601095102536,"[1, 256]"
fno_fire_snapshot,burgers_generated,0.48259495602748187,0.41193858297123614,0.563679585459513,100,0.42627594123386225,"[1, 256]"
fno_fire_snapshot,burgers_param_generated,1.3323567368195164,1.1899807799448958,1.506240160183831,80,1.221259214417128,"[1, 256]"
fno_fire_snapshot,darcy_generated,0.07997783768337394,0.06817516350797143,0.09303079898684154,40,0.09027849440529653,"[128, 128]"
fno_fire_snapshot,heat_generated,7.058257826809366e-05,5.9779644242028667e-05,8.530310780541566e-05,100,9.531958454484515e-05,"[64, 64]"
fno_fire_snapshot,lid_driven_cavity_generated,0.03891404860008636,0.03762629826275959,0.04028599829853788,10,0.03907373294827219,"[256, 256]"
fno_fire_snapshot,poisson_generated,0.011431065260490925,0.010183314845439726,0.01291161346257044,100,0.010764315558400272,"[64, 64]"
fno_fire_swag,ifc_heat,0.017219209330704116,0.01540034427801924,0.01912354607779354,128,0.020596205455350867,"[64, 64]"
fno_fire_swag,ifc_poisson,17.865711031708873,14.936864450890129,21.06497546275195,128,15.882358181937512,"[64, 64]"
fno_fire_swag,poisson_local,0.28581510422671397,0.25123259275651666,0.32486054253759206,512,0.2664920200450412,"[128, 128]"
fno_fire_swag,heat_local,0.00010149264691302679,9.787114570441267e-05,0.00010571911691858282,512,0.00011341580062547677,"[128, 128]"
fno_fire_swag,fluid,0.015658187668597195,0.014667354562950418,0.01673822079083904,256,0.019028073391835938,"[64, 64]"
fno_fire_swag,era5,0.07589731995637315,0.07009741845807778,0.08258479379549932,7,0.07634756952090857,"[128, 256]"
fno_fire_swag,pm_test,0.07589731995637315,0.07009741845807778,0.08258479379549932,7,0.07634756952090857,"[128, 256]"
fno_fire_swag,advection_diffusion_generated,0.0011247358561949294,0.0009907984305292628,0.0012646863861206445,100,0.0013320799419018012,"[64, 64]"
fno_fire_swag,allen_cahn_generated,0.005098104531085419,0.0036133718938245562,0.006830557294895701,100,0.00954529956680768,"[1, 256]"
fno_fire_swag,burgers_generated,0.5539373841804911,0.47131321730604,0.6504582325168139,100,0.489912157941272,"[1, 256]"
fno_fire_swag,burgers_param_generated,1.2673695546929236,1.1545637229265662,1.3892144758128167,80,1.2371092884610724,"[1, 256]"
fno_fire_swag,darcy_generated,0.0918789447531142,0.07975471954099428,0.10460769229890478,40,0.10526203828964743,"[128, 128]"
fno_fire_swag,heat_generated,0.0001422296378887148,0.0001254136315175849,0.00016171619779390008,100,0.0001707084903441648,"[64, 64]"
fno_fire_swag,lid_driven_cavity_generated,0.022877402813458694,0.02198932737059408,0.023969710654927593,10,0.02289061783168342,"[256, 256]"
fno_fire_swag,poisson_generated,0.012968393915229786,0.011590744557799315,0.014585334880454999,100,0.012222903594653988,"[64, 64]"
fno_fire_batchens,ifc_heat,0.016504872792212126,0.014706970833490634,0.018365574081749665,128,0.01995203345529653,"[64, 64]"
fno_fire_batchens,ifc_poisson,18.26522279033142,15.18241218219544,21.53827537353503,128,16.066079148504507,"[64, 64]"
fno_fire_batchens,poisson_local,0.2623153829495578,0.2312027152918042,0.2976864216944632,512,0.24283583344446638,"[128, 128]"
fno_fire_batchens,heat_local,9.013441553794291e-05,8.773128757597804e-05,9.288930765960713e-05,512,9.620224455670958e-05,"[128, 128]"
fno_fire_batchens,fluid,0.015763796026734236,0.014751987115025234,0.016877663127849763,256,0.019103812525418897,"[64, 64]"
fno_fire_batchens,era5,0.06995426173519785,0.06456384372549226,0.07564236421368133,7,0.07030373024688202,"[128, 256]"
fno_fire_batchens,pm_test,0.06995426173519785,0.06456384372549226,0.07564236421368133,7,0.07030373024688202,"[128, 256]"
fno_fire_batchens,advection_diffusion_generated,0.0010148744617881336,0.000906919650241919,0.0011255158938374072,100,0.001157636012127198,"[64, 64]"
fno_fire_batchens,allen_cahn_generated,0.005133045310844603,0.0034444060867483916,0.007130649101688454,100,0.010744788108845112,"[1, 256]"
fno_fire_batchens,burgers_generated,0.5169587049517171,0.4479546383432014,0.5913713393879408,100,0.47673704398222777,"[1, 256]"
fno_fire_batchens,burgers_param_generated,1.2938116301204012,1.1812829211229883,1.416208524530295,80,1.2764883088725538,"[1, 256]"
fno_fire_batchens,darcy_generated,0.08449473908726668,0.07257137725373969,0.09762207726366273,40,0.09479054865270428,"[128, 128]"
fno_fire_batchens,heat_generated,0.00011834133591411237,0.00010728737227540117,0.0001336455397716227,100,0.00013570195677910387,"[64, 64]"
fno_fire_batchens,lid_driven_cavity_generated,0.04072865861863658,0.03894075904671461,0.042632387401832846,10,0.040945961646521506,"[256, 256]"
fno_fire_batchens,poisson_generated,0.012166016796509424,0.010784705308389018,0.013788025678020918,100,0.011763847761511622,"[64, 64]"
fno_fire_quantile,ifc_heat,0.01840930758756114,0.016441150849099046,0.020457225945000795,128,0.0221387582341558,"[64, 64]"
fno_fire_quantile,ifc_poisson,18.547736233711852,15.378449105619097,22.005251801289003,128,16.68950642585594,"[64, 64]"
fno_fire_quantile,poisson_local,0.3204013312647058,0.28444906524349883,0.3613445451437776,512,0.2993480117066929,"[128, 128]"
fno_fire_quantile,heat_local,0.0001059865692181163,0.00010279760627172919,0.00010964183275833979,512,0.0001135964679932659,"[128, 128]"
fno_fire_quantile,fluid,0.01581912549393928,0.01479718812493423,0.016950806219268685,256,0.0191789202869607,"[64, 64]"
fno_fire_quantile,era5,0.06657425208589388,0.06023440664270279,0.07242410497036433,7,0.06704523086157278,"[128, 256]"
fno_fire_quantile,pm_test,0.06657425208589388,0.06023440664270279,0.07242410497036433,7,0.06704523086157278,"[128, 256]"
fno_fire_quantile,advection_diffusion_generated,0.0009218709927754096,0.0008390122281299283,0.0010087341448806126,100,0.0010195968108277684,"[64, 64]"
fno_fire_quantile,allen_cahn_generated,0.00042602013187491793,0.0002949380115891318,0.000590757809072098,100,0.0008775252483156323,"[1, 256]"
fno_fire_quantile,burgers_generated,0.535256556634475,0.45033279755134603,0.6325781623194717,100,0.4683809765872105,"[1, 256]"
fno_fire_quantile,burgers_param_generated,1.2743396695620492,1.1660867244228463,1.3953317084320893,80,1.2543651277143835,"[1, 256]"
fno_fire_quantile,darcy_generated,0.09079883193883295,0.07750748904780201,0.10525525558274529,40,0.10014070192998421,"[128, 128]"
fno_fire_quantile,heat_generated,0.0001335135476060568,0.00011734356338972778,0.0001526809181734062,100,0.0001634514930149931,"[64, 64]"
fno_fire_quantile,lid_driven_cavity_generated,0.02640539794594891,0.025305895888313612,0.027575088810610736,10,0.026515815937471432,"[256, 256]"
fno_fire_quantile,poisson_generated,0.011634915498098199,0.010421630506617544,0.013066733528066823,100,0.011079622760579952,"[64, 64]"
fno_fire_iqn,ifc_heat,0.017190170374297452,0.015268227935406598,0.019175627999850314,128,0.020895519437473198,"[64, 64]"
fno_fire_iqn,ifc_poisson,18.918615259587938,15.647290168553099,22.437193463061195,128,16.728404806930367,"[64, 64]"
fno_fire_iqn,poisson_local,0.33328157586834645,0.2979508183642881,0.37218963345728023,512,0.3137718917930098,"[128, 128]"
fno_fire_iqn,heat_local,0.00012079434543794972,0.00011712311423227766,0.00012495279055291816,512,0.00013030088680581126,"[128, 128]"
fno_fire_iqn,fluid,0.01590708187335913,0.014888973679269828,0.01703156555779017,256,0.019296236857166988,"[64, 64]"
fno_fire_iqn,era5,0.06019415212401038,0.05467258075136424,0.0661895779180794,7,0.0606594789650708,"[128, 256]"
fno_fire_iqn,pm_test,0.06019415212401038,0.05467258075136424,0.0661895779180794,7,0.0606594789650708,"[128, 256]"
fno_fire_iqn,advection_diffusion_generated,0.00020108261115330705,0.00016497011031270763,0.00024560092292990975,100,0.0002907983543179908,"[64, 64]"
fno_fire_iqn,allen_cahn_generated,0.00042595529239927195,0.00023689255282971042,0.0006665179858053865,100,0.0011946170297379062,"[1, 256]"
fno_fire_iqn,burgers_generated,0.5331052396186114,0.43275832575382794,0.6511158862001988,100,0.4547889206169505,"[1, 256]"
fno_fire_iqn,burgers_param_generated,1.2675622511703986,1.1714854639566452,1.3712718558772026,80,1.2993864618803042,"[1, 256]"
fno_fire_iqn,darcy_generated,0.08790782694827402,0.0746885440574599,0.10296203067664698,40,0.09766260574406747,"[128, 128]"
fno_fire_iqn,heat_generated,0.0001453683464417512,0.0001251789116909928,0.00017051881914345484,100,0.0001873686945599211,"[64, 64]"
fno_fire_iqn,lid_driven_cavity_generated,0.037318121149143256,0.035664438633150525,0.03921533119803198,10,0.037379851669343815,"[256, 256]"
fno_fire_iqn,poisson_generated,0.011740093874257276,0.010499276488388195,0.013181960643856544,100,0.01106863798009938,"[64, 64]"
fno_fire_mdn,ifc_heat,0.017005333724938197,0.01511628249780999,0.018941038691367845,128,0.020573277940506014,"[64, 64]"
fno_fire_mdn,ifc_poisson,19.302057864013733,16.016360014852268,22.898859164339623,128,17.038128739239543,"[64, 64]"
fno_fire_mdn,poisson_local,0.2359633102041402,0.21444949122535303,0.2597544341870694,512,0.21619190302206553,"[128, 128]"
fno_fire_mdn,heat_local,9.929145949478906e-05,9.697696968361857e-05,0.00010187625775987915,512,0.00010349229440167184,"[128, 128]"
fno_fire_mdn,fluid,0.01640857273894161,0.015377479773131962,0.017543179053894933,256,0.0199622253041565,"[64, 64]"
fno_fire_mdn,era5,0.0642642542863717,0.05907226497658881,0.06973995043171015,7,0.06463556920653064,"[128, 256]"
fno_fire_mdn,pm_test,0.06515048106923962,0.060276460229389366,0.07024783150817997,7,0.06548083810487144,"[128, 256]"
fno_fire_mdn,advection_diffusion_generated,0.0010323540129762887,0.0009188074803499417,0.001151887850283436,100,0.0011904493706340802,"[64, 64]"
fno_fire_mdn,allen_cahn_generated,0.00017478889649188558,0.00011509520037305668,0.0002616477003141959,100,0.00041675095282666015,"[1, 256]"
fno_fire_mdn,burgers_generated,0.5307823094077917,0.4483896561575465,0.6233474349225155,100,0.4707842576796421,"[1, 256]"
fno_fire_mdn,burgers_param_generated,1.2817374726597712,1.1505274679613018,1.4244083935955412,80,1.239315014893651,"[1, 256]"
fno_fire_mdn,darcy_generated,0.08457763266367588,0.07417980800151533,0.09560653431060039,40,0.09297389543638039,"[128, 128]"
fno_fire_mdn,heat_generated,0.00011001513451400978,9.998061701973728e-05,0.0001237778904960417,100,0.00012429260744727273,"[64, 64]"
fno_fire_mdn,lid_driven_cavity_generated,0.03521237026983358,0.033711872399747794,0.03706925779920299,10,0.03513212463635291,"[256, 256]"
fno_fire_mdn,poisson_generated,0.012609298961116885,0.0111125272919541,0.014418175013203308,100,0.011959784659092693,"[64, 64]"
fno_fire_laplace,ifc_heat,0.01694938910471519,0.01517638835616832,0.018820149622458544,128,0.020237024439502253,"[64, 64]"
fno_fire_laplace,ifc_poisson,18.02828587469328,15.070942382230317,21.26571002308789,128,16.01451946239808,"[64, 64]"
fno_fire_laplace,poisson_local,0.28997704223164794,0.2548870390372001,0.3296081150531808,512,0.2718475724095575,"[128, 128]"
fno_fire_laplace,heat_local,9.326429984663136e-05,9.036787678620208e-05,9.664599207342418e-05,512,0.0001007572919690448,"[128, 128]"
fno_fire_laplace,fluid,0.015635562428843605,0.014648444807671959,0.016725694034693466,256,0.018995929094415536,"[64, 64]"
fno_fire_laplace,era5,,,,,,
fno_fire_laplace,pm_test,,,,,,
fno_fire_laplace,advection_diffusion_generated,0.0010426419191851275,0.0009307685044312364,0.0011600278576419359,100,0.0011986899686154036,"[64, 64]"
fno_fire_laplace,allen_cahn_generated,0.00895399468205147,0.0066322166075285585,0.01155751021891612,100,0.01542094434982912,"[1, 256]"
fno_fire_laplace,burgers_generated,0.5477317027302872,0.46827596344265837,0.6391031703763959,100,0.48969865096353765,"[1, 256]"
fno_fire_laplace,burgers_param_generated,1.3151602660208281,1.1911226197574423,1.4502214369588595,80,1.2985603268934278,"[1, 256]"
fno_fire_laplace,darcy_generated,0.08892427665318724,0.0777930359839662,0.10003893099345611,40,0.09923472946924433,"[128, 128]"
fno_fire_laplace,heat_generated,0.00013284154559062278,0.00011634324696630965,0.00015390610394835715,100,0.00016279249077438143,"[64, 64]"
fno_fire_laplace,lid_driven_cavity_generated,0.02386865565579336,0.022921477450036008,0.025059419467937123,10,0.0238788427039699,"[256, 256]"
fno_fire_laplace,poisson_generated,0.012114050219813089,0.010858064432338858,0.013568456142024225,100,0.01139825023690468,"[64, 64]"
fno_fire_dkl,ifc_heat,0.01704019607217066,0.015213300776697474,0.018950137465485427,128,0.020477798234020444,"[64, 64]"
fno_fire_dkl,ifc_poisson,17.879843075255017,14.93960630658796,21.091125933021136,128,15.89380618245088,"[64, 64]"
fno_fire_dkl,poisson_local,0.2889572486032903,0.25205893347692737,0.3311208498362026,512,0.27233322653230607,"[128, 128]"
fno_fire_dkl,heat_local,9.408787303253431e-05,9.129910593510843e-05,9.73192604257676e-05,512,0.00010134944201568559,"[128, 128]"
fno_fire_dkl,fluid,0.0156742814544031,0.014697553804354457,0.016753321754858042,256,0.018983200972082576,"[64, 64]"
fno_fire_dkl,era5,,,,,,
fno_fire_dkl,pm_test,,,,,,
fno_fire_dkl,advection_diffusion_generated,0.0010715932131644687,0.0009511928525549307,0.0011972436908132122,100,0.0012454295296259693,"[64, 64]"
fno_fire_dkl,allen_cahn_generated,0.009869911500091314,0.006760606100954436,0.013381404795177992,100,0.019572402244098123,"[1, 256]"
fno_fire_dkl,burgers_generated,0.5579106747117278,0.47334978516808873,0.6553603560531518,100,0.4952046663813733,"[1, 256]"
fno_fire_dkl,burgers_param_generated,1.3738116606504562,1.2496393755912312,1.5087110049538301,80,1.316820683738948,"[1, 256]"
fno_fire_dkl,darcy_generated,0.08977438321961946,0.07812530158280576,0.101472774803934,40,0.10092619859102642,"[128, 128]"
fno_fire_dkl,heat_generated,0.00013234320619292614,0.00011607149394521408,0.00015325924954610225,100,0.00016157627382284745,"[64, 64]"
fno_fire_dkl,lid_driven_cavity_generated,0.025496161873070817,0.024372820366876612,0.026796449660693198,10,0.02554429670645509,"[256, 256]"
fno_fire_dkl,poisson_generated,0.012133465824367593,0.01084637060263082,0.013630186581000535,100,0.011433219751716248,"[64, 64]"
fno_fire_cqr,ifc_heat,0.01796717077738248,0.016005558204958154,0.020012346621558017,128,0.021579179802226,"[64, 64]"
fno_fire_cqr,ifc_poisson,18.689599106160863,15.593969919438452,22.068992247740088,128,16.530954695978398,"[64, 64]"
fno_fire_cqr,poisson_local,0.40339095984317014,0.3462190843524761,0.4673048128190696,512,0.4607237328195124,"[128, 128]"
fno_fire_cqr,heat_local,9.251740799628503e-05,8.876187817911757e-05,9.679685392020026e-05,512,0.00010755035511878401,"[128, 128]"
fno_fire_cqr,fluid,0.017120952574419864,0.016072639051408155,0.01827754806344354,256,0.020559791122001514,"[64, 64]"
fno_fire_cqr,era5,0.08364161693507681,0.07899352869287837,0.08840201676387441,7,0.08386022008984104,"[128, 256]"
fno_fire_cqr,pm_test,0.08408842258233808,0.07951075960772931,0.08871340326069496,7,0.08430281197923246,"[128, 256]"
fno_fire_cqr,advection_diffusion_generated,0.0012230763557481677,0.0010724026119649727,0.0013809502177758936,100,0.0014546721923905726,"[64, 64]"
fno_fire_cqr,allen_cahn_generated,0.0035837864572534793,0.0027771480183660354,0.004492968184651787,100,0.005731318536728887,"[1, 256]"
fno_fire_cqr,burgers_generated,0.48359581490438935,0.40686923716642914,0.5757965481653365,100,0.4261133846197814,"[1, 256]"
fno_fire_cqr,burgers_param_generated,1.257400047091478,1.1453554449711632,1.3723750041159148,80,1.1982877025734016,"[1, 256]"
fno_fire_cqr,darcy_generated,0.08146609317178925,0.07075045840598033,0.09269140945304138,40,0.09055606454415197,"[128, 128]"
fno_fire_cqr,heat_generated,8.260677034834962e-05,6.961912489603462e-05,0.00010147065291405056,100,0.00011300450999447852,"[64, 64]"
fno_fire_cqr,lid_driven_cavity_generated,0.046249261592372505,0.04427312995435476,0.04881981656051276,10,0.04616133022871821,"[256, 256]"
fno_fire_cqr,poisson_generated,0.013202105832060475,0.011599857922806356,0.015061293045466738,100,0.012346988903512804,"[64, 64]"
mf_fno_pinn_transfer,ifc_heat,0.009182600183141978,0.008120490848652174,0.010288681899674489,128,0.01136835284868951,"[64, 64]"
mf_fno_pinn_transfer,ifc_poisson,0.04734370687928697,0.04034951095951312,0.05510598686376572,128,0.042106951429913386,"[64, 64]"
mf_fno_pinn_transfer,poisson_local,0.0035396405406693,0.0033487084111899924,0.0037402453556454915,512,0.003014388645165052,"[128, 128]"
mf_fno_pinn_transfer,heat_local,0.0001389334682565627,0.00013550499576511438,0.00014267953439072597,512,0.00014675361410560608,"[128, 128]"
mf_fno_pinn_transfer,fluid,0.015284563534273621,0.014396995933253377,0.016248108252637523,256,0.018203141193421705,"[64, 64]"
mf_fno_pinn_transfer,era5,0.07231217372227801,0.062089657014947626,0.0834614852360274,7,0.07374730986307398,"[128, 256]"
mf_fno_pinn_transfer,pm_test,0.07231217372227801,0.062089657014947626,0.0834614852360274,7,0.07374730986307398,"[128, 256]"
mf_fno_pinn_transfer,advection_diffusion_generated,0.00023873488038293102,0.00022023215068262195,0.0002605840041992421,100,0.0002599315326671586,"[64, 64]"
mf_fno_pinn_transfer,allen_cahn_generated,,,,,,
mf_fno_pinn_transfer,burgers_generated,,,,,,
mf_fno_pinn_transfer,burgers_param_generated,,,,,,
mf_fno_pinn_transfer,darcy_generated,0.05287813640590111,0.04525572650294891,0.060745951758170824,40,0.05619423362522517,"[128, 128]"
mf_fno_pinn_transfer,heat_generated,0.00017091802162851307,0.00015858234247495724,0.00018455137284635042,100,0.00018526752460775177,"[64, 64]"
mf_fno_pinn_transfer,lid_driven_cavity_generated,0.024547027967643385,0.02426303861723307,0.02477717807068593,10,0.024567077068620748,"[256, 256]"
mf_fno_pinn_transfer,poisson_generated,0.0025220046292544606,0.002406999498390617,0.0026377960853552216,100,0.00243920230759005,"[64, 64]"
