family,dataset,epochs,seed,n_pts,final_loss,improvement,converged
fno_coregionalization,advection_diffusion_generated,2500,42,251,0.028963,0.0279,1
fno_coregionalization,allen_cahn_generated,2500,42,251,0.020945,0.0841,0
fno_coregionalization,burgers_generated,2500,42,251,1.0,0.0,1
fno_coregionalization,burgers_param_generated,2500,42,251,1.0,0.0,1
fno_coregionalization,darcy_generated,2500,42,251,0.047183,0.2271,0
fno_coregionalization,era5,2500,42,0,,,
fno_coregionalization,ext__cahn_hilliard_2d,2500,42,251,0.3637,-0.0421,1
fno_coregionalization,ext__eikonal_2d,2500,42,251,0.038868,-0.071,1
fno_coregionalization,ext__gray_scott_2d,2500,42,251,0.25725,0.5201,0
fno_coregionalization,ext__helmholtz_2d,2500,42,251,1.065,-0.0003,1
fno_coregionalization,ext__kuramoto_sivashinsky_1d,2500,42,251,1.0001,0.0,1
fno_coregionalization,ext__pressure_poisson_poiseuille,2500,42,251,0.0053634,0.0341,1
fno_coregionalization,ext__rayleigh_benard_2d,2500,42,251,0.0036205,0.3159,0
fno_coregionalization,ext__wave_2d,2500,42,251,0.31401,0.0135,1
fno_coregionalization,fluid,2500,42,251,0.015198,0.111,0
fno_coregionalization,heat_generated,2500,42,251,0.0028176,0.3974,0
fno_coregionalization,heat_local,2500,42,251,0.0031931,0.3149,0
fno_coregionalization,ifc_heat,2500,42,251,0.0034979,0.3714,0
fno_coregionalization,ifc_poisson,2500,42,251,0.058185,0.0571,0
fno_coregionalization,lid_driven_cavity_generated,2500,42,251,0.003411,0.6442,0
fno_coregionalization,pm_test,2500,42,0,,,
fno_coregionalization,poisson_generated,2500,42,251,0.49137,0.0004,1
fno_coregionalization,poisson_local,2500,42,251,0.63969,-0.0,1
fno_coregionalization,sharp__allen_cahn_1d,2500,42,251,1.0002,-0.0001,1
fno_coregionalization,sharp__allen_cahn_2d,2500,42,251,1.0002,0.0,1
fno_coregionalization,sharp__burgers_1d,2500,42,251,0.021692,0.0132,1
fno_coregionalization,sharp__burgers_2d,2500,42,251,0.011204,0.206,0
fno_coregionalization,sharp__cahn_hilliard,2500,42,251,0.091294,0.0062,1
fno_coregionalization,sharp__euler,2500,42,251,0.016899,0.0347,1
fno_coregionalization,sharp__fisher_kpp_1d,2500,42,251,0.34409,0.0004,1
fno_coregionalization,sharp__fisher_kpp_2d,2500,42,251,0.23591,0.0014,1
fno_coregionalization,sharp__helmholtz_2d,2500,42,251,0.99776,-0.0,1
fno_coregionalization,sharp__kuramoto_sivashinsky_1d,2500,42,251,0.011833,0.5149,0
fno_coregionalization,sharp__kuramoto_sivashinsky_2d,2500,42,251,1.0,0.0,1
fno_coregionalization,sharp__nls_1d,2500,42,251,0.33465,0.1674,0
fno_coregionalization,sharp__phase_field_crystal_2d,2500,42,251,0.60464,0.0009,1
fno_coregionalization,sharp__porous_medium_1d,2500,42,251,0.010058,0.1073,0
fno_coregionalization,sharp__porous_medium_2d,2500,42,251,0.049434,0.0266,1
fno_coregionalization,sharp__shallow_water_1d,2500,42,251,0.0050252,0.1912,0
fno_coregionalization,sharp__shallow_water_2d,2500,42,251,0.014829,-0.3379,1
fno_coregionalization,sharp__sine_gordon_1d,2500,42,251,0.0089861,0.7223,0
fno_coregionalization,sharp__sod_1d,2500,42,251,0.0040416,0.1233,0
fno_fire_distcond,advection_diffusion_generated,2500,42,0,,,
fno_fire_distcond,allen_cahn_generated,2500,42,0,,,
fno_fire_distcond,burgers_generated,2500,42,0,,,
fno_fire_distcond,burgers_param_generated,2500,42,0,,,
fno_fire_distcond,darcy_generated,2500,42,0,,,
fno_fire_distcond,era5,2500,42,0,,,
fno_fire_distcond,ext__cahn_hilliard_2d,2500,42,0,,,
fno_fire_distcond,ext__eikonal_2d,2500,42,0,,,
fno_fire_distcond,ext__gray_scott_2d,2500,42,0,,,
fno_fire_distcond,ext__helmholtz_2d,2500,42,0,,,
fno_fire_distcond,ext__kuramoto_sivashinsky_1d,2500,42,0,,,
fno_fire_distcond,ext__pressure_poisson_poiseuille,2500,42,0,,,
fno_fire_distcond,ext__rayleigh_benard_2d,2500,42,0,,,
fno_fire_distcond,ext__wave_2d,2500,42,0,,,
fno_fire_distcond,fluid,2500,42,0,,,
fno_fire_distcond,heat_generated,2500,42,0,,,
fno_fire_distcond,heat_local,2500,42,0,,,
fno_fire_distcond,ifc_heat,2500,42,0,,,
fno_fire_distcond,ifc_poisson,2500,42,0,,,
fno_fire_distcond,lid_driven_cavity_generated,2500,42,0,,,
fno_fire_distcond,pm_test,2500,42,0,,,
fno_fire_distcond,poisson_generated,2500,42,0,,,
fno_fire_distcond,poisson_local,2500,42,0,,,
fno_fire_distcond,sharp__allen_cahn_1d,2500,42,0,,,
fno_fire_distcond,sharp__allen_cahn_2d,2500,42,0,,,
fno_fire_distcond,sharp__burgers_1d,2500,42,0,,,
fno_fire_distcond,sharp__burgers_2d,2500,42,0,,,
fno_fire_distcond,sharp__cahn_hilliard,2500,42,0,,,
fno_fire_distcond,sharp__euler,2500,42,0,,,
fno_fire_distcond,sharp__fisher_kpp_1d,2500,42,0,,,
fno_fire_distcond,sharp__fisher_kpp_2d,2500,42,0,,,
fno_fire_distcond,sharp__helmholtz_2d,2500,42,0,,,
fno_fire_distcond,sharp__kuramoto_sivashinsky_1d,2500,42,0,,,
fno_fire_distcond,sharp__kuramoto_sivashinsky_2d,2500,42,0,,,
fno_fire_distcond,sharp__nls_1d,2500,42,0,,,
fno_fire_distcond,sharp__phase_field_crystal_2d,2500,42,0,,,
fno_fire_distcond,sharp__porous_medium_1d,2500,42,0,,,
fno_fire_distcond,sharp__porous_medium_2d,2500,42,0,,,
fno_fire_distcond,sharp__shallow_water_1d,2500,42,0,,,
fno_fire_distcond,sharp__shallow_water_2d,2500,42,0,,,
fno_fire_distcond,sharp__sine_gordon_1d,2500,42,0,,,
fno_fire_distcond,sharp__sod_1d,2500,42,0,,,
mf_deeponet,advection_diffusion_generated,2500,42,1,1.09,,
mf_deeponet,allen_cahn_generated,2500,42,1,0.484,,
mf_deeponet,burgers_generated,2500,42,1,441.0,,
mf_deeponet,burgers_param_generated,2500,42,1,230.0,,
mf_deeponet,darcy_generated,2500,42,1,84.2,,
mf_deeponet,era5,2500,42,1,0.496,,
mf_deeponet,ext__cahn_hilliard_2d,2500,42,1,1.04,,
mf_deeponet,ext__eikonal_2d,2500,42,1,2.24,,
mf_deeponet,ext__gray_scott_2d,2500,42,1,0.108,,
mf_deeponet,ext__helmholtz_2d,2500,42,1,0.0504,,
mf_deeponet,ext__kuramoto_sivashinsky_1d,2500,42,1,0.784,,
mf_deeponet,ext__pressure_poisson_poiseuille,2500,42,1,0.146,,
mf_deeponet,ext__rayleigh_benard_2d,2500,42,1,0.0231,,
mf_deeponet,ext__wave_2d,2500,42,1,1.7,,
mf_deeponet,fluid,2500,42,1,0.041,,
mf_deeponet,heat_generated,2500,42,1,1.06,,
mf_deeponet,heat_local,2500,42,1,0.44,,
mf_deeponet,ifc_heat,2500,42,1,0.622,,
mf_deeponet,ifc_poisson,2500,42,1,0.177,,
mf_deeponet,lid_driven_cavity_generated,2500,42,1,0.983,,
mf_deeponet,pm_test,2500,42,1,0.496,,
mf_deeponet,poisson_generated,2500,42,1,0.000257,,
mf_deeponet,poisson_local,2500,42,1,0.000101,,
mf_deeponet,sharp__allen_cahn_1d,2500,42,1,117.0,,
mf_deeponet,sharp__allen_cahn_2d,2500,42,1,60.4,,
mf_deeponet,sharp__burgers_1d,2500,42,1,0.891,,
mf_deeponet,sharp__burgers_2d,2500,42,1,0.0569,,
mf_deeponet,sharp__cahn_hilliard,2500,42,1,16.2,,
mf_deeponet,sharp__euler,2500,42,1,2.07,,
mf_deeponet,sharp__fisher_kpp_1d,2500,42,1,5.96,,
mf_deeponet,sharp__fisher_kpp_2d,2500,42,1,3.73,,
mf_deeponet,sharp__helmholtz_2d,2500,42,1,0.0282,,
mf_deeponet,sharp__kuramoto_sivashinsky_1d,2500,42,1,100.0,,
mf_deeponet,sharp__kuramoto_sivashinsky_2d,2500,42,1,55.8,,
mf_deeponet,sharp__nls_1d,2500,42,1,76.8,,
mf_deeponet,sharp__phase_field_crystal_2d,2500,42,1,16.3,,
mf_deeponet,sharp__porous_medium_1d,2500,42,1,0.0381,,
mf_deeponet,sharp__porous_medium_2d,2500,42,1,0.0765,,
mf_deeponet,sharp__shallow_water_1d,2500,42,1,0.0592,,
mf_deeponet,sharp__shallow_water_2d,2500,42,1,0.261,,
mf_deeponet,sharp__sine_gordon_1d,2500,42,1,185.0,,
mf_deeponet,sharp__sod_1d,2500,42,1,0.0344,,
mf_fno_allpairs,advection_diffusion_generated,2500,42,10,4.3379e-09,0.4411,1
mf_fno_allpairs,allen_cahn_generated,2500,42,10,3.4292e-08,0.9144,1
mf_fno_allpairs,burgers_2d_generated,2500,42,10,3.1658e-06,0.0601,1
mf_fno_allpairs,burgers_generated,2500,42,10,3.9086e-08,0.8305,1
mf_fno_allpairs,burgers_param_generated,2500,42,10,1.328e-07,0.8116,1
mf_fno_allpairs,cahn_hilliard_generated,2500,42,10,0.00035352,0.5097,1
mf_fno_allpairs,darcy_generated,2500,42,10,3.8076e-08,0.1258,1
mf_fno_allpairs,era5,2500,42,4,0.0003594,0.0367,1
mf_fno_allpairs,euler_generated,2500,42,10,2.3869e-06,0.0383,1
mf_fno_allpairs,ext__cahn_hilliard_2d,2500,42,10,3.2153e-05,0.4849,1
mf_fno_allpairs,ext__eikonal_2d,2500,42,10,1.049e-06,0.2061,1
mf_fno_allpairs,ext__gray_scott_2d,2500,42,10,0.0015522,0.4307,0
mf_fno_allpairs,ext__helmholtz_2d,2500,42,10,2.7855e-06,0.0217,1
mf_fno_allpairs,ext__kuramoto_sivashinsky_1d,2500,42,10,0.012871,0.0447,1
mf_fno_allpairs,ext__pressure_poisson_poiseuille,2500,42,10,1.0699e-08,0.1137,1
mf_fno_allpairs,ext__rayleigh_benard_2d,2500,42,10,3.4376e-09,0.331,1
mf_fno_allpairs,ext__wave_2d,2500,42,10,4.1283e-06,0.2675,1
mf_fno_allpairs,fluid,2500,42,10,2.6289e-06,0.1305,1
mf_fno_allpairs,heat_generated,2500,42,10,3.9961e-09,0.298,1
mf_fno_allpairs,heat_local,2500,42,10,2.0198e-09,0.7236,1
mf_fno_allpairs,ifc_heat,2500,42,10,5.7756e-08,0.095,1
mf_fno_allpairs,ifc_poisson,2500,42,10,3.6831e-07,0.2084,1
mf_fno_allpairs,kuramoto_sivashinsky_generated,2500,42,10,0.00028609,0.4919,1
mf_fno_allpairs,lid_driven_cavity_generated,2500,42,10,1.5752e-08,0.02,1
mf_fno_allpairs,pm_test,2500,42,4,0.0003594,0.0367,1
mf_fno_allpairs,poisson_generated,2500,42,10,9.9048e-09,0.2827,1
mf_fno_allpairs,poisson_local,2500,42,10,2.1537e-07,0.1516,1
mf_fno_allpairs,shallow_water_2d_generated,2500,42,10,1.8363e-06,0.2054,1
mf_fno_allpairs,sharp__allen_cahn_1d,2500,42,10,2.1075e-07,0.3677,1
mf_fno_allpairs,sharp__allen_cahn_2d,2500,42,10,9.7159e-07,-0.0093,1
mf_fno_allpairs,sharp__burgers_1d,2500,42,10,1.3321e-09,0.6481,1
mf_fno_allpairs,sharp__burgers_2d,2500,42,10,3.1658e-06,0.0601,1
mf_fno_allpairs,sharp__cahn_hilliard,2500,42,10,3.0308e-07,0.3699,1
mf_fno_allpairs,sharp__euler,2500,42,10,2.3883e-06,0.0084,1
mf_fno_allpairs,sharp__fisher_kpp_1d,2500,42,10,0.020991,0.0413,1
mf_fno_allpairs,sharp__fisher_kpp_2d,2500,42,10,0.009033,0.0793,0
mf_fno_allpairs,sharp__helmholtz_2d,2500,42,10,3.0902e-05,0.775,1
mf_fno_allpairs,sharp__kuramoto_sivashinsky_1d,2500,42,10,4.0596e-08,0.7369,1
mf_fno_allpairs,sharp__kuramoto_sivashinsky_2d,2500,42,10,5.975e-08,0.5353,1
mf_fno_allpairs,sharp__nls_1d,2500,42,10,3.6615e-08,0.7707,1
mf_fno_allpairs,sharp__phase_field_crystal_2d,2500,42,10,3.8767e-05,0.9118,1
mf_fno_allpairs,sharp__porous_medium_1d,2500,42,10,7.872e-09,0.5261,1
mf_fno_allpairs,sharp__porous_medium_2d,2500,42,10,2.0609e-09,0.3936,1
mf_fno_allpairs,sharp__shallow_water_1d,2500,42,10,7.0377e-07,0.2164,1
mf_fno_allpairs,sharp__shallow_water_2d,2500,42,10,1.8429e-06,0.1968,1
mf_fno_allpairs,sharp__sine_gordon_1d,2500,42,10,5.0814e-08,0.6649,1
mf_fno_allpairs,sharp__sod_1d,2500,42,10,1.175e-08,0.1597,1
mf_fno_diffprior,burgers_2d_generated,2500,42,11,0.909183,-18.0333,1
mf_fno_diffprior,cahn_hilliard_generated,2500,42,11,1.107545,-4.9303,1
mf_fno_diffprior,darcy_generated,2500,42,11,0.44148,-4.9097,1
mf_fno_diffprior,era5,2500,42,11,0.152503,0.2938,0
mf_fno_diffprior,euler_generated,2500,42,11,0.31236,-1.7431,1
mf_fno_diffprior,heat_local,2500,42,11,0.146819,-2.0541,1
mf_fno_diffprior,ifc_poisson,2500,42,11,64.517196,-389.8475,1
mf_fno_diffprior,kuramoto_sivashinsky_generated,2500,42,11,1.175048,-11.4004,1
mf_fno_diffprior,lid_driven_cavity_generated,2500,42,11,0.745257,0.265,0
mf_fno_diffprior,pm_test,2500,42,11,0.135077,0.3609,0
mf_fno_diffprior,poisson_local,2500,42,11,103.81682,-734.6113,1
mf_fno_diffprior,shallow_water_2d_generated,2500,42,11,0.286358,-2.4002,1
mf_fno_foundation,burgers_2d_generated,2500,42,5,3.6718e-06,0.033,1
mf_fno_foundation,cahn_hilliard_generated,2500,42,5,0.0012511,0.2036,0
mf_fno_foundation,darcy_generated,2500,42,5,1.1581e-07,0.0225,1
mf_fno_foundation,era5,2500,42,5,8.7479e-06,0.0204,1
mf_fno_foundation,euler_generated,2500,42,5,7.2349e-06,0.0291,1
mf_fno_foundation,heat_local,2500,42,5,1.0005e-08,0.1006,1
mf_fno_foundation,ifc_poisson,2500,42,5,6.073e-08,0.026,1
mf_fno_foundation,kuramoto_sivashinsky_generated,2500,42,5,3.5566e-05,0.5598,1
mf_fno_foundation,lid_driven_cavity_generated,2500,42,5,3.3124e-08,0.0201,1
mf_fno_foundation,pm_test,2500,42,5,8.7479e-06,0.0204,1
mf_fno_foundation,poisson_local,2500,42,5,6.7878e-08,0.0784,1
mf_fno_foundation,shallow_water_2d_generated,2500,42,5,2.1737e-06,0.1102,1
mf_fno_hyperfilm,burgers_2d_generated,2500,42,5,3.3841e-06,0.0467,1
mf_fno_hyperfilm,cahn_hilliard_generated,2500,42,5,0.0025499,0.1634,0
mf_fno_hyperfilm,darcy_generated,2500,42,5,4.7175e-08,0.044,1
mf_fno_hyperfilm,era5,2500,42,5,1.0392e-05,0.0069,1
mf_fno_hyperfilm,euler_generated,2500,42,5,4.2989e-06,0.0254,1
mf_fno_hyperfilm,heat_local,2500,42,5,5.9697e-09,0.3689,1
mf_fno_hyperfilm,ifc_poisson,2500,42,5,8.1915e-08,0.0369,1
mf_fno_hyperfilm,kuramoto_sivashinsky_generated,2500,42,5,0.00032716,0.0952,1
mf_fno_hyperfilm,lid_driven_cavity_generated,2500,42,5,3.3179e-08,0.0213,1
mf_fno_hyperfilm,pm_test,2500,42,5,1.0392e-05,0.0069,1
mf_fno_hyperfilm,poisson_local,2500,42,5,4.8491e-08,0.1055,1
mf_fno_hyperfilm,shallow_water_2d_generated,2500,42,5,3.2264e-06,0.1007,1
mf_fno_lora,burgers_2d_generated,2500,42,6,0.20085671941693095,-2977.8767,1
mf_fno_lora,cahn_hilliard_generated,2500,42,6,1.4045016835868205,-2.8829,1
mf_fno_lora,darcy_generated,2500,42,6,0.0843968372208894,-156955.0492,1
mf_fno_lora,era5,2500,42,6,0.1229534345708966,-343.0123,1
mf_fno_lora,euler_generated,2500,42,6,0.16031394282218728,-459.0773,1
mf_fno_lora,heat_local,2500,42,6,0.03399443018008846,-97420.9928,1
mf_fno_lora,ifc_poisson,2500,42,6,0.8240089918120773,-3872.8611,1
mf_fno_lora,kuramoto_sivashinsky_generated,2500,42,6,1.378054847794577,-763.6515,1
mf_fno_lora,lid_driven_cavity_generated,2500,42,6,5.204069436496435,-480345.0805,1
mf_fno_lora,pm_test,2500,42,6,0.1229534345708966,-343.0123,1
mf_fno_lora,poisson_local,2500,42,6,0.8565073116850743,-166395.1052,1
mf_fno_lora,shallow_water_2d_generated,2500,42,6,0.0693197896594012,-2766.0362,1
mf_fno_ptr,burgers_2d_generated,2500,42,6,0.005411,-1627.9361,1
mf_fno_ptr,cahn_hilliard_generated,2500,42,6,1.363188,-1401.5578,1
mf_fno_ptr,darcy_generated,2500,42,6,0.057782,-1608674.0745,1
mf_fno_ptr,era5,2500,42,6,0.073747,-7444.7323,1
mf_fno_ptr,euler_generated,2500,42,6,0.073464,-22193.5619,1
mf_fno_ptr,heat_local,2500,42,6,0.000148,-24817.473,1
mf_fno_ptr,ifc_poisson,2500,42,6,0.042175,-514347.0859,1
mf_fno_ptr,kuramoto_sivashinsky_generated,2500,42,6,1.402379,-1831.6002,1
mf_fno_ptr,lid_driven_cavity_generated,2500,42,6,0.020243,-194830.5688,1
mf_fno_ptr,pm_test,2500,42,6,0.073747,-7444.7323,1
mf_fno_ptr,poisson_local,2500,42,6,0.002128,-42405.4885,1
mf_fno_ptr,shallow_water_2d_generated,2500,42,6,0.005285,-2109.7073,1
mf_fno_richardson,burgers_2d_generated,2500,42,6,1.0,-517329.5742,1
mf_fno_richardson,cahn_hilliard_generated,2500,42,6,1.0,-1542.067,1
mf_fno_richardson,darcy_generated,2500,42,6,1.0,-15005100.7346,1
mf_fno_richardson,era5,2500,42,6,1.0,-3057.291,1
mf_fno_richardson,euler_generated,2500,42,6,1.0,-381445.4449,1
mf_fno_richardson,heat_local,2500,42,6,1.0,-109056010.1673,1
mf_fno_richardson,ifc_poisson,2500,42,6,1.0,-38393610.3031,1
mf_fno_richardson,kuramoto_sivashinsky_generated,2500,42,6,1.0,-15669.297,1
mf_fno_richardson,lid_driven_cavity_generated,2500,42,6,1.0,-19757378.3812,1
mf_fno_richardson,pm_test,2500,42,6,1.0,-3057.291,1
mf_fno_richardson,poisson_local,2500,42,6,1.0,-45464877.3815,1
mf_fno_richardson,shallow_water_2d_generated,2500,42,6,1.0,-127345.3566,1
mf_fno_spectral,burgers_2d_generated,2500,42,5,1.1019e-05,0.0269,1
mf_fno_spectral,cahn_hilliard_generated,2500,42,5,0.30882,0.0025,1
mf_fno_spectral,darcy_generated,2500,42,5,1.0409e-07,0.0289,1
mf_fno_spectral,era5,2500,42,5,0.00019402,0.0105,1
mf_fno_spectral,euler_generated,2500,42,5,0.00018144,0.0086,1
mf_fno_spectral,heat_local,2500,42,5,2.4276e-08,0.0991,1
mf_fno_spectral,ifc_poisson,2500,42,5,1.1677e-07,0.03,1
mf_fno_spectral,kuramoto_sivashinsky_generated,2500,42,5,0.0017877,0.0259,1
mf_fno_spectral,lid_driven_cavity_generated,2500,42,5,9.3231e-07,0.0235,1
mf_fno_spectral,pm_test,2500,42,5,0.00019402,0.0105,1
mf_fno_spectral,poisson_local,2500,42,5,2.8135e-07,0.0611,1
mf_fno_spectral,shallow_water_2d_generated,2500,42,5,6.8751e-06,0.1066,1
mf_fno_transfer,advection_diffusion_generated,2500,42,5,4.1337e-08,0.4519,1
mf_fno_transfer,allen_cahn_generated,2500,42,5,4.2035e-08,0.8962,1
mf_fno_transfer,burgers_generated,2500,42,5,8.8454e-08,0.701,1
mf_fno_transfer,burgers_param_generated,2500,42,5,1.9595e-07,0.6049,1
mf_fno_transfer,darcy_generated,2500,42,5,5.2296e-08,0.059,1
mf_fno_transfer,era5,2500,42,5,2.3062e-05,0.0219,1
mf_fno_transfer,ext__cahn_hilliard_2d,2500,42,5,0.00010169,0.2895,1
mf_fno_transfer,ext__eikonal_2d,2500,42,5,7.7582e-07,0.0534,1
mf_fno_transfer,ext__gray_scott_2d,2500,42,5,0.00014477,0.2649,1
mf_fno_transfer,ext__helmholtz_2d,2500,42,5,2.8115e-06,0.0115,1
mf_fno_transfer,ext__kuramoto_sivashinsky_1d,2500,42,5,0.029815,0.0144,1
mf_fno_transfer,ext__pressure_poisson_poiseuille,2500,42,5,8.0613e-08,0.4253,1
mf_fno_transfer,ext__rayleigh_benard_2d,2500,42,5,4.7537e-09,0.1301,1
mf_fno_transfer,ext__wave_2d,2500,42,5,1.9934e-06,0.1914,1
mf_fno_transfer,fluid,2500,42,5,1.4175e-06,0.0599,1
mf_fno_transfer,heat_generated,2500,42,5,9.714e-09,0.4748,1
mf_fno_transfer,heat_local,2500,42,5,1.1386e-08,0.1479,1
mf_fno_transfer,ifc_heat,2500,42,5,5.1388e-08,0.0295,1
mf_fno_transfer,ifc_poisson,2500,42,5,7.0254e-08,0.0165,1
mf_fno_transfer,lid_driven_cavity_generated,2500,42,5,4.6014e-07,0.0444,1
mf_fno_transfer,pm_test,2500,42,5,2.3062e-05,0.0219,1
mf_fno_transfer,poisson_generated,2500,42,5,9.2108e-09,0.1103,1
mf_fno_transfer,poisson_local,2500,42,5,5.7205e-08,0.0693,1
mf_fno_transfer,sharp__allen_cahn_1d,2500,42,5,7.6657e-07,0.2536,1
mf_fno_transfer,sharp__allen_cahn_2d,2500,42,5,2.4973e-06,0.0384,1
mf_fno_transfer,sharp__burgers_1d,2500,42,5,2.6302e-09,0.6875,1
mf_fno_transfer,sharp__burgers_2d,2500,42,5,3.5353e-06,0.025,1
mf_fno_transfer,sharp__cahn_hilliard,2500,42,5,6.7284e-07,0.0898,1
mf_fno_transfer,sharp__euler,2500,42,5,3.6853e-06,0.0241,1
mf_fno_transfer,sharp__fisher_kpp_1d,2500,42,5,0.034367,0.0097,1
mf_fno_transfer,sharp__fisher_kpp_2d,2500,42,5,0.013366,0.0284,1
mf_fno_transfer,sharp__helmholtz_2d,2500,42,5,0.00018087,0.6615,1
mf_fno_transfer,sharp__kuramoto_sivashinsky_1d,2500,42,5,8.609e-08,0.3426,1
mf_fno_transfer,sharp__kuramoto_sivashinsky_2d,2500,42,5,8.5947e-08,0.0935,1
mf_fno_transfer,sharp__nls_1d,2500,42,5,5.5313e-08,0.2436,1
mf_fno_transfer,sharp__phase_field_crystal_2d,2500,42,5,3.5153e-05,0.5929,1
mf_fno_transfer,sharp__porous_medium_1d,2500,42,5,1.8497e-08,0.2956,1
mf_fno_transfer,sharp__porous_medium_2d,2500,42,5,7.2689e-09,0.195,1
mf_fno_transfer,sharp__shallow_water_1d,2500,42,5,1.0167e-06,0.1718,1
mf_fno_transfer,sharp__shallow_water_2d,2500,42,5,2.2102e-06,0.0723,1
mf_fno_transfer,sharp__sine_gordon_1d,2500,42,5,6.5979e-08,0.4036,1
mf_fno_transfer,sharp__sod_1d,2500,42,5,1.7435e-08,0.0454,1
mf_fno_transfer_bar,advection_diffusion_generated,2500,42,5,4.1262e-08,0.4614,1
mf_fno_transfer_bar,allen_cahn_generated,2500,42,5,4.2035e-08,0.8962,1
mf_fno_transfer_bar,burgers_2d_generated,2500,42,5,3.5353e-06,0.025,1
mf_fno_transfer_bar,burgers_generated,2500,42,5,8.8454e-08,0.701,1
mf_fno_transfer_bar,burgers_param_generated,2500,42,5,1.9595e-07,0.6049,1
mf_fno_transfer_bar,cahn_hilliard_generated,2500,42,5,0.00026089,0.5434,1
mf_fno_transfer_bar,darcy_generated,2500,42,5,5.1573e-08,0.0563,1
mf_fno_transfer_bar,era5,2500,42,5,2.3062e-05,0.0219,1
mf_fno_transfer_bar,euler_generated,2500,42,5,3.5918e-06,0.0228,1
mf_fno_transfer_bar,ext__cahn_hilliard_2d,2500,42,5,0.00010231,0.3885,1
mf_fno_transfer_bar,ext__eikonal_2d,2500,42,5,7.6181e-07,0.0514,1
mf_fno_transfer_bar,ext__gray_scott_2d,2500,42,5,7.5781e-05,0.4436,1
mf_fno_transfer_bar,ext__helmholtz_2d,2500,42,5,2.2395e-06,0.006,1
mf_fno_transfer_bar,ext__kuramoto_sivashinsky_1d,2500,42,5,0.029128,0.0149,1
mf_fno_transfer_bar,ext__pressure_poisson_poiseuille,2500,42,5,7.6543e-08,0.3594,1
mf_fno_transfer_bar,ext__rayleigh_benard_2d,2500,42,5,4.6455e-09,0.0451,1
mf_fno_transfer_bar,ext__wave_2d,2500,42,5,1.9918e-06,0.1893,1
mf_fno_transfer_bar,fluid,2500,42,5,1.4176e-06,0.0601,1
mf_fno_transfer_bar,heat_generated,2500,42,5,9.5811e-09,0.1169,1
mf_fno_transfer_bar,heat_local,2500,42,5,1.1259e-08,0.1581,1
mf_fno_transfer_bar,ifc_heat,2500,42,5,5.8683e-08,0.0269,1
mf_fno_transfer_bar,ifc_poisson,2500,42,5,6.6978e-08,0.0223,1
mf_fno_transfer_bar,kuramoto_sivashinsky_generated,2500,42,5,0.00096422,0.0738,1
mf_fno_transfer_bar,lid_driven_cavity_generated,2500,42,5,4.6014e-07,0.0444,1
mf_fno_transfer_bar,pm_test,2500,42,5,2.3062e-05,0.0219,1
mf_fno_transfer_bar,poisson_generated,2500,42,5,9.2754e-09,0.1376,1
mf_fno_transfer_bar,poisson_local,2500,42,5,5.9228e-08,0.1038,1
mf_fno_transfer_bar,shallow_water_2d_generated,2500,42,5,2.1593e-06,0.07,1
mf_fno_transfer_bar,sharp__allen_cahn_1d,2500,42,5,7.6657e-07,0.2536,1
mf_fno_transfer_bar,sharp__allen_cahn_2d,2500,42,5,2.4973e-06,0.0384,1
mf_fno_transfer_bar,sharp__burgers_1d,2500,42,5,2.6302e-09,0.6875,1
mf_fno_transfer_bar,sharp__burgers_2d,2500,42,5,3.5353e-06,0.025,1
mf_fno_transfer_bar,sharp__cahn_hilliard,2500,42,5,6.7284e-07,0.0898,1
mf_fno_transfer_bar,sharp__euler,2500,42,5,3.669e-06,0.0244,1
mf_fno_transfer_bar,sharp__fisher_kpp_1d,2500,42,5,0.034367,0.0097,1
mf_fno_transfer_bar,sharp__fisher_kpp_2d,2500,42,5,0.013366,0.0284,1
mf_fno_transfer_bar,sharp__helmholtz_2d,2500,42,5,0.00018087,0.6615,1
mf_fno_transfer_bar,sharp__kuramoto_sivashinsky_1d,2500,42,5,8.609e-08,0.3426,1
mf_fno_transfer_bar,sharp__kuramoto_sivashinsky_2d,2500,42,5,8.5947e-08,0.0935,1
mf_fno_transfer_bar,sharp__nls_1d,2500,42,5,5.5313e-08,0.2436,1
mf_fno_transfer_bar,sharp__phase_field_crystal_2d,2500,42,5,2.9721e-05,0.714,1
mf_fno_transfer_bar,sharp__porous_medium_1d,2500,42,5,1.8497e-08,0.2956,1
mf_fno_transfer_bar,sharp__porous_medium_2d,2500,42,5,7.2689e-09,0.195,1
mf_fno_transfer_bar,sharp__shallow_water_1d,2500,42,5,1.0167e-06,0.1718,1
mf_fno_transfer_bar,sharp__shallow_water_2d,2500,42,5,2.2087e-06,0.0706,1
mf_fno_transfer_bar,sharp__sine_gordon_1d,2500,42,5,6.5979e-08,0.4036,1
mf_fno_transfer_bar,sharp__sod_1d,2500,42,5,1.7435e-08,0.0454,1
mf_fno_transfer_film,advection_diffusion_generated,2500,42,5,4.016e-09,0.2879,1
mf_fno_transfer_film,allen_cahn_generated,2500,42,5,3.8912e-08,0.746,1
mf_fno_transfer_film,burgers_2d_generated,2500,42,5,3.3218e-06,0.0356,1
mf_fno_transfer_film,burgers_generated,2500,42,5,7.7608e-08,0.3379,1
mf_fno_transfer_film,burgers_param_generated,2500,42,5,1.7989e-07,0.4744,1
mf_fno_transfer_film,cahn_hilliard_generated,2500,42,5,0.00097193,0.1089,1
mf_fno_transfer_film,darcy_generated,2500,42,5,3.6517e-08,0.0204,1
mf_fno_transfer_film,era5,2500,42,5,9.9046e-06,0.0413,1
mf_fno_transfer_film,euler_generated,2500,42,5,3.2851e-06,0.0255,1
mf_fno_transfer_film,ext__cahn_hilliard_2d,2500,42,5,5.0828e-05,0.5755,1
mf_fno_transfer_film,ext__eikonal_2d,2500,42,5,9.5781e-07,0.0612,1
mf_fno_transfer_film,ext__gray_scott_2d,2500,42,5,0.0011004,0.1083,0
mf_fno_transfer_film,ext__helmholtz_2d,2500,42,5,1.9333e-07,0.0645,1
mf_fno_transfer_film,ext__kuramoto_sivashinsky_1d,2500,42,5,0.029805,0.0151,1
mf_fno_transfer_film,ext__pressure_poisson_poiseuille,2500,42,5,4.2557e-08,0.2591,1
mf_fno_transfer_film,ext__rayleigh_benard_2d,2500,42,5,2.9917e-09,0.1536,1
mf_fno_transfer_film,ext__wave_2d,2500,42,5,1.754e-06,0.1725,1
mf_fno_transfer_film,fluid,2500,42,5,1.2728e-06,0.0674,1
mf_fno_transfer_film,heat_generated,2500,42,5,8.2284e-09,0.2019,1
mf_fno_transfer_film,heat_local,2500,42,5,6.1607e-09,0.3544,1
mf_fno_transfer_film,ifc_heat,2500,42,5,6.9151e-08,0.0268,1
mf_fno_transfer_film,ifc_poisson,2500,42,5,8.4621e-08,0.0306,1
mf_fno_transfer_film,kuramoto_sivashinsky_generated,2500,42,5,0.00076524,0.0832,1
mf_fno_transfer_film,lid_driven_cavity_generated,2500,42,5,1.039e-07,0.0248,1
mf_fno_transfer_film,pm_test,2500,42,5,9.9046e-06,0.0413,1
mf_fno_transfer_film,poisson_generated,2500,42,5,3.4893e-09,0.0869,1
mf_fno_transfer_film,poisson_local,2500,42,5,5.5612e-08,0.1256,1
mf_fno_transfer_film,shallow_water_2d_generated,2500,42,5,2.5493e-06,0.0852,1
mf_fno_transfer_film,sharp__allen_cahn_1d,2500,42,5,4.0667e-07,0.1828,1
mf_fno_transfer_film,sharp__allen_cahn_2d,2500,42,5,1.9618e-06,-0.0361,1
mf_fno_transfer_film,sharp__burgers_1d,2500,42,5,1.8612e-09,0.7025,1
mf_fno_transfer_film,sharp__burgers_2d,2500,42,5,3.3218e-06,0.0356,1
mf_fno_transfer_film,sharp__cahn_hilliard,2500,42,5,9.751e-07,0.0961,1
mf_fno_transfer_film,sharp__euler,2500,42,5,3.3098e-06,0.0222,1
mf_fno_transfer_film,sharp__fisher_kpp_1d,2500,42,5,0.031908,0.0107,1
mf_fno_transfer_film,sharp__fisher_kpp_2d,2500,42,5,0.014604,0.0195,1
mf_fno_transfer_film,sharp__helmholtz_2d,2500,42,5,0.00012059,0.5083,1
mf_fno_transfer_film,sharp__kuramoto_sivashinsky_1d,2500,42,5,8.1498e-08,0.4201,1
mf_fno_transfer_film,sharp__kuramoto_sivashinsky_2d,2500,42,5,1.0049e-07,0.0953,1
mf_fno_transfer_film,sharp__nls_1d,2500,42,5,7.8431e-08,0.2071,1
mf_fno_transfer_film,sharp__phase_field_crystal_2d,2500,42,5,2.4359e-05,0.166,1
mf_fno_transfer_film,sharp__porous_medium_1d,2500,42,5,1.1547e-08,0.3055,1
mf_fno_transfer_film,sharp__porous_medium_2d,2500,42,5,3.1854e-09,0.2506,1
mf_fno_transfer_film,sharp__shallow_water_1d,2500,42,5,7.3725e-07,0.1679,1
mf_fno_transfer_film,sharp__shallow_water_2d,2500,42,5,2.5499e-06,0.0604,1
mf_fno_transfer_film,sharp__sine_gordon_1d,2500,42,5,9.1497e-08,0.3758,1
mf_fno_transfer_film,sharp__sod_1d,2500,42,5,1.3306e-08,0.3454,1
mfrnp,advection_diffusion_generated,2500,42,2500,0.13667,0.5899,0
mfrnp,allen_cahn_generated,2500,42,2500,0.66876,-0.0004,1
mfrnp,burgers_generated,2500,42,2500,0.45495,0.0531,0
mfrnp,burgers_param_generated,2500,42,2500,0.974,0.0031,1
mfrnp,darcy_generated,2500,42,2500,0.16261,0.0908,0
mfrnp,era5,2500,42,2500,0.16807,-0.0531,1
mfrnp,ext__cahn_hilliard_2d,2500,42,2500,0.99099,0.0064,1
mfrnp,ext__eikonal_2d,2500,42,2500,0.13054,0.0814,0
mfrnp,ext__gray_scott_2d,2500,42,2500,0.58303,0.0044,1
mfrnp,ext__helmholtz_2d,2500,42,2500,1.5934,0.3096,0
mfrnp,ext__kuramoto_sivashinsky_1d,2500,42,2500,0.98769,-0.0001,1
mfrnp,ext__pressure_poisson_poiseuille,2500,42,2500,0.28374,0.0217,1
mfrnp,ext__rayleigh_benard_2d,2500,42,2500,0.092816,-0.0536,1
mfrnp,ext__wave_2d,2500,42,2500,0.94273,-0.0005,1
mfrnp,fluid,2500,42,2500,0.30729,0.1433,0
mfrnp,heat_generated,2500,42,2500,0.06292,0.3655,0
mfrnp,heat_local,2500,42,2500,0.19043,0.1488,0
mfrnp,ifc_heat,2500,42,2500,0.059039,-0.6861,1
mfrnp,ifc_poisson,2500,42,2500,0.076341,0.7952,0
mfrnp,lid_driven_cavity_generated,2500,42,2500,0.57207,0.0228,1
mfrnp,pm_test,2500,42,2500,0.17156,-0.1029,1
mfrnp,poisson_generated,2500,42,2500,0.1461,0.071,0
mfrnp,poisson_local,2500,42,2500,0.24988,0.0735,0
mfrnp,sharp__allen_cahn_1d,2500,42,2500,0.3256,-0.0054,1
mfrnp,sharp__allen_cahn_2d,2500,42,2500,0.49047,0.0361,1
mfrnp,sharp__burgers_1d,2500,42,2500,0.52003,0.0509,0
mfrnp,sharp__burgers_2d,2500,42,2500,0.3396,0.055,0
mfrnp,sharp__cahn_hilliard,2500,42,2500,0.55216,0.0795,0
mfrnp,sharp__euler,2500,42,2500,0.23457,-0.018,1
mfrnp,sharp__fisher_kpp_1d,2500,42,2500,0.99335,0.0004,1
mfrnp,sharp__fisher_kpp_2d,2500,42,2500,0.98202,0.0005,1
mfrnp,sharp__helmholtz_2d,2500,42,2500,0.78481,0.0566,0
mfrnp,sharp__kuramoto_sivashinsky_1d,2500,42,2500,0.87871,0.0451,1
mfrnp,sharp__kuramoto_sivashinsky_2d,2500,42,2500,0.78336,0.0401,1
mfrnp,sharp__nls_1d,2500,42,2500,0.41674,0.0542,0
mfrnp,sharp__phase_field_crystal_2d,2500,42,2500,0.98605,0.0002,1
mfrnp,sharp__porous_medium_1d,2500,42,2500,0.32294,0.0055,1
mfrnp,sharp__porous_medium_2d,2500,42,2500,0.38785,-0.1012,1
mfrnp,sharp__shallow_water_1d,2500,42,2500,0.59955,-0.0001,1
mfrnp,sharp__shallow_water_2d,2500,42,2500,0.19795,0.2036,0
mfrnp,sharp__sine_gordon_1d,2500,42,2500,0.38344,0.1204,0
mfrnp,sharp__sod_1d,2500,42,2500,0.032638,0.2374,0
transolver_residual,advection_diffusion_generated,2500,42,250,0.001629,0.5679,0
transolver_residual,allen_cahn_generated,2500,42,250,0.015677,-0.0123,1
transolver_residual,burgers_generated,2500,42,250,0.022305,0.0818,0
transolver_residual,burgers_param_generated,2500,42,250,0.077835,0.0198,1
transolver_residual,darcy_generated,2500,42,250,0.016027,0.0532,0
transolver_residual,era5,2500,42,0,,,
transolver_residual,ext__cahn_hilliard_2d,2500,42,250,0.3715,0.038,1
transolver_residual,ext__eikonal_2d,2500,42,250,0.044987,0.0006,1
transolver_residual,ext__gray_scott_2d,2500,42,250,0.69043,0.0019,1
transolver_residual,ext__helmholtz_2d,2500,42,109,0.60836,0.0199,1
transolver_residual,ext__kuramoto_sivashinsky_1d,2500,42,250,0.97287,0.0011,1
transolver_residual,ext__pressure_poisson_poiseuille,2500,42,250,0.0018432,0.1505,0
transolver_residual,ext__rayleigh_benard_2d,2500,42,250,0.00029925,0.2271,1
transolver_residual,ext__wave_2d,2500,42,250,0.086838,0.0677,0
transolver_residual,fluid,2500,42,250,0.022418,0.0259,1
transolver_residual,heat_generated,2500,42,250,0.00033598,0.3578,1
transolver_residual,heat_local,2500,42,250,0.00054526,0.3645,1
transolver_residual,ifc_heat,2500,42,250,0.22603,0.0065,1
transolver_residual,ifc_poisson,2500,42,250,0.42783,-0.0405,1
transolver_residual,lid_driven_cavity_generated,2500,42,250,0.89992,0.0094,1
transolver_residual,pm_test,2500,42,0,,,
transolver_residual,poisson_generated,2500,42,250,0.0096313,0.6524,0
transolver_residual,poisson_local,2500,42,250,0.066494,0.3406,0
transolver_residual,sharp__allen_cahn_1d,2500,42,250,0.2977,0.0,1
transolver_residual,sharp__allen_cahn_2d,2500,42,250,0.13159,0.0008,1
transolver_residual,sharp__burgers_1d,2500,42,250,0.00032533,0.669,1
transolver_residual,sharp__burgers_2d,2500,42,250,0.0062537,0.314,0
transolver_residual,sharp__cahn_hilliard,2500,42,250,0.28403,-0.0355,1
transolver_residual,sharp__euler,2500,42,250,0.016748,0.0356,1
transolver_residual,sharp__fisher_kpp_1d,2500,42,250,0.44367,-0.0237,1
transolver_residual,sharp__fisher_kpp_2d,2500,42,250,0.25478,-0.003,1
transolver_residual,sharp__helmholtz_2d,2500,42,250,0.92832,-0.0001,1
transolver_residual,sharp__kuramoto_sivashinsky_1d,2500,42,250,0.96865,0.0,1
transolver_residual,sharp__kuramoto_sivashinsky_2d,2500,42,250,0.91586,-0.0008,1
transolver_residual,sharp__nls_1d,2500,42,250,0.35335,0.0037,1
transolver_residual,sharp__phase_field_crystal_2d,2500,42,250,0.55399,-0.0038,1
transolver_residual,sharp__porous_medium_1d,2500,42,250,0.0010841,0.2565,0
transolver_residual,sharp__porous_medium_2d,2500,42,250,0.0025852,0.466,0
transolver_residual,sharp__shallow_water_1d,2500,42,250,0.074263,0.0004,1
transolver_residual,sharp__shallow_water_2d,2500,42,250,0.0069849,0.048,1
transolver_residual,sharp__sine_gordon_1d,2500,42,250,0.045797,0.0062,1
transolver_residual,sharp__sod_1d,2500,42,250,0.00034756,0.2445,1
