baseline_id,model,split,query_row,relative_l2
B1,st_koh_pod,calibration,0,0.03624232906759051
B1,st_koh_pod,calibration,1,0.03791205397691688
B1,st_koh_pod,calibration,2,0.043443262182236216
B1,st_koh_pod,calibration,3,0.03258792410893533
B1,st_koh_pod,calibration,4,0.03511805079511448
B1,st_koh_pod,calibration,5,0.04832345342368048
B1,st_koh_pod,calibration,6,0.046539803835725826
B1,st_koh_pod,calibration,7,0.0520839849622505
B1,st_koh_pod,calibration,8,0.03739565925830152
B1,st_koh_pod,calibration,9,0.043021857102742846
B1,st_koh_pod,evaluation,10,0.040275126278271255
B1,st_koh_pod,evaluation,11,0.06056788019145891
B1,st_koh_pod,evaluation,12,0.0428631223396552
B1,st_koh_pod,evaluation,13,0.052016554856257925
B1,st_koh_pod,evaluation,14,0.048931340479560034
B1,st_koh_pod,evaluation,15,0.062292992592928725
B1,st_koh_pod,evaluation,16,0.04327688154597678
B2,st_nargp_pod,calibration,0,0.05098974270913101
B2,st_nargp_pod,calibration,1,0.051960030194616494
B2,st_nargp_pod,calibration,2,0.05890162965965027
B2,st_nargp_pod,calibration,3,0.0451951691677314
B2,st_nargp_pod,calibration,4,0.04992676909472892
B2,st_nargp_pod,calibration,5,0.06061813882263886
B2,st_nargp_pod,calibration,6,0.060134777653118525
B2,st_nargp_pod,calibration,7,0.06481197894985571
B2,st_nargp_pod,calibration,8,0.04881744144909269
B2,st_nargp_pod,calibration,9,0.055735983654252176
B2,st_nargp_pod,evaluation,10,0.057405176538865545
B2,st_nargp_pod,evaluation,11,0.08020001972992476
B2,st_nargp_pod,evaluation,12,0.06244751362481084
B2,st_nargp_pod,evaluation,13,0.06973859908953968
B2,st_nargp_pod,evaluation,14,0.06588835777307568
B2,st_nargp_pod,evaluation,15,0.07922904395209233
B2,st_nargp_pod,evaluation,16,0.05667302342473911
B3,st_mfdnn,calibration,0,0.08191726841293347
B3,st_mfdnn,calibration,1,0.09552796850739903
B3,st_mfdnn,calibration,2,0.1204197951686509
B3,st_mfdnn,calibration,3,0.1187571705032172
B3,st_mfdnn,calibration,4,0.15588796813855066
B3,st_mfdnn,calibration,5,0.17611360390174768
B3,st_mfdnn,calibration,6,0.19328259482450844
B3,st_mfdnn,calibration,7,0.18925945186727908
B3,st_mfdnn,calibration,8,0.20725379275577607
B3,st_mfdnn,calibration,9,0.2111144833314394
B3,st_mfdnn,evaluation,10,0.40775181515725545
B3,st_mfdnn,evaluation,11,0.432377516782365
B3,st_mfdnn,evaluation,12,0.4378574448204176
B3,st_mfdnn,evaluation,13,0.4573238007760918
B3,st_mfdnn,evaluation,14,0.46286204599753933
B3,st_mfdnn,evaluation,15,0.48297740697952274
B3,st_mfdnn,evaluation,16,0.47042551216301265
B4,st_mfdeeponet,calibration,0,0.0659668813119634
B4,st_mfdeeponet,calibration,1,0.07721083659825181
B4,st_mfdeeponet,calibration,2,0.07118345830450605
B4,st_mfdeeponet,calibration,3,0.07773567257541808
B4,st_mfdeeponet,calibration,4,0.0815469834075821
B4,st_mfdeeponet,calibration,5,0.1068542708810046
B4,st_mfdeeponet,calibration,6,0.0938971076576632
B4,st_mfdeeponet,calibration,7,0.10547879617285548
B4,st_mfdeeponet,calibration,8,0.09841492068092465
B4,st_mfdeeponet,calibration,9,0.10517222148374902
B4,st_mfdeeponet,evaluation,10,0.1442064574550004
B4,st_mfdeeponet,evaluation,11,0.17375177888689203
B4,st_mfdeeponet,evaluation,12,0.16647034523520665
B4,st_mfdeeponet,evaluation,13,0.17491673642677613
B4,st_mfdeeponet,evaluation,14,0.1763671313597333
B4,st_mfdeeponet,evaluation,15,0.18162216408016585
B4,st_mfdeeponet,evaluation,16,0.15635622166539415
B5,st_dmfal,calibration,0,0.03346933188022564
B5,st_dmfal,calibration,1,0.03723941869082584
B5,st_dmfal,calibration,2,0.04108418454289713
B5,st_dmfal,calibration,3,0.03556908668851911
B5,st_dmfal,calibration,4,0.03399695774635584
B5,st_dmfal,calibration,5,0.050949973443582576
B5,st_dmfal,calibration,6,0.04344043456517298
B5,st_dmfal,calibration,7,0.050689058951935075
B5,st_dmfal,calibration,8,0.03546340596229074
B5,st_dmfal,calibration,9,0.037253266508937136
B5,st_dmfal,evaluation,10,0.04739164764832746
B5,st_dmfal,evaluation,11,0.05946636721703898
B5,st_dmfal,evaluation,12,0.04361221314492859
B5,st_dmfal,evaluation,13,0.04454463333627484
B5,st_dmfal,evaluation,14,0.048735268676318964
B5,st_dmfal,evaluation,15,0.05796265823971337
B5,st_dmfal,evaluation,16,0.05185559752579657
B6,nomad_mf,calibration,0,0.10080794772382884
B6,nomad_mf,calibration,1,0.14442308109190416
B6,nomad_mf,calibration,2,0.16579885940750128
B6,nomad_mf,calibration,3,0.16367083064066099
B6,nomad_mf,calibration,4,0.20684659088278023
B6,nomad_mf,calibration,5,0.2259407733231308
B6,nomad_mf,calibration,6,0.2521796857956596
B6,nomad_mf,calibration,7,0.2454613469211509
B6,nomad_mf,calibration,8,0.27588406622834455
B6,nomad_mf,calibration,9,0.2640000876069249
B6,nomad_mf,evaluation,10,0.30331264343171327
B6,nomad_mf,evaluation,11,0.2874390769103236
B6,nomad_mf,evaluation,12,0.26108626060147466
B6,nomad_mf,evaluation,13,0.23798346779422352
B6,nomad_mf,evaluation,14,0.2093000873538179
B6,nomad_mf,evaluation,15,0.20058662801104252
B6,nomad_mf,evaluation,16,0.17454629819904313
B7,mfrnp,calibration,0,0.18900736979871452
B7,mfrnp,calibration,1,0.18476327136859536
B7,mfrnp,calibration,2,0.19514439405710968
B7,mfrnp,calibration,3,0.1792409248016225
B7,mfrnp,calibration,4,0.18097873842484402
B7,mfrnp,calibration,5,0.16282974122806876
B7,mfrnp,calibration,6,0.18395971578624631
B7,mfrnp,calibration,7,0.16139947533017748
B7,mfrnp,calibration,8,0.1836244635476692
B7,mfrnp,calibration,9,0.17037391556001064
B7,mfrnp,evaluation,10,0.20108264157881622
B7,mfrnp,evaluation,11,0.19984505112045337
B7,mfrnp,evaluation,12,0.1861716113664566
B7,mfrnp,evaluation,13,0.20758321477083058
B7,mfrnp,evaluation,14,0.19782403034380636
B7,mfrnp,evaluation,15,0.19585155690741748
B7,mfrnp,evaluation,16,0.17604791152647106
B8,fno_coregionalization,calibration,0,0.04524353416975635
B8,fno_coregionalization,calibration,1,0.04649719336840924
B8,fno_coregionalization,calibration,2,0.051489150642962805
B8,fno_coregionalization,calibration,3,0.045778983729580926
B8,fno_coregionalization,calibration,4,0.04534401268149898
B8,fno_coregionalization,calibration,5,0.053321852955208804
B8,fno_coregionalization,calibration,6,0.04898720331208751
B8,fno_coregionalization,calibration,7,0.0565793786678397
B8,fno_coregionalization,calibration,8,0.043506553558544554
B8,fno_coregionalization,calibration,9,0.04779099544450692
B8,fno_coregionalization,evaluation,10,0.05249851421724058
B8,fno_coregionalization,evaluation,11,0.05911902279723201
B8,fno_coregionalization,evaluation,12,0.04480768337322396
B8,fno_coregionalization,evaluation,13,0.05092902539542455
B8,fno_coregionalization,evaluation,14,0.04803406187945036
B8,fno_coregionalization,evaluation,15,0.055524996885610585
B8,fno_coregionalization,evaluation,16,0.04960442978428903
B9,mf_fno_transfer,calibration,0,0.05471911174926743
B9,mf_fno_transfer,calibration,1,0.07732560408845504
B9,mf_fno_transfer,calibration,2,0.08238937366180177
B9,mf_fno_transfer,calibration,3,0.08228514376580302
B9,mf_fno_transfer,calibration,4,0.088444011560164
B9,mf_fno_transfer,calibration,5,0.08280582842471369
B9,mf_fno_transfer,calibration,6,0.08437118590958279
B9,mf_fno_transfer,calibration,7,0.08902458562664876
B9,mf_fno_transfer,calibration,8,0.09327506134008129
B9,mf_fno_transfer,calibration,9,0.09068573251888383
B9,mf_fno_transfer,evaluation,10,0.13303806670538962
B9,mf_fno_transfer,evaluation,11,0.12024031063851075
B9,mf_fno_transfer,evaluation,12,0.11793250353826458
B9,mf_fno_transfer,evaluation,13,0.1343451849224354
B9,mf_fno_transfer,evaluation,14,0.11795934236162799
B9,mf_fno_transfer,evaluation,15,0.10934674656081914
B9,mf_fno_transfer,evaluation,16,0.09935303411663887
B10,mf_fno_transfer_bar,calibration,0,0.05471911174926743
B10,mf_fno_transfer_bar,calibration,1,0.07732560408845504
B10,mf_fno_transfer_bar,calibration,2,0.08238937366180177
B10,mf_fno_transfer_bar,calibration,3,0.08228514376580302
B10,mf_fno_transfer_bar,calibration,4,0.088444011560164
B10,mf_fno_transfer_bar,calibration,5,0.08280582842471369
B10,mf_fno_transfer_bar,calibration,6,0.08437118590958279
B10,mf_fno_transfer_bar,calibration,7,0.08902458562664876
B10,mf_fno_transfer_bar,calibration,8,0.09327506134008129
B10,mf_fno_transfer_bar,calibration,9,0.09068573251888383
B10,mf_fno_transfer_bar,evaluation,10,0.13303806670538962
B10,mf_fno_transfer_bar,evaluation,11,0.12024031063851075
B10,mf_fno_transfer_bar,evaluation,12,0.11793250353826458
B10,mf_fno_transfer_bar,evaluation,13,0.1343451849224354
B10,mf_fno_transfer_bar,evaluation,14,0.11795934236162799
B10,mf_fno_transfer_bar,evaluation,15,0.10934674656081914
B10,mf_fno_transfer_bar,evaluation,16,0.09935303411663887
B11,st_lf_affine_pod,calibration,0,0.07805948318352046
B11,st_lf_affine_pod,calibration,1,0.0747002105798059
B11,st_lf_affine_pod,calibration,2,0.08034668698005053
B11,st_lf_affine_pod,calibration,3,0.07929259822614249
B11,st_lf_affine_pod,calibration,4,0.07848335280377429
B11,st_lf_affine_pod,calibration,5,0.07915544373421282
B11,st_lf_affine_pod,calibration,6,0.08097916597961038
B11,st_lf_affine_pod,calibration,7,0.08345213806223749
B11,st_lf_affine_pod,calibration,8,0.08067793289224866
B11,st_lf_affine_pod,calibration,9,0.08582285261088421
B11,st_lf_affine_pod,evaluation,10,0.08292049063930902
B11,st_lf_affine_pod,evaluation,11,0.08862282236621352
B11,st_lf_affine_pod,evaluation,12,0.079166431008281
B11,st_lf_affine_pod,evaluation,13,0.0891517752805612
B11,st_lf_affine_pod,evaluation,14,0.08109102058925792
B11,st_lf_affine_pod,evaluation,15,0.09127591610898851
B11,st_lf_affine_pod,evaluation,16,0.07896889412427349
B12,st_knn,calibration,0,0.0343909990881322
B12,st_knn,calibration,1,0.03757323910369158
B12,st_knn,calibration,2,0.04350400803633565
B12,st_knn,calibration,3,0.03307237092245797
B12,st_knn,calibration,4,0.03781975429328871
B12,st_knn,calibration,5,0.047968134662268326
B12,st_knn,calibration,6,0.047020844730796464
B12,st_knn,calibration,7,0.05218825730099548
B12,st_knn,calibration,8,0.036165283182657514
B12,st_knn,calibration,9,0.04057988319673195
B12,st_knn,evaluation,10,0.04284908905864114
B12,st_knn,evaluation,11,0.06358141487711459
B12,st_knn,evaluation,12,0.04557940912705218
B12,st_knn,evaluation,13,0.05457888616932739
B12,st_knn,evaluation,14,0.04896376354903746
B12,st_knn,evaluation,15,0.06384337154651376
B12,st_knn,evaluation,16,0.042097653743263304
