dataset,pde_class,method,relative_l2,error_percent,ratio_to_calibrated_single
darcy_generated,elliptic,mf_fno_transfer_film,0.03065522964109249,3.065522964109249,1.2155032002737405
darcy_generated,elliptic,mf_fno_allpairs,0.034407136731107034,3.4407136731107033,1.3642691735982153
darcy_generated,elliptic,convnext_unet_film,0.02781248127444652,2.781248127444652,1.1027860626862505
darcy_generated,elliptic,fno_fire_distcond,0.04981640489872746,4.981640489872746,1.9752583911283896
darcy_generated,elliptic,wno_transfer_film,0.02318965202150478,2.318965202150478,0.9194873623647382
darcy_generated,elliptic,mf_deeponet,0.3168988495192297,31.68988495192297,12.565280712735277
darcy_generated,elliptic,st_hf_pod_gp,0.033687303882045536,3.3687303882045536,1.3357272529556259
darcy_generated,elliptic,uqcorr_transolver_pred,0.03411945790279235,3.4119457902792347,1.3528624889782843
darcy_generated,elliptic,uqcorr_convnext_pred,0.03411945790279235,3.4119457902792347,1.3528624889782843
darcy_generated,elliptic,single_l2,0.025220196568950786,2.5220196568950786,1.0
darcy_generated,elliptic,inverse_mse,0.02546625570753838,2.5466255707538377,1.0097564322274364
darcy_generated,elliptic,full,0.023329038774827216,2.3329038774827215,0.9250141532817464
ext__eikonal_2d,elliptic,mf_fno_transfer_film,0.024216171742368328,2.421617174236833,1.338788361464578
ext__eikonal_2d,elliptic,mf_fno_allpairs,0.021513039550523857,2.1513039550523856,1.1893459988796615
ext__eikonal_2d,elliptic,convnext_unet_film,0.018088125382175312,1.8088125382175313,1.0
ext__eikonal_2d,elliptic,fno_fire_distcond,0.04786532055938634,4.7865320559386335,2.6462289235652103
ext__eikonal_2d,elliptic,wno_transfer_film,0.025877918096911257,2.587791809691126,1.4306578238567655
ext__eikonal_2d,elliptic,mf_deeponet,0.07370716472546113,7.370716472546112,4.074892404167809
ext__eikonal_2d,elliptic,st_hf_pod_gp,0.03629317282058683,3.6293172820586834,2.0064640228749977
ext__eikonal_2d,elliptic,uqcorr_transolver_pred,0.03744928250160088,3.744928250160088,2.0703794180078354
ext__eikonal_2d,elliptic,uqcorr_convnext_pred,0.029508511803865056,2.9508511803865054,1.6313747931526283
ext__eikonal_2d,elliptic,single_l2,0.018088125382175312,1.8088125382175313,1.0
ext__eikonal_2d,elliptic,inverse_mse,0.017649336013445222,1.7649336013445223,0.9757415785517227
ext__eikonal_2d,elliptic,full,0.017639483903041684,1.7639483903041684,0.9751969057238107
sharp__helmholtz_2d,elliptic,mf_fno_transfer_film,0.03302680501707659,3.302680501707659,0.5287735843618989
sharp__helmholtz_2d,elliptic,mf_fno_allpairs,0.034775822177689215,3.4775822177689215,0.5567761135998746
sharp__helmholtz_2d,elliptic,convnext_unet_film,0.0479048623916116,4.79048623916116,0.7669777861370068
sharp__helmholtz_2d,elliptic,fno_fire_distcond,0.10922630954170691,10.92263095417069,1.748760958655485
sharp__helmholtz_2d,elliptic,wno_transfer_film,0.05042287712604526,5.0422877126045265,0.8072923026612098
sharp__helmholtz_2d,elliptic,mf_deeponet,0.29112143441846533,29.112143441846534,4.6609814144128
sharp__helmholtz_2d,elliptic,st_hf_pod_gp,0.07100625178547916,7.100625178547916,1.1368411279655397
sharp__helmholtz_2d,elliptic,uqcorr_transolver_pred,0.10937613378841528,10.937613378841528,1.7511597103335643
sharp__helmholtz_2d,elliptic,uqcorr_convnext_pred,0.10805263817862665,10.805263817862665,1.7299699671200344
sharp__helmholtz_2d,elliptic,single_l2,0.0624592566531702,6.245925665317021,1.0
sharp__helmholtz_2d,elliptic,inverse_mse,0.06888586722958985,6.888586722958985,1.1028928444042483
sharp__helmholtz_2d,elliptic,full,0.06552195592249474,6.552195592249474,1.0490351540097793
poisson_generated_v2,elliptic,mf_fno_transfer_film,0.0004132938621665896,0.04132938621665896,6.039291562199735
poisson_generated_v2,elliptic,mf_fno_allpairs,0.00038716113321883463,0.03871611332188346,5.657424847305687
poisson_generated_v2,elliptic,convnext_unet_film,0.00042676809023905197,0.04267680902390519,6.2361848610224895
poisson_generated_v2,elliptic,fno_fire_distcond,0.0006106673142749438,0.06106673142749438,8.923427846420065
poisson_generated_v2,elliptic,wno_transfer_film,0.0009546938367628034,0.09546938367628034,13.950544541408346
poisson_generated_v2,elliptic,mf_deeponet,0.099155241951272,9.9155241951272,1448.9143703344332
poisson_generated_v2,elliptic,st_hf_pod_gp,6.843416283350502e-05,0.0068434162833505025,1.0
poisson_generated_v2,elliptic,uqcorr_transolver_pred,0.001279347614569646,0.12793476145696459,18.69457536409408
poisson_generated_v2,elliptic,uqcorr_convnext_pred,0.0008380129363483847,0.08380129363483847,12.2455350025572
poisson_generated_v2,elliptic,single_l2,6.843416283350502e-05,0.0068434162833505025,1.0
poisson_generated_v2,elliptic,inverse_mse,7.996322831232387e-05,0.007996322831232387,1.1684694456899862
poisson_generated_v2,elliptic,full,7.882190582979432e-05,0.007882190582979433,1.1517917742569872
poisson_local,elliptic,mf_fno_transfer_film,0.002558355693479737,0.2558355693479737,21.155672032354815
poisson_local,elliptic,mf_fno_allpairs,0.00535569030527788,0.535569030527788,44.287519477486
poisson_local,elliptic,convnext_unet_film,0.0020030429939763804,0.20030429939763805,16.563654833168723
poisson_local,elliptic,fno_fire_distcond,0.2553185041468843,25.531850414688428,2111.2914640013046
poisson_local,elliptic,wno_transfer_film,0.008806129875826949,0.8806129875826949,72.82005234929694
poisson_local,elliptic,mf_deeponet,0.2655117929249566,26.551179292495657,2195.5822742547725
poisson_local,elliptic,st_hf_pod_gp,0.0001209300129803047,0.012093001298030471,1.0
poisson_local,elliptic,uqcorr_transolver_pred,0.009213537840020294,0.9213537840020294,76.18900893958275
poisson_local,elliptic,uqcorr_convnext_pred,0.0079848130236403,0.79848130236403,66.02838143200024
poisson_local,elliptic,single_l2,0.0001209300129803047,0.012093001298030471,1.0
poisson_local,elliptic,inverse_mse,0.0001250059384791473,0.01250059384791473,1.033704829747322
poisson_local,elliptic,full,0.00012912829963178293,0.012912829963178293,1.0677936473290004
ext__pressure_poisson_poiseuille,elliptic,mf_fno_transfer_film,0.0005985781518779199,0.059857815187791985,0.8160390428450843
ext__pressure_poisson_poiseuille,elliptic,mf_fno_allpairs,0.0006953215762798026,0.06953215762798026,0.9479289409357338
ext__pressure_poisson_poiseuille,elliptic,convnext_unet_film,0.0009177812702817067,0.09177812702817068,1.2512072934706397
ext__pressure_poisson_poiseuille,elliptic,fno_fire_distcond,0.0008712123098376317,0.08712123098376316,1.1877200282107072
ext__pressure_poisson_poiseuille,elliptic,wno_transfer_film,0.0004975749450668674,0.04975749450668674,0.6783418015545511
ext__pressure_poisson_poiseuille,elliptic,mf_deeponet,0.002847066754032224,0.28470667540322236,3.8813939693381228
ext__pressure_poisson_poiseuille,elliptic,st_hf_pod_gp,0.000921560486146123,0.0921560486146123,1.256359482348613
ext__pressure_poisson_poiseuille,elliptic,uqcorr_transolver_pred,0.003087737515212368,0.3087737515212368,4.209499392127256
ext__pressure_poisson_poiseuille,elliptic,uqcorr_convnext_pred,0.0014456665126570227,0.14456665126570228,1.9708709941395122
ext__pressure_poisson_poiseuille,elliptic,single_l2,0.0007335165604221624,0.07335165604221623,1.0
ext__pressure_poisson_poiseuille,elliptic,inverse_mse,0.0007685835865374571,0.07685835865374571,1.0478067272197815
ext__pressure_poisson_poiseuille,elliptic,full,0.0008024092898561945,0.08024092898561945,1.0939211643625089
heat_generated,diffusion,mf_fno_transfer_film,0.00016373524846206606,0.016373524846206605,1.6851575111313999
heat_generated,diffusion,mf_fno_allpairs,0.00012515762609369063,0.012515762609369062,1.2881179566904402
heat_generated,diffusion,convnext_unet_film,0.00010498296504098306,0.010498296504098305,1.0804810432778906
heat_generated,diffusion,fno_fire_distcond,9.146040517147266e-05,0.009146040517147265,0.94130732504758
heat_generated,diffusion,wno_transfer_film,0.000267737439140126,0.0267737439140126,2.7555444586056743
heat_generated,diffusion,mf_deeponet,0.02279354294571447,2.279354294571447,234.59035522925785
heat_generated,diffusion,st_hf_pod_gp,0.003271148369132698,0.3271148369132698,33.6665458173858
heat_generated,diffusion,uqcorr_transolver_pred,0.0004938945378630332,0.04938945378630332,5.083145492520419
heat_generated,diffusion,uqcorr_convnext_pred,0.00014853857732557727,0.014853857732557728,1.5287538976737831
heat_generated,diffusion,single_l2,9.716317162075589e-05,0.00971631716207559,1.0
heat_generated,diffusion,inverse_mse,5.925699753980214e-05,0.005925699753980214,0.6098709680977903
heat_generated,diffusion,full,6.203254887677933e-05,0.006203254887677933,0.6384368464103122
heat_local,diffusion,mf_fno_transfer_film,0.00013891758427381313,0.013891758427381313,2.098505104422917
heat_local,diffusion,mf_fno_allpairs,8.783192215392346e-05,0.008783192215392347,1.3267991804981982
heat_local,diffusion,convnext_unet_film,8.593253351940455e-05,0.008593253351940455,1.2981067959764199
heat_local,diffusion,fno_fire_distcond,6.6198354238464e-05,0.006619835423846399,1.0
heat_local,diffusion,wno_transfer_film,0.00017272421444767747,0.017272421444767747,2.6091919721369377
heat_local,diffusion,mf_deeponet,0.01582310295503549,1.582310295503549,239.02562438390063
heat_local,diffusion,st_hf_pod_gp,0.003117024114005565,0.3117024114005565,47.086126987042896
heat_local,diffusion,uqcorr_transolver_pred,0.0002682732882934929,0.026827328829349288,4.052567339168305
heat_local,diffusion,uqcorr_convnext_pred,0.00012148517724219533,0.012148517724219533,1.835169146419767
heat_local,diffusion,single_l2,6.6198354238464e-05,0.006619835423846399,1.0
heat_local,diffusion,inverse_mse,4.365750007467229e-05,0.004365750007467229,0.6594952484378451
heat_local,diffusion,full,4.350846474454643e-05,0.004350846474454643,0.6572439034936945
lid_driven_cavity_v2,convection,mf_fno_transfer_film,0.9852244273614966,98.52244273614966,599.6701424061089
lid_driven_cavity_v2,convection,mf_fno_allpairs,0.0028989528097758954,0.28989528097758954,1.7644867463573806
lid_driven_cavity_v2,convection,convnext_unet_film,0.9852244269612641,98.5224426961264,599.670142162502
lid_driven_cavity_v2,convection,fno_fire_distcond,0.0068058433711182835,0.6805843371118283,4.142468406393546
lid_driven_cavity_v2,convection,wno_transfer_film,0.03601885370636997,3.6018853706369973,21.92336134950343
lid_driven_cavity_v2,convection,mf_deeponet,0.7011072192748354,70.11072192748354,426.73836980518456
lid_driven_cavity_v2,convection,st_hf_pod_gp,0.004092376117553641,0.4092376117553641,2.490879946780193
lid_driven_cavity_v2,convection,uqcorr_transolver_pred,0.020622791001978797,2.0622791001978795,12.552340028847475
lid_driven_cavity_v2,convection,uqcorr_convnext_pred,0.0016429439414948936,0.16429439414948935,1.0
lid_driven_cavity_v2,convection,single_l2,0.0016429439414948936,0.16429439414948935,1.0
lid_driven_cavity_v2,convection,inverse_mse,0.0014208703607311325,0.14208703607311327,0.8648319183905331
lid_driven_cavity_v2,convection,full,0.0014169568283088334,0.14169568283088335,0.8624498940721999
fluid,convection,mf_fno_transfer_film,0.015548988681977821,1.5548988681977822,0.9676373550848109
fluid,convection,mf_fno_allpairs,0.016852064993955435,1.6852064993955436,1.0487297876400645
fluid,convection,convnext_unet_film,0.015724866341908044,1.5724866341908044,0.978582490948897
fluid,convection,fno_fire_distcond,0.015783223691526498,1.5783223691526498,0.9822141581003441
fluid,convection,wno_transfer_film,0.023303863555174397,2.33038635551744,1.4502350831294042
fluid,convection,mf_deeponet,0.04409231054755768,4.409231054755768,2.7439319450575237
fluid,convection,st_hf_pod_gp,0.027928469900061138,2.792846990006114,1.738031411456619
fluid,convection,uqcorr_transolver_pred,0.026239946474269,2.6239946474269,1.632952015288172
fluid,convection,uqcorr_convnext_pred,0.019474871390765976,1.9474871390765975,1.211951042515044
fluid,convection,single_l2,0.01606902482657358,1.6069024826573581,1.0
fluid,convection,inverse_mse,0.015180622541260208,1.5180622541260207,0.9447133665607256
fluid,convection,full,0.014966702000932896,1.4966702000932897,0.9314007640452606
ext__rayleigh_benard_2d,convection,mf_fno_transfer_film,0.00011230395391057453,0.011230395391057453,3.7322803220023935
ext__rayleigh_benard_2d,convection,mf_fno_allpairs,9.150088013377012e-05,0.009150088013377012,3.040916392321372
ext__rayleigh_benard_2d,convection,convnext_unet_film,7.148447312080887e-05,0.007148447312080887,2.375696340753521
ext__rayleigh_benard_2d,convection,fno_fire_distcond,3.0089903282056452e-05,0.003008990328205645,1.0
ext__rayleigh_benard_2d,convection,wno_transfer_film,0.0001370777084921495,0.013707770849214951,4.555604822229297
ext__rayleigh_benard_2d,convection,mf_deeponet,0.000998813634323,0.0998813634323,33.19431189127895
ext__rayleigh_benard_2d,convection,st_hf_pod_gp,0.002951551039941556,0.29515510399415557,98.0910776706171
ext__rayleigh_benard_2d,convection,uqcorr_transolver_pred,0.0005288396781126133,0.052883967811261326,17.57531997213088
ext__rayleigh_benard_2d,convection,uqcorr_convnext_pred,0.00019473352478707406,0.019473352478707406,6.4717231877312065
ext__rayleigh_benard_2d,convection,single_l2,3.0089903282056452e-05,0.003008990328205645,1.0
ext__rayleigh_benard_2d,convection,inverse_mse,2.857478062174846e-05,0.002857478062174846,0.9496468085621429
ext__rayleigh_benard_2d,convection,full,2.6882624416967975e-05,0.0026882624416967975,0.8934101304672163
sharp__burgers_2d,shocks,mf_fno_transfer_film,0.005469765587953454,0.5469765587953453,1.0596506671259744
sharp__burgers_2d,shocks,mf_fno_allpairs,0.005334614266813257,0.5334614266813257,1.0334679751428706
sharp__burgers_2d,shocks,convnext_unet_film,1.0000000000000002,100.00000000000003,193.72871653946862
sharp__burgers_2d,shocks,fno_fire_distcond,0.00507223589182969,0.5072235891829691,0.9826377493095927
sharp__burgers_2d,shocks,wno_transfer_film,0.012762672654129304,1.2762672654129303,2.472496192897843
sharp__burgers_2d,shocks,mf_deeponet,0.048839268103693656,4.883926810369365,9.461568726455578
sharp__burgers_2d,shocks,st_hf_pod_gp,0.025048075149978425,2.5048075149978426,4.852531450589478
sharp__burgers_2d,shocks,uqcorr_transolver_pred,0.016880413478092635,1.6880413478092635,3.2702208377664332
sharp__burgers_2d,shocks,uqcorr_convnext_pred,0.005447156229155069,0.5447156229155069,1.055270585064183
sharp__burgers_2d,shocks,single_l2,0.005161857353224496,0.5161857353224496,1.0
sharp__burgers_2d,shocks,inverse_mse,0.005125708550944195,0.5125708550944196,0.9929969389297982
sharp__burgers_2d,shocks,full,0.005016558415723756,0.5016558415723755,0.9718514233234331
sharp__euler,shocks,mf_fno_transfer_film,0.0619700474018046,6.19700474018046,1.0171041905940335
sharp__euler,shocks,mf_fno_allpairs,0.06076209817846905,6.076209817846905,0.9972783187641595
sharp__euler,shocks,convnext_unet_film,0.06722308469844464,6.722308469844464,1.103321427336114
sharp__euler,shocks,fno_fire_distcond,0.06295654441312591,6.295654441312591,1.0332954037089388
sharp__euler,shocks,wno_transfer_film,0.07431819154886356,7.431819154886356,1.2197722485446736
sharp__euler,shocks,mf_deeponet,0.08132979890078416,8.132979890078417,1.3348526062245472
sharp__euler,shocks,st_hf_pod_gp,0.0614915228415964,6.14915228415964,1.0092502457304096
sharp__euler,shocks,uqcorr_transolver_pred,0.06004770878940763,6.004770878940763,0.9855531632770407
sharp__euler,shocks,uqcorr_convnext_pred,0.05880681408467734,5.880681408467734,0.9651865626823416
sharp__euler,shocks,single_l2,0.06092792456750313,6.092792456750313,1.0
sharp__euler,shocks,inverse_mse,0.05641170633002109,5.641170633002109,0.9258760532294443
sharp__euler,shocks,full,0.05732396381223309,5.732396381223309,0.9408487851694809
sharp__porous_medium_2d,porous,mf_fno_transfer_film,0.0004484751065117377,0.04484751065117377,1.3800373434021804
sharp__porous_medium_2d,porous,mf_fno_allpairs,0.00032497316732467565,0.032497316732467564,1.0
sharp__porous_medium_2d,porous,convnext_unet_film,0.0005955504925799897,0.059555049257998975,1.8326143585417454
sharp__porous_medium_2d,porous,fno_fire_distcond,0.0006538384367745159,0.06538384367745159,2.0119766876668805
sharp__porous_medium_2d,porous,wno_transfer_film,0.0012567456592085895,0.12567456592085896,3.867229007104437
sharp__porous_medium_2d,porous,mf_deeponet,0.02748032156046722,2.748032156046722,84.5618171700067
sharp__porous_medium_2d,porous,st_hf_pod_gp,0.009085465808863854,0.9085465808863854,27.957587648418695
sharp__porous_medium_2d,porous,uqcorr_transolver_pred,0.0068074247512038355,0.6807424751203836,20.947651793056018
sharp__porous_medium_2d,porous,uqcorr_convnext_pred,0.0004969962230977248,0.049699622309772484,1.5293454139282325
sharp__porous_medium_2d,porous,single_l2,0.00032497316732467565,0.032497316732467564,1.0
sharp__porous_medium_2d,porous,inverse_mse,0.00026214808972888326,0.026214808972888325,0.8066761077137645
sharp__porous_medium_2d,porous,full,0.0002632087162040076,0.026320871620400758,0.8099398432518579
sharp__allen_cahn_2d,reaction_diffusion,mf_fno_transfer_film,0.5298647502107592,52.98647502107592,1.3442425620887446
sharp__allen_cahn_2d,reaction_diffusion,mf_fno_allpairs,0.5266697905952337,52.666979059523364,1.3361370961228811
sharp__allen_cahn_2d,reaction_diffusion,convnext_unet_film,0.42084583144425164,42.08458314442517,1.0676665667606087
sharp__allen_cahn_2d,reaction_diffusion,fno_fire_distcond,0.45442456485696753,45.44245648569675,1.1528542728996753
sharp__allen_cahn_2d,reaction_diffusion,wno_transfer_film,0.4134471913252778,41.34471913252778,1.0488965562144343
sharp__allen_cahn_2d,reaction_diffusion,mf_deeponet,1.0203301299239906,102.03301299239907,2.5885307287941126
sharp__allen_cahn_2d,reaction_diffusion,st_hf_pod_gp,0.5546311614608553,55.46311614608553,1.4070738111939747
sharp__allen_cahn_2d,reaction_diffusion,uqcorr_transolver_pred,0.41396090043281747,41.396090043281745,1.050199812652257
sharp__allen_cahn_2d,reaction_diffusion,uqcorr_convnext_pred,0.3875444620938396,38.75444620938396,0.9831825205226664
sharp__allen_cahn_2d,reaction_diffusion,single_l2,0.39417346627340194,39.417346627340194,1.0
sharp__allen_cahn_2d,reaction_diffusion,inverse_mse,0.3787855716595326,37.87855716595326,0.9609616173322123
sharp__allen_cahn_2d,reaction_diffusion,full,0.3462811793288634,34.62811793288634,0.8784994652295544
ext__cahn_hilliard_2d,reaction_diffusion,mf_fno_transfer_film,0.12923585736225598,12.923585736225599,1.0626747437842945
ext__cahn_hilliard_2d,reaction_diffusion,mf_fno_allpairs,0.12524923572526062,12.524923572526061,1.0298937322823252
ext__cahn_hilliard_2d,reaction_diffusion,convnext_unet_film,0.12236927045977582,12.236927045977582,1.0062124845769915
ext__cahn_hilliard_2d,reaction_diffusion,fno_fire_distcond,0.11739071479638401,11.739071479638401,0.9652750429722139
ext__cahn_hilliard_2d,reaction_diffusion,wno_transfer_film,0.36255703135592626,36.255703135592626,2.9812175062482034
ext__cahn_hilliard_2d,reaction_diffusion,mf_deeponet,0.8163505029026759,81.63505029026759,6.71264987300377
ext__cahn_hilliard_2d,reaction_diffusion,st_hf_pod_gp,0.30321557615830946,30.321557615830947,2.493267281093959
ext__cahn_hilliard_2d,reaction_diffusion,uqcorr_transolver_pred,0.4108529153870424,41.08529153870424,3.3783427100122125
ext__cahn_hilliard_2d,reaction_diffusion,uqcorr_convnext_pred,0.12487283284264061,12.48728328426406,1.0267986637385642
ext__cahn_hilliard_2d,reaction_diffusion,single_l2,0.12161374693260683,12.161374693260683,1.0
ext__cahn_hilliard_2d,reaction_diffusion,inverse_mse,0.11264557666798082,11.264557666798082,0.9262569364827169
ext__cahn_hilliard_2d,reaction_diffusion,full,0.10661089946957066,10.661089946957066,0.876635266641771
sharp__cahn_hilliard,reaction_diffusion,mf_fno_transfer_film,0.4690737159799114,46.90737159799114,0.8981729159084014
sharp__cahn_hilliard,reaction_diffusion,mf_fno_allpairs,0.4831017654642436,48.31017654642436,0.9250335428858243
sharp__cahn_hilliard,reaction_diffusion,convnext_unet_film,0.5192570335071212,51.92570335071211,0.9942629228686326
sharp__cahn_hilliard,reaction_diffusion,fno_fire_distcond,0.5075400141538854,50.75400141538854,0.9718274098997038
sharp__cahn_hilliard,reaction_diffusion,wno_transfer_film,0.6082582464634986,60.82582464634986,1.1646806551720081
sharp__cahn_hilliard,reaction_diffusion,mf_deeponet,0.9984818221153563,99.84818221153563,1.911872908456227
sharp__cahn_hilliard,reaction_diffusion,st_hf_pod_gp,0.6481106355427821,64.81106355427822,1.2409892081474836
sharp__cahn_hilliard,reaction_diffusion,uqcorr_transolver_pred,0.5588929208180509,55.88929208180509,1.070156922613012
sharp__cahn_hilliard,reaction_diffusion,uqcorr_convnext_pred,0.47845253476619143,47.84525347661914,0.9161312894647881
sharp__cahn_hilliard,reaction_diffusion,single_l2,0.5222532406307262,52.22532406307262,1.0
sharp__cahn_hilliard,reaction_diffusion,inverse_mse,0.4721388021768947,47.21388021768947,0.9040418813039662
sharp__cahn_hilliard,reaction_diffusion,full,0.4925896319920325,49.25896319920325,0.9432007188641492
sharp__fisher_kpp_2d,reaction_diffusion,mf_fno_transfer_film,0.03206021317902408,3.2060213179024077,1.3560920015959146
sharp__fisher_kpp_2d,reaction_diffusion,mf_fno_allpairs,0.032156423135862394,3.2156423135862395,1.3601615176722361
sharp__fisher_kpp_2d,reaction_diffusion,convnext_unet_film,0.023641621026666382,2.364162102666638,1.0
sharp__fisher_kpp_2d,reaction_diffusion,fno_fire_distcond,0.029787758723293284,2.9787758723293285,1.2599710776894026
sharp__fisher_kpp_2d,reaction_diffusion,wno_transfer_film,0.038300206090441914,3.8300206090441913,1.6200329938138123
sharp__fisher_kpp_2d,reaction_diffusion,mf_deeponet,0.06491370364000748,6.491370364000748,2.7457382709412594
sharp__fisher_kpp_2d,reaction_diffusion,st_hf_pod_gp,0.06862722925088989,6.862722925088989,2.9028140318078166
sharp__fisher_kpp_2d,reaction_diffusion,uqcorr_transolver_pred,0.028585611614505124,2.8585611614505124,1.2091223178927624
sharp__fisher_kpp_2d,reaction_diffusion,uqcorr_convnext_pred,0.028360937399024816,2.8360937399024815,1.1996189841227602
sharp__fisher_kpp_2d,reaction_diffusion,single_l2,0.023641621026666382,2.364162102666638,1.0
sharp__fisher_kpp_2d,reaction_diffusion,inverse_mse,0.025308649246951826,2.5308649246951824,1.0705124330689986
sharp__fisher_kpp_2d,reaction_diffusion,full,0.022988763039458075,2.2988763039458076,0.9723852274566147
sharp__phase_field_crystal_2d,reaction_diffusion,mf_fno_transfer_film,0.8957204513915942,89.57204513915941,1.0722104129289396
sharp__phase_field_crystal_2d,reaction_diffusion,mf_fno_allpairs,0.8950925641397319,89.50925641397319,1.07145880873307
sharp__phase_field_crystal_2d,reaction_diffusion,convnext_unet_film,1.1085883644494983,110.85883644494983,1.3270211550578526
sharp__phase_field_crystal_2d,reaction_diffusion,fno_fire_distcond,0.8333641917288115,83.33641917288115,0.9975676705221274
sharp__phase_field_crystal_2d,reaction_diffusion,wno_transfer_film,2.020549672447675,202.05496724476748,2.418672472279431
sharp__phase_field_crystal_2d,reaction_diffusion,mf_deeponet,1.2012746087419144,120.12746087419144,1.437970007583446
sharp__phase_field_crystal_2d,reaction_diffusion,st_hf_pod_gp,0.8353961504111579,83.5396150411158,1.0
sharp__phase_field_crystal_2d,reaction_diffusion,uqcorr_transolver_pred,0.8525013692390581,85.2501369239058,1.0204755777477326
sharp__phase_field_crystal_2d,reaction_diffusion,uqcorr_convnext_pred,0.857400633995787,85.7400633995787,1.026340178337905
sharp__phase_field_crystal_2d,reaction_diffusion,single_l2,0.8353961504111579,83.5396150411158,1.0
sharp__phase_field_crystal_2d,reaction_diffusion,inverse_mse,0.8375286589833296,83.75286589833296,1.0025526914040988
sharp__phase_field_crystal_2d,reaction_diffusion,full,0.8330263544351505,83.30263544351504,0.997163266822763
sharp__shallow_water_2d,waves,mf_fno_transfer_film,0.004283172404075084,0.4283172404075084,1.1680556736674972
sharp__shallow_water_2d,waves,mf_fno_allpairs,0.0036669248740744073,0.3666924874074407,1.0
sharp__shallow_water_2d,waves,convnext_unet_film,0.0036239440050415167,0.36239440050415167,0.9882787702205817
sharp__shallow_water_2d,waves,fno_fire_distcond,0.008764544455154892,0.8764544455154892,2.3901619902609017
sharp__shallow_water_2d,waves,wno_transfer_film,0.004459470582307597,0.4459470582307597,1.2161336093456896
sharp__shallow_water_2d,waves,mf_deeponet,0.01381006778391579,1.3810067783915791,3.7661169121719955
sharp__shallow_water_2d,waves,st_hf_pod_gp,0.01092756553403705,1.092756553403705,2.9800352909589805
sharp__shallow_water_2d,waves,uqcorr_transolver_pred,0.012910352275055983,1.2910352275055983,3.5207572334883928
sharp__shallow_water_2d,waves,uqcorr_convnext_pred,0.0050160808482300765,0.5016080848230077,1.3679257199116244
sharp__shallow_water_2d,waves,single_l2,0.0036669248740744073,0.3666924874074407,1.0
sharp__shallow_water_2d,waves,inverse_mse,0.0035746477753025637,0.35746477753025635,0.9748352906206905
sharp__shallow_water_2d,waves,full,0.0038854817767385516,0.3885481776738552,1.059602230798173
ext__wave_2d,waves,mf_fno_transfer_film,0.0635610911853267,6.35610911853267,1.3130463434258859
ext__wave_2d,waves,mf_fno_allpairs,0.06309276956976854,6.309276956976855,1.3033717457531844
ext__wave_2d,waves,convnext_unet_film,0.0475262135995991,4.752621359959909,0.981797508823093
ext__wave_2d,waves,fno_fire_distcond,0.11136672098210054,11.136672098210054,2.3006160378605274
ext__wave_2d,waves,wno_transfer_film,0.05040843082835261,5.040843082835261,1.041338412268872
ext__wave_2d,waves,mf_deeponet,0.6422724526483071,64.22724526483071,13.26807768252603
ext__wave_2d,waves,st_hf_pod_gp,0.2494384582970078,24.94384582970078,5.152904858440923
ext__wave_2d,waves,uqcorr_transolver_pred,0.08345581663983152,8.345581663983152,1.724031995565382
ext__wave_2d,waves,uqcorr_convnext_pred,0.11291680717894935,11.291680717894934,2.332637750748256
ext__wave_2d,waves,single_l2,0.048407347923066175,4.840734792306618,1.0
ext__wave_2d,waves,inverse_mse,0.04393511711604717,4.393511711604717,0.9076125629909176
ext__wave_2d,waves,full,0.042745841023144326,4.274584102314432,0.883044472733361
