dataset,model,proof,source,seed
darcy_generated,mf_fno_transfer_bar,saved target rows and pre-export errors,baseline_raw/mf_fno_transfer_bar__darcy_generated__s42.json,42
darcy_generated,mf_fno_transfer,saved target rows and pre-export errors,baseline_raw/mf_fno_transfer__darcy_generated__s42.json,42
darcy_generated,st_dmfal,source HF file hash,baseline_raw/st_dmfal__darcy_generated__s42.json,42
darcy_generated,st_koh_pod,source HF file hash,baseline_raw/st_koh_pod__darcy_generated__s42.json,42
darcy_generated,st_nargp_pod,source HF file hash,baseline_raw/st_nargp_pod__darcy_generated__s42.json,42
darcy_generated,st_mfdnn,source HF file hash,baseline_raw/st_mfdnn__darcy_generated__s42.json,42
darcy_generated,st_mfdeeponet,source HF file hash,baseline_raw/st_mfdeeponet__darcy_generated__s42.json,42
darcy_generated,nomad_mf,saved target rows and pre-export errors,baseline_raw/nomad_mf__darcy_generated__s42.json,42
darcy_generated,fno_coregionalization,saved target rows and pre-export errors,baseline_raw/fno_coregionalization__darcy_generated__s42.json,42
darcy_generated,st_knn,source HF file hash,baseline_raw/st_knn__darcy_generated__s42.json,42
darcy_generated,st_lf_affine_pod,source HF file hash,baseline_raw/st_lf_affine_pod__darcy_generated__s42.json,42
darcy_generated,mfrnp,saved target rows and pre-export errors,baseline_raw/mfrnp__darcy_generated__s42.json,42
darcy_generated,st_mean,source HF file hash,baseline_raw/st_mean__darcy_generated__s42.json,42
ext__eikonal_2d,mf_fno_transfer_bar,saved target rows and pre-export errors,baseline_raw/mf_fno_transfer_bar__ext__eikonal_2d__s42.json,42
ext__eikonal_2d,mf_fno_transfer,saved target rows and pre-export errors,baseline_raw/mf_fno_transfer__ext__eikonal_2d__s42.json,42
ext__eikonal_2d,st_dmfal,source HF file hash,baseline_raw/st_dmfal__ext__eikonal_2d__s42.json,42
ext__eikonal_2d,st_koh_pod,source HF file hash,baseline_raw/st_koh_pod__ext__eikonal_2d__s42.json,42
ext__eikonal_2d,st_nargp_pod,source HF file hash,baseline_raw/st_nargp_pod__ext__eikonal_2d__s42.json,42
ext__eikonal_2d,st_mfdnn,source HF file hash,baseline_raw/st_mfdnn__ext__eikonal_2d__s42.json,42
ext__eikonal_2d,st_mfdeeponet,source HF file hash,baseline_raw/st_mfdeeponet__ext__eikonal_2d__s42.json,42
ext__eikonal_2d,nomad_mf,saved target rows and pre-export errors,baseline_raw/nomad_mf__ext__eikonal_2d__s42.json,42
ext__eikonal_2d,fno_coregionalization,saved target rows and pre-export errors,baseline_raw/fno_coregionalization__ext__eikonal_2d__s42.json,42
ext__eikonal_2d,st_knn,source HF file hash,baseline_raw/st_knn__ext__eikonal_2d__s42.json,42
ext__eikonal_2d,st_lf_affine_pod,source HF file hash,baseline_raw/st_lf_affine_pod__ext__eikonal_2d__s42.json,42
ext__eikonal_2d,mfrnp,saved target rows and pre-export errors,baseline_raw/mfrnp__ext__eikonal_2d__s42.json,42
ext__eikonal_2d,st_mean,source HF file hash,baseline_raw/st_mean__ext__eikonal_2d__s42.json,42
sharp__helmholtz_2d,mf_fno_transfer_bar,saved target rows and pre-export errors,baseline_raw/mf_fno_transfer_bar__sharp__helmholtz_2d__s42.json,42
sharp__helmholtz_2d,mf_fno_transfer,saved target rows and pre-export errors,baseline_raw/mf_fno_transfer__sharp__helmholtz_2d__s42.json,42
sharp__helmholtz_2d,st_dmfal,source HF file hash,baseline_raw/st_dmfal__sharp__helmholtz_2d__s42.json,42
sharp__helmholtz_2d,st_koh_pod,source HF file hash,baseline_raw/st_koh_pod__sharp__helmholtz_2d__s42.json,42
sharp__helmholtz_2d,st_nargp_pod,source HF file hash,baseline_raw/st_nargp_pod__sharp__helmholtz_2d__s42.json,42
sharp__helmholtz_2d,st_mfdnn,source HF file hash,baseline_raw/st_mfdnn__sharp__helmholtz_2d__s42.json,42
sharp__helmholtz_2d,st_mfdeeponet,source HF file hash,baseline_raw/st_mfdeeponet__sharp__helmholtz_2d__s42.json,42
sharp__helmholtz_2d,nomad_mf,saved target rows and pre-export errors,baseline_raw/nomad_mf__sharp__helmholtz_2d__s42.json,42
sharp__helmholtz_2d,fno_coregionalization,saved target rows and pre-export errors,baseline_raw/fno_coregionalization__sharp__helmholtz_2d__s42.json,42
sharp__helmholtz_2d,st_knn,source HF file hash,baseline_raw/st_knn__sharp__helmholtz_2d__s42.json,42
sharp__helmholtz_2d,st_lf_affine_pod,source HF file hash,baseline_raw/st_lf_affine_pod__sharp__helmholtz_2d__s42.json,42
sharp__helmholtz_2d,mfrnp,saved target rows and pre-export errors,baseline_raw/mfrnp__sharp__helmholtz_2d__s42.json,42
sharp__helmholtz_2d,st_mean,source HF file hash,baseline_raw/st_mean__sharp__helmholtz_2d__s42.json,42
poisson_generated_v2,mf_fno_transfer_bar,saved target rows and pre-export errors,baseline_raw/mf_fno_transfer_bar__poisson_generated_v2__s42.json,42
poisson_generated_v2,mf_fno_transfer,saved target rows and pre-export errors,baseline_raw/mf_fno_transfer__poisson_generated_v2__s42.json,42
poisson_generated_v2,st_dmfal,source HF file hash,baseline_raw/st_dmfal__poisson_generated_v2__s42.json,42
poisson_generated_v2,st_koh_pod,source HF file hash,baseline_raw/st_koh_pod__poisson_generated_v2__s42.json,42
poisson_generated_v2,st_nargp_pod,source HF file hash,baseline_raw/st_nargp_pod__poisson_generated_v2__s42.json,42
poisson_generated_v2,st_mfdnn,source HF file hash,baseline_raw/st_mfdnn__poisson_generated_v2__s42.json,42
poisson_generated_v2,st_mfdeeponet,source HF file hash,baseline_raw/st_mfdeeponet__poisson_generated_v2__s42.json,42
poisson_generated_v2,nomad_mf,saved target rows and pre-export errors,baseline_raw/nomad_mf__poisson_generated_v2__s42.json,42
poisson_generated_v2,fno_coregionalization,saved target rows and pre-export errors,baseline_raw/fno_coregionalization__poisson_generated_v2__s42.json,42
poisson_generated_v2,st_knn,source HF file hash,baseline_raw/st_knn__poisson_generated_v2__s42.json,42
poisson_generated_v2,st_lf_affine_pod,source HF file hash,baseline_raw/st_lf_affine_pod__poisson_generated_v2__s42.json,42
poisson_generated_v2,mfrnp,saved target rows and pre-export errors,baseline_raw/mfrnp__poisson_generated_v2__s42.json,42
poisson_generated_v2,st_mean,source HF file hash,baseline_raw/st_mean__poisson_generated_v2__s42.json,42
poisson_local,mf_fno_transfer_bar,saved target rows and pre-export errors,baseline_raw/mf_fno_transfer_bar__poisson_local__s42.json,42
poisson_local,mf_fno_transfer,saved target rows and pre-export errors,baseline_raw/mf_fno_transfer__poisson_local__s42.json,42
poisson_local,st_dmfal,source HF file hash,baseline_raw/st_dmfal__poisson_local__s42.json,42
poisson_local,st_koh_pod,source HF file hash,baseline_raw/st_koh_pod__poisson_local__s42.json,42
poisson_local,st_nargp_pod,source HF file hash,baseline_raw/st_nargp_pod__poisson_local__s42.json,42
poisson_local,st_mfdnn,source HF file hash,baseline_raw/st_mfdnn__poisson_local__s42.json,42
poisson_local,st_mfdeeponet,source HF file hash,baseline_raw/st_mfdeeponet__poisson_local__s42.json,42
poisson_local,nomad_mf,saved target rows and pre-export errors,baseline_raw/nomad_mf__poisson_local__s42.json,42
poisson_local,fno_coregionalization,saved target rows and pre-export errors,baseline_raw/fno_coregionalization__poisson_local__s42.json,42
poisson_local,st_knn,source HF file hash,baseline_raw/st_knn__poisson_local__s42.json,42
poisson_local,st_lf_affine_pod,source HF file hash,baseline_raw/st_lf_affine_pod__poisson_local__s42.json,42
poisson_local,mfrnp,saved target rows and pre-export errors,baseline_raw/mfrnp__poisson_local__s42.json,42
poisson_local,st_mean,source HF file hash,baseline_raw/st_mean__poisson_local__s42.json,42
ext__pressure_poisson_poiseuille,mf_fno_transfer_bar,saved target rows and pre-export errors,baseline_raw/mf_fno_transfer_bar__ext__pressure_poisson_poiseuille__s42.json,42
ext__pressure_poisson_poiseuille,mf_fno_transfer,saved target rows and pre-export errors,baseline_raw/mf_fno_transfer__ext__pressure_poisson_poiseuille__s42.json,42
ext__pressure_poisson_poiseuille,st_dmfal,source HF file hash,baseline_raw/st_dmfal__ext__pressure_poisson_poiseuille__s42.json,42
ext__pressure_poisson_poiseuille,st_koh_pod,source HF file hash,baseline_raw/st_koh_pod__ext__pressure_poisson_poiseuille__s42.json,42
ext__pressure_poisson_poiseuille,st_nargp_pod,source HF file hash,baseline_raw/st_nargp_pod__ext__pressure_poisson_poiseuille__s42.json,42
ext__pressure_poisson_poiseuille,st_mfdnn,source HF file hash,baseline_raw/st_mfdnn__ext__pressure_poisson_poiseuille__s42.json,42
ext__pressure_poisson_poiseuille,st_mfdeeponet,source HF file hash,baseline_raw/st_mfdeeponet__ext__pressure_poisson_poiseuille__s42.json,42
ext__pressure_poisson_poiseuille,nomad_mf,saved target rows and pre-export errors,baseline_raw/nomad_mf__ext__pressure_poisson_poiseuille__s42.json,42
ext__pressure_poisson_poiseuille,fno_coregionalization,saved target rows and pre-export errors,baseline_raw/fno_coregionalization__ext__pressure_poisson_poiseuille__s42.json,42
ext__pressure_poisson_poiseuille,st_knn,source HF file hash,baseline_raw/st_knn__ext__pressure_poisson_poiseuille__s42.json,42
ext__pressure_poisson_poiseuille,st_lf_affine_pod,source HF file hash,baseline_raw/st_lf_affine_pod__ext__pressure_poisson_poiseuille__s42.json,42
ext__pressure_poisson_poiseuille,mfrnp,saved target rows and pre-export errors,baseline_raw/mfrnp__ext__pressure_poisson_poiseuille__s42.json,42
ext__pressure_poisson_poiseuille,st_mean,source HF file hash,baseline_raw/st_mean__ext__pressure_poisson_poiseuille__s42.json,42
heat_generated,mf_fno_transfer_bar,saved target rows and pre-export errors,baseline_raw/mf_fno_transfer_bar__heat_generated__s42.json,42
heat_generated,mf_fno_transfer,saved target rows and pre-export errors,baseline_raw/mf_fno_transfer__heat_generated__s42.json,42
heat_generated,st_dmfal,source HF file hash,baseline_raw/st_dmfal__heat_generated__s42.json,42
heat_generated,st_koh_pod,source HF file hash,baseline_raw/st_koh_pod__heat_generated__s42.json,42
heat_generated,st_nargp_pod,source HF file hash,baseline_raw/st_nargp_pod__heat_generated__s42.json,42
heat_generated,st_mfdnn,source HF file hash,baseline_raw/st_mfdnn__heat_generated__s42.json,42
heat_generated,st_mfdeeponet,source HF file hash,baseline_raw/st_mfdeeponet__heat_generated__s42.json,42
heat_generated,nomad_mf,saved target rows and pre-export errors,baseline_raw/nomad_mf__heat_generated__s42.json,42
heat_generated,fno_coregionalization,saved target rows and pre-export errors,baseline_raw/fno_coregionalization__heat_generated__s42.json,42
heat_generated,st_knn,source HF file hash,baseline_raw/st_knn__heat_generated__s42.json,42
heat_generated,st_lf_affine_pod,source HF file hash,baseline_raw/st_lf_affine_pod__heat_generated__s42.json,42
heat_generated,mfrnp,saved target rows and pre-export errors,baseline_raw/mfrnp__heat_generated__s42.json,42
heat_generated,st_mean,source HF file hash,baseline_raw/st_mean__heat_generated__s42.json,42
heat_local,mf_fno_transfer_bar,saved target rows and pre-export errors,baseline_raw/mf_fno_transfer_bar__heat_local__s42.json,42
heat_local,mf_fno_transfer,saved target rows and pre-export errors,baseline_raw/mf_fno_transfer__heat_local__s42.json,42
heat_local,st_dmfal,source HF file hash,baseline_raw/st_dmfal__heat_local__s42.json,42
heat_local,st_koh_pod,source HF file hash,baseline_raw/st_koh_pod__heat_local__s42.json,42
heat_local,st_nargp_pod,source HF file hash,baseline_raw/st_nargp_pod__heat_local__s42.json,42
heat_local,st_mfdnn,source HF file hash,baseline_raw/st_mfdnn__heat_local__s42.json,42
heat_local,st_mfdeeponet,source HF file hash,baseline_raw/st_mfdeeponet__heat_local__s42.json,42
heat_local,nomad_mf,saved target rows and pre-export errors,baseline_raw/nomad_mf__heat_local__s42.json,42
heat_local,fno_coregionalization,source HF file hash,baseline_raw/fno_coregionalization__heat_local__s42.json,42
heat_local,st_knn,source HF file hash,baseline_raw/st_knn__heat_local__s42.json,42
heat_local,st_lf_affine_pod,source HF file hash,baseline_raw/st_lf_affine_pod__heat_local__s42.json,42
heat_local,mfrnp,saved target rows and pre-export errors,baseline_raw/mfrnp__heat_local__s42.json,42
heat_local,st_mean,source HF file hash,baseline_raw/st_mean__heat_local__s42.json,42
lid_driven_cavity_v2,mf_fno_transfer_bar,saved target rows and pre-export errors,baseline_raw/mf_fno_transfer_bar__lid_driven_cavity_v2__s42.json,42
lid_driven_cavity_v2,mf_fno_transfer,saved target rows and pre-export errors,baseline_raw/mf_fno_transfer__lid_driven_cavity_v2__s42.json,42
lid_driven_cavity_v2,st_dmfal,source HF file hash,baseline_raw/st_dmfal__lid_driven_cavity_v2__s42.json,42
lid_driven_cavity_v2,st_koh_pod,source HF file hash,baseline_raw/st_koh_pod__lid_driven_cavity_v2__s42.json,42
lid_driven_cavity_v2,st_nargp_pod,source HF file hash,baseline_raw/st_nargp_pod__lid_driven_cavity_v2__s42.json,42
lid_driven_cavity_v2,st_mfdnn,source HF file hash,baseline_raw/st_mfdnn__lid_driven_cavity_v2__s42.json,42
lid_driven_cavity_v2,st_mfdeeponet,source HF file hash,baseline_raw/st_mfdeeponet__lid_driven_cavity_v2__s42.json,42
lid_driven_cavity_v2,nomad_mf,saved target rows and pre-export errors,baseline_raw/nomad_mf__lid_driven_cavity_v2__s42.json,42
lid_driven_cavity_v2,fno_coregionalization,saved target rows and pre-export errors,baseline_raw/fno_coregionalization__lid_driven_cavity_v2__s42.json,42
lid_driven_cavity_v2,st_knn,source HF file hash,baseline_raw/st_knn__lid_driven_cavity_v2__s42.json,42
lid_driven_cavity_v2,st_lf_affine_pod,source HF file hash,baseline_raw/st_lf_affine_pod__lid_driven_cavity_v2__s42.json,42
lid_driven_cavity_v2,mfrnp,saved target rows and pre-export errors,baseline_raw/mfrnp__lid_driven_cavity_v2__s42.json,42
lid_driven_cavity_v2,st_mean,source HF file hash,baseline_raw/st_mean__lid_driven_cavity_v2__s42.json,42
fluid,mf_fno_transfer_bar,saved target rows and pre-export errors,baseline_raw/mf_fno_transfer_bar__fluid__s42.json,42
fluid,mf_fno_transfer,saved target rows and pre-export errors,baseline_raw/mf_fno_transfer__fluid__s42.json,42
fluid,st_dmfal,source HF file hash,baseline_raw/st_dmfal__fluid__s42.json,42
fluid,st_koh_pod,source HF file hash,baseline_raw/st_koh_pod__fluid__s42.json,42
fluid,st_nargp_pod,source HF file hash,baseline_raw/st_nargp_pod__fluid__s42.json,42
fluid,st_mfdnn,source HF file hash,baseline_raw/st_mfdnn__fluid__s42.json,42
fluid,st_mfdeeponet,source HF file hash,baseline_raw/st_mfdeeponet__fluid__s42.json,42
fluid,nomad_mf,saved target rows and pre-export errors,baseline_raw/nomad_mf__fluid__s42.json,42
fluid,fno_coregionalization,saved target rows and pre-export errors,baseline_raw/fno_coregionalization__fluid__s42.json,42
fluid,st_knn,source HF file hash,baseline_raw/st_knn__fluid__s42.json,42
fluid,st_lf_affine_pod,source HF file hash,baseline_raw/st_lf_affine_pod__fluid__s42.json,42
fluid,mfrnp,saved target rows and pre-export errors,baseline_raw/mfrnp__fluid__s42.json,42
fluid,st_mean,source HF file hash,baseline_raw/st_mean__fluid__s42.json,42
ext__rayleigh_benard_2d,mf_fno_transfer_bar,saved target rows and pre-export errors,baseline_raw/mf_fno_transfer_bar__ext__rayleigh_benard_2d__s42.json,42
ext__rayleigh_benard_2d,mf_fno_transfer,saved target rows and pre-export errors,baseline_raw/mf_fno_transfer__ext__rayleigh_benard_2d__s42.json,42
ext__rayleigh_benard_2d,st_dmfal,source HF file hash,baseline_raw/st_dmfal__ext__rayleigh_benard_2d__s42.json,42
ext__rayleigh_benard_2d,st_koh_pod,source HF file hash,baseline_raw/st_koh_pod__ext__rayleigh_benard_2d__s42.json,42
ext__rayleigh_benard_2d,st_nargp_pod,source HF file hash,baseline_raw/st_nargp_pod__ext__rayleigh_benard_2d__s42.json,42
ext__rayleigh_benard_2d,st_mfdnn,source HF file hash,baseline_raw/st_mfdnn__ext__rayleigh_benard_2d__s42.json,42
ext__rayleigh_benard_2d,st_mfdeeponet,source HF file hash,baseline_raw/st_mfdeeponet__ext__rayleigh_benard_2d__s42.json,42
ext__rayleigh_benard_2d,nomad_mf,saved target rows and pre-export errors,baseline_raw/nomad_mf__ext__rayleigh_benard_2d__s42.json,42
ext__rayleigh_benard_2d,fno_coregionalization,saved target rows and pre-export errors,baseline_raw/fno_coregionalization__ext__rayleigh_benard_2d__s42.json,42
ext__rayleigh_benard_2d,st_knn,source HF file hash,baseline_raw/st_knn__ext__rayleigh_benard_2d__s42.json,42
ext__rayleigh_benard_2d,st_lf_affine_pod,source HF file hash,baseline_raw/st_lf_affine_pod__ext__rayleigh_benard_2d__s42.json,42
ext__rayleigh_benard_2d,mfrnp,saved target rows and pre-export errors,baseline_raw/mfrnp__ext__rayleigh_benard_2d__s42.json,42
ext__rayleigh_benard_2d,st_mean,source HF file hash,baseline_raw/st_mean__ext__rayleigh_benard_2d__s42.json,42
sharp__burgers_2d,mf_fno_transfer_bar,saved target rows and pre-export errors,baseline_raw/mf_fno_transfer_bar__sharp__burgers_2d__s42.json,42
sharp__burgers_2d,mf_fno_transfer,saved target rows and pre-export errors,baseline_raw/mf_fno_transfer__sharp__burgers_2d__s42.json,42
sharp__burgers_2d,st_dmfal,source HF file hash,baseline_raw/st_dmfal__sharp__burgers_2d__s42.json,42
sharp__burgers_2d,st_koh_pod,source HF file hash,baseline_raw/st_koh_pod__sharp__burgers_2d__s42.json,42
sharp__burgers_2d,st_nargp_pod,source HF file hash,baseline_raw/st_nargp_pod__sharp__burgers_2d__s42.json,42
sharp__burgers_2d,st_mfdnn,source HF file hash,baseline_raw/st_mfdnn__sharp__burgers_2d__s42.json,42
sharp__burgers_2d,st_mfdeeponet,source HF file hash,baseline_raw/st_mfdeeponet__sharp__burgers_2d__s42.json,42
sharp__burgers_2d,nomad_mf,saved target rows and pre-export errors,baseline_raw/nomad_mf__sharp__burgers_2d__s42.json,42
sharp__burgers_2d,fno_coregionalization,source HF file hash,baseline_raw/fno_coregionalization__sharp__burgers_2d__s42.json,42
sharp__burgers_2d,st_knn,source HF file hash,baseline_raw/st_knn__sharp__burgers_2d__s42.json,42
sharp__burgers_2d,st_lf_affine_pod,source HF file hash,baseline_raw/st_lf_affine_pod__sharp__burgers_2d__s42.json,42
sharp__burgers_2d,mfrnp,saved target rows and pre-export errors,baseline_raw/mfrnp__sharp__burgers_2d__s42.json,42
sharp__burgers_2d,st_mean,source HF file hash,baseline_raw/st_mean__sharp__burgers_2d__s42.json,42
sharp__euler,mf_fno_transfer_bar,saved target rows and pre-export errors,baseline_raw/mf_fno_transfer_bar__sharp__euler__s42.json,42
sharp__euler,mf_fno_transfer,saved target rows and pre-export errors,baseline_raw/mf_fno_transfer__sharp__euler__s42.json,42
sharp__euler,st_dmfal,source HF file hash,baseline_raw/st_dmfal__sharp__euler__s42.json,42
sharp__euler,st_koh_pod,source HF file hash,baseline_raw/st_koh_pod__sharp__euler__s42.json,42
sharp__euler,st_nargp_pod,source HF file hash,baseline_raw/st_nargp_pod__sharp__euler__s42.json,42
sharp__euler,st_mfdnn,source HF file hash,baseline_raw/st_mfdnn__sharp__euler__s42.json,42
sharp__euler,st_mfdeeponet,source HF file hash,baseline_raw/st_mfdeeponet__sharp__euler__s42.json,42
sharp__euler,nomad_mf,saved target rows and pre-export errors,baseline_raw/nomad_mf__sharp__euler__s42.json,42
sharp__euler,fno_coregionalization,saved target rows and pre-export errors,baseline_raw/fno_coregionalization__sharp__euler__s42.json,42
sharp__euler,st_knn,source HF file hash,baseline_raw/st_knn__sharp__euler__s42.json,42
sharp__euler,st_lf_affine_pod,source HF file hash,baseline_raw/st_lf_affine_pod__sharp__euler__s42.json,42
sharp__euler,mfrnp,saved target rows and pre-export errors,baseline_raw/mfrnp__sharp__euler__s42.json,42
sharp__euler,st_mean,source HF file hash,baseline_raw/st_mean__sharp__euler__s42.json,42
sharp__porous_medium_2d,mf_fno_transfer_bar,saved target rows and pre-export errors,baseline_raw/mf_fno_transfer_bar__sharp__porous_medium_2d__s42.json,42
sharp__porous_medium_2d,mf_fno_transfer,saved target rows and pre-export errors,baseline_raw/mf_fno_transfer__sharp__porous_medium_2d__s42.json,42
sharp__porous_medium_2d,st_dmfal,source HF file hash,baseline_raw/st_dmfal__sharp__porous_medium_2d__s42.json,42
sharp__porous_medium_2d,st_koh_pod,source HF file hash,baseline_raw/st_koh_pod__sharp__porous_medium_2d__s42.json,42
sharp__porous_medium_2d,st_nargp_pod,source HF file hash,baseline_raw/st_nargp_pod__sharp__porous_medium_2d__s42.json,42
sharp__porous_medium_2d,st_mfdnn,source HF file hash,baseline_raw/st_mfdnn__sharp__porous_medium_2d__s42.json,42
sharp__porous_medium_2d,st_mfdeeponet,source HF file hash,baseline_raw/st_mfdeeponet__sharp__porous_medium_2d__s42.json,42
sharp__porous_medium_2d,nomad_mf,saved target rows and pre-export errors,baseline_raw/nomad_mf__sharp__porous_medium_2d__s42.json,42
sharp__porous_medium_2d,fno_coregionalization,saved target rows and pre-export errors,baseline_raw/fno_coregionalization__sharp__porous_medium_2d__s42.json,42
sharp__porous_medium_2d,st_knn,source HF file hash,baseline_raw/st_knn__sharp__porous_medium_2d__s42.json,42
sharp__porous_medium_2d,st_lf_affine_pod,source HF file hash,baseline_raw/st_lf_affine_pod__sharp__porous_medium_2d__s42.json,42
sharp__porous_medium_2d,mfrnp,saved target rows and pre-export errors,baseline_raw/mfrnp__sharp__porous_medium_2d__s42.json,42
sharp__porous_medium_2d,st_mean,source HF file hash,baseline_raw/st_mean__sharp__porous_medium_2d__s42.json,42
sharp__allen_cahn_2d,st_koh_pod,verified completion on sealed query identities,four_dataset_completion/results/sharp__allen_cahn_2d.json,42
sharp__allen_cahn_2d,st_nargp_pod,verified completion on sealed query identities,four_dataset_completion/results/sharp__allen_cahn_2d.json,42
sharp__allen_cahn_2d,st_mfdnn,verified completion on sealed query identities,four_dataset_completion/results/sharp__allen_cahn_2d.json,42
sharp__allen_cahn_2d,st_mfdeeponet,verified completion on sealed query identities,four_dataset_completion/results/sharp__allen_cahn_2d.json,42
sharp__allen_cahn_2d,st_dmfal,verified completion on sealed query identities,four_dataset_completion/results/sharp__allen_cahn_2d.json,42
sharp__allen_cahn_2d,nomad_mf,verified completion on sealed query identities,four_dataset_completion/results/sharp__allen_cahn_2d.json,42
sharp__allen_cahn_2d,mfrnp,verified completion on sealed query identities,four_dataset_completion/results/sharp__allen_cahn_2d.json,42
sharp__allen_cahn_2d,fno_coregionalization,verified completion on sealed query identities,four_dataset_completion/results/sharp__allen_cahn_2d.json,42
sharp__allen_cahn_2d,mf_fno_transfer,verified completion on sealed query identities,four_dataset_completion/results/sharp__allen_cahn_2d.json,42
sharp__allen_cahn_2d,mf_fno_transfer_bar,verified completion on sealed query identities,four_dataset_completion/results/sharp__allen_cahn_2d.json,42
sharp__allen_cahn_2d,st_lf_affine_pod,verified completion on sealed query identities,four_dataset_completion/results/sharp__allen_cahn_2d.json,42
sharp__allen_cahn_2d,st_knn,verified completion on sealed query identities,four_dataset_completion/results/sharp__allen_cahn_2d.json,42
sharp__allen_cahn_2d,st_mean,verified completion on sealed query identities,four_dataset_completion/results/sharp__allen_cahn_2d.json,42
ext__cahn_hilliard_2d,mf_fno_transfer_bar,saved target rows and pre-export errors,baseline_raw/mf_fno_transfer_bar__ext__cahn_hilliard_2d__s42.json,42
ext__cahn_hilliard_2d,mf_fno_transfer,saved target rows and pre-export errors,baseline_raw/mf_fno_transfer__ext__cahn_hilliard_2d__s42.json,42
ext__cahn_hilliard_2d,st_dmfal,source HF file hash,baseline_raw/st_dmfal__ext__cahn_hilliard_2d__s42.json,42
ext__cahn_hilliard_2d,st_koh_pod,source HF file hash,baseline_raw/st_koh_pod__ext__cahn_hilliard_2d__s42.json,42
ext__cahn_hilliard_2d,st_nargp_pod,source HF file hash,baseline_raw/st_nargp_pod__ext__cahn_hilliard_2d__s42.json,42
ext__cahn_hilliard_2d,st_mfdnn,source HF file hash,baseline_raw/st_mfdnn__ext__cahn_hilliard_2d__s42.json,42
ext__cahn_hilliard_2d,st_mfdeeponet,source HF file hash,baseline_raw/st_mfdeeponet__ext__cahn_hilliard_2d__s42.json,42
ext__cahn_hilliard_2d,nomad_mf,saved target rows and pre-export errors,baseline_raw/nomad_mf__ext__cahn_hilliard_2d__s42.json,42
ext__cahn_hilliard_2d,fno_coregionalization,saved target rows and pre-export errors,baseline_raw/fno_coregionalization__ext__cahn_hilliard_2d__s42.json,42
ext__cahn_hilliard_2d,st_knn,source HF file hash,baseline_raw/st_knn__ext__cahn_hilliard_2d__s42.json,42
ext__cahn_hilliard_2d,st_lf_affine_pod,source HF file hash,baseline_raw/st_lf_affine_pod__ext__cahn_hilliard_2d__s42.json,42
ext__cahn_hilliard_2d,mfrnp,saved target rows and pre-export errors,baseline_raw/mfrnp__ext__cahn_hilliard_2d__s42.json,42
ext__cahn_hilliard_2d,st_mean,source HF file hash,baseline_raw/st_mean__ext__cahn_hilliard_2d__s42.json,42
sharp__cahn_hilliard,st_koh_pod,verified completion on sealed query identities,four_dataset_completion/results/sharp__cahn_hilliard.json,42
sharp__cahn_hilliard,st_nargp_pod,verified completion on sealed query identities,four_dataset_completion/results/sharp__cahn_hilliard.json,42
sharp__cahn_hilliard,st_mfdnn,verified completion on sealed query identities,four_dataset_completion/results/sharp__cahn_hilliard.json,42
sharp__cahn_hilliard,st_mfdeeponet,verified completion on sealed query identities,four_dataset_completion/results/sharp__cahn_hilliard.json,42
sharp__cahn_hilliard,st_dmfal,verified completion on sealed query identities,four_dataset_completion/results/sharp__cahn_hilliard.json,42
sharp__cahn_hilliard,nomad_mf,verified completion on sealed query identities,four_dataset_completion/results/sharp__cahn_hilliard.json,42
sharp__cahn_hilliard,mfrnp,verified completion on sealed query identities,four_dataset_completion/results/sharp__cahn_hilliard.json,42
sharp__cahn_hilliard,fno_coregionalization,verified completion on sealed query identities,four_dataset_completion/results/sharp__cahn_hilliard.json,42
sharp__cahn_hilliard,mf_fno_transfer,verified completion on sealed query identities,four_dataset_completion/results/sharp__cahn_hilliard.json,42
sharp__cahn_hilliard,mf_fno_transfer_bar,verified completion on sealed query identities,four_dataset_completion/results/sharp__cahn_hilliard.json,42
sharp__cahn_hilliard,st_lf_affine_pod,verified completion on sealed query identities,four_dataset_completion/results/sharp__cahn_hilliard.json,42
sharp__cahn_hilliard,st_knn,verified completion on sealed query identities,four_dataset_completion/results/sharp__cahn_hilliard.json,42
sharp__cahn_hilliard,st_mean,verified completion on sealed query identities,four_dataset_completion/results/sharp__cahn_hilliard.json,42
sharp__fisher_kpp_2d,st_koh_pod,verified completion on sealed query identities,four_dataset_completion/results/sharp__fisher_kpp_2d.json,42
sharp__fisher_kpp_2d,st_nargp_pod,verified completion on sealed query identities,four_dataset_completion/results/sharp__fisher_kpp_2d.json,42
sharp__fisher_kpp_2d,st_mfdnn,verified completion on sealed query identities,four_dataset_completion/results/sharp__fisher_kpp_2d.json,42
sharp__fisher_kpp_2d,st_mfdeeponet,verified completion on sealed query identities,four_dataset_completion/results/sharp__fisher_kpp_2d.json,42
sharp__fisher_kpp_2d,st_dmfal,verified completion on sealed query identities,four_dataset_completion/results/sharp__fisher_kpp_2d.json,42
sharp__fisher_kpp_2d,nomad_mf,verified completion on sealed query identities,four_dataset_completion/results/sharp__fisher_kpp_2d.json,42
sharp__fisher_kpp_2d,mfrnp,verified completion on sealed query identities,four_dataset_completion/results/sharp__fisher_kpp_2d.json,42
sharp__fisher_kpp_2d,fno_coregionalization,verified completion on sealed query identities,four_dataset_completion/results/sharp__fisher_kpp_2d.json,42
sharp__fisher_kpp_2d,mf_fno_transfer,verified completion on sealed query identities,four_dataset_completion/results/sharp__fisher_kpp_2d.json,42
sharp__fisher_kpp_2d,mf_fno_transfer_bar,verified completion on sealed query identities,four_dataset_completion/results/sharp__fisher_kpp_2d.json,42
sharp__fisher_kpp_2d,st_lf_affine_pod,verified completion on sealed query identities,four_dataset_completion/results/sharp__fisher_kpp_2d.json,42
sharp__fisher_kpp_2d,st_knn,verified completion on sealed query identities,four_dataset_completion/results/sharp__fisher_kpp_2d.json,42
sharp__fisher_kpp_2d,st_mean,verified completion on sealed query identities,four_dataset_completion/results/sharp__fisher_kpp_2d.json,42
sharp__phase_field_crystal_2d,st_koh_pod,verified completion on sealed query identities,four_dataset_completion/results/sharp__phase_field_crystal_2d.json,42
sharp__phase_field_crystal_2d,st_nargp_pod,verified completion on sealed query identities,four_dataset_completion/results/sharp__phase_field_crystal_2d.json,42
sharp__phase_field_crystal_2d,st_mfdnn,verified completion on sealed query identities,four_dataset_completion/results/sharp__phase_field_crystal_2d.json,42
sharp__phase_field_crystal_2d,st_mfdeeponet,verified completion on sealed query identities,four_dataset_completion/results/sharp__phase_field_crystal_2d.json,42
sharp__phase_field_crystal_2d,st_dmfal,verified completion on sealed query identities,four_dataset_completion/results/sharp__phase_field_crystal_2d.json,42
sharp__phase_field_crystal_2d,nomad_mf,verified completion on sealed query identities,four_dataset_completion/results/sharp__phase_field_crystal_2d.json,42
sharp__phase_field_crystal_2d,mfrnp,verified completion on sealed query identities,four_dataset_completion/results/sharp__phase_field_crystal_2d.json,42
sharp__phase_field_crystal_2d,fno_coregionalization,verified completion on sealed query identities,four_dataset_completion/results/sharp__phase_field_crystal_2d.json,42
sharp__phase_field_crystal_2d,mf_fno_transfer,verified completion on sealed query identities,four_dataset_completion/results/sharp__phase_field_crystal_2d.json,42
sharp__phase_field_crystal_2d,mf_fno_transfer_bar,verified completion on sealed query identities,four_dataset_completion/results/sharp__phase_field_crystal_2d.json,42
sharp__phase_field_crystal_2d,st_lf_affine_pod,verified completion on sealed query identities,four_dataset_completion/results/sharp__phase_field_crystal_2d.json,42
sharp__phase_field_crystal_2d,st_knn,verified completion on sealed query identities,four_dataset_completion/results/sharp__phase_field_crystal_2d.json,42
sharp__phase_field_crystal_2d,st_mean,verified completion on sealed query identities,four_dataset_completion/results/sharp__phase_field_crystal_2d.json,42
sharp__shallow_water_2d,mf_fno_transfer_bar,saved target rows and pre-export errors,baseline_raw/mf_fno_transfer_bar__sharp__shallow_water_2d__s42.json,42
sharp__shallow_water_2d,mf_fno_transfer,saved target rows and pre-export errors,baseline_raw/mf_fno_transfer__sharp__shallow_water_2d__s42.json,42
sharp__shallow_water_2d,st_dmfal,source HF file hash,baseline_raw/st_dmfal__sharp__shallow_water_2d__s42.json,42
sharp__shallow_water_2d,st_koh_pod,source HF file hash,baseline_raw/st_koh_pod__sharp__shallow_water_2d__s42.json,42
sharp__shallow_water_2d,st_nargp_pod,source HF file hash,baseline_raw/st_nargp_pod__sharp__shallow_water_2d__s42.json,42
sharp__shallow_water_2d,st_mfdnn,source HF file hash,baseline_raw/st_mfdnn__sharp__shallow_water_2d__s42.json,42
sharp__shallow_water_2d,st_mfdeeponet,source HF file hash,baseline_raw/st_mfdeeponet__sharp__shallow_water_2d__s42.json,42
sharp__shallow_water_2d,nomad_mf,saved target rows and pre-export errors,baseline_raw/nomad_mf__sharp__shallow_water_2d__s42.json,42
sharp__shallow_water_2d,fno_coregionalization,saved target rows and pre-export errors,baseline_raw/fno_coregionalization__sharp__shallow_water_2d__s42.json,42
sharp__shallow_water_2d,st_knn,source HF file hash,baseline_raw/st_knn__sharp__shallow_water_2d__s42.json,42
sharp__shallow_water_2d,st_lf_affine_pod,source HF file hash,baseline_raw/st_lf_affine_pod__sharp__shallow_water_2d__s42.json,42
sharp__shallow_water_2d,mfrnp,saved target rows and pre-export errors,baseline_raw/mfrnp__sharp__shallow_water_2d__s42.json,42
sharp__shallow_water_2d,st_mean,source HF file hash,baseline_raw/st_mean__sharp__shallow_water_2d__s42.json,42
ext__wave_2d,mf_fno_transfer_bar,saved target rows and pre-export errors,baseline_raw/mf_fno_transfer_bar__ext__wave_2d__s42.json,42
ext__wave_2d,mf_fno_transfer,saved target rows and pre-export errors,baseline_raw/mf_fno_transfer__ext__wave_2d__s42.json,42
ext__wave_2d,st_dmfal,source HF file hash,baseline_raw/st_dmfal__ext__wave_2d__s42.json,42
ext__wave_2d,st_koh_pod,source HF file hash,baseline_raw/st_koh_pod__ext__wave_2d__s42.json,42
ext__wave_2d,st_nargp_pod,source HF file hash,baseline_raw/st_nargp_pod__ext__wave_2d__s42.json,42
ext__wave_2d,st_mfdnn,source HF file hash,baseline_raw/st_mfdnn__ext__wave_2d__s42.json,42
ext__wave_2d,st_mfdeeponet,source HF file hash,baseline_raw/st_mfdeeponet__ext__wave_2d__s42.json,42
ext__wave_2d,nomad_mf,saved target rows and pre-export errors,baseline_raw/nomad_mf__ext__wave_2d__s42.json,42
ext__wave_2d,fno_coregionalization,saved target rows and pre-export errors,baseline_raw/fno_coregionalization__ext__wave_2d__s42.json,42
ext__wave_2d,st_knn,source HF file hash,baseline_raw/st_knn__ext__wave_2d__s42.json,42
ext__wave_2d,st_lf_affine_pod,source HF file hash,baseline_raw/st_lf_affine_pod__ext__wave_2d__s42.json,42
ext__wave_2d,mfrnp,saved target rows and pre-export errors,baseline_raw/mfrnp__ext__wave_2d__s42.json,42
ext__wave_2d,st_mean,source HF file hash,baseline_raw/st_mean__ext__wave_2d__s42.json,42
