dataset,film_transfer_lb,fno_coregionalization,mf_deeponet,mf_fno_transfer,mf_fno_transfer_bar,mf_fno_transfer_film,mfrnp,nomad_mf,st_dmfal,st_film_affine,st_film_hf_only,st_film_lf_only,st_film_pooled,st_hf_pod_gp,st_knn,st_koh_pod,st_lf_affine_pod,st_mean,st_mfdeeponet,st_mfdnn,st_nargp_pod
allen_cahn_generated,0.000292399,,,,,,,,0.040577,,,,,0.0357191,0.0204162,0.0356145,0.0404095,1.00802,0.0212322,8.95743e-05,0.0357122
darcy_generated,0.0321682,,,,,,,,0.0599973,0.0349092,0.0327581,0.0388372,0.0439515,0.0357397,0.253025,0.0359286,0.03795,0.440781,0.0684498,0.0452981,0.0426255
era5,0.0723122,,,,,,,,0.0418683,0.0892884,0.116779,0.0942868,0.0911023,0.0612709,0.0371646,0.0528571,0.0877617,0.0612709,0.10774,0.159628,0.0612709
ext__cahn_hilliard_2d,0.114517,,,,,,,,0.256442,0.78894,0.111134,0.785418,0.410817,0.28215,0.170279,0.275469,0.676961,1.00638,0.446751,0.509864,0.257953
ext__eikonal_2d,0.0227054,,,,,,,,0.0323802,0.0478622,0.0197166,0.0748906,0.0393571,0.0357318,0.0527451,0.0344341,0.0466203,0.320704,0.0334314,0.0285357,0.0284593
ext__helmholtz_2d,1.47868,,,,,,,,1.4309,5.39865,1.34363,2.3654,1.80788,2.39969,1.41316,4.79768,5.5036,4.36907,1.68239,2.54959,4.19925
ext__pressure_poisson_poiseuille,0.000477344,,,,,,,,0.00152728,0.00510965,0.000572197,0.0069451,0.00650245,0.000944611,0.00210001,0.00429782,0.00669303,0.014791,0.0105473,0.000657703,0.00452999
ext__rayleigh_benard_2d,9.77233e-05,,,,,,,,0.000287152,0.0063221,0.000130949,0.015177,0.00761277,0.00313241,0.000875087,0.0030199,0.00705601,0.0882221,0.000472356,0.000544199,0.00313243
ext__wave_2d,0.0656595,,,,,,,,0.472388,0.508145,0.0617516,0.50886,0.263606,0.255083,0.435562,0.275287,0.507899,0.98662,0.429201,0.0353786,0.255112
fluid,0.015341,,,,,,,,0.0370893,0.214317,0.0176547,0.217795,0.109852,0.0280057,0.0323994,0.0278416,0.21274,0.40714,0.0411191,0.0205915,0.0246468
heat_generated,0.0001723,,,,,,,,0.000675364,0.0100762,0.000221712,0.0113378,0.0137178,0.00317321,0.0144753,0.00314136,0.0106909,0.125536,0.00111053,0.000746753,0.00317327
heat_local,0.000150699,,,,,,,,0.000673243,0.00227657,0.000173236,0.00240746,0.0113267,0.00304874,0.00818528,0.00305393,0.00397676,0.126161,0.00206985,0.00114788,0.00304876
ifc_heat,0.00893931,,,,,,,,,,,,,0.0575398,0.0865813,0.00624789,0.011118,0.116068,,,0.0611194
ifc_poisson,0.0384153,,,,,,,,,,,,,0.401172,0.332675,0.0175482,0.0320327,0.403428,,,0.403345
lid_driven_cavity_generated,0.0212912,0.00258386,0.415133,0.0349002,0.0348199,0.0208188,0.549185,0.501789,0.00297559,0.368956,0.0319247,0.369012,0.546383,0.00327533,0.00465365,0.00253616,0.368676,0.152044,0.201643,0.233752,0.00327534
lid_driven_cavity_v2,0.985273,0.00129263,0.700871,0.00605788,0.00593392,0.494858,0.556593,0.222652,0.000417956,0.985273,0.690256,0.985273,0.382224,0.00412729,0.000730889,0.00307408,0.371264,0.164785,0.0385162,0.23267,0.00412729
poisson_generated,0.000412954,,,,,,,,0.00100658,0.0269063,0.00048823,3.15284,6.67467,3.57019e-05,0.0681411,5.87975e-05,0.0784385,0.304942,0.00518898,0.00393868,4.67186e-05
poisson_generated_v2,0.000404634,0.00236509,0.102946,0.000741857,0.000741838,0.000409338,0.0669174,0.00504847,0.00105179,0.0269068,0.000489894,0.0280308,0.0331229,5.019e-05,0.0681411,6.96111e-05,0.0269061,0.304942,0.0020464,0.00192124,5.89916e-05
poisson_local,0.00239331,,,,,,,,0.00866524,0.00676391,0.00252229,0.787472,17.8183,0.000116427,0.126054,0.000124102,0.0196104,0.372189,0.0186424,0.0070259,0.000298304
sharp__allen_cahn_2d,0.475572,,,,,,,,0.407158,0.477161,0.483795,0.477131,0.48614,0.531749,0.759563,0.531618,0.531607,1.0017,0.430222,0.570033,0.986038
sharp__burgers_1d,0.000108251,,,,,,,,7.81549e-05,,,,,0.00746382,0.000658986,0.00932725,0.158893,0.892228,0.000684146,0.000507974,0.00746383
sharp__burgers_2d,0.00533215,,,,,,,,0.0123084,0.113718,0.005338,0.11769,0.105587,0.0244771,0.00666688,0.0220144,0.11651,0.736353,0.0803629,0.015785,0.0244767
sharp__cahn_hilliard,0.445002,,,,,,,,0.493791,0.455118,0.452402,0.455118,0.473125,0.626394,0.751765,0.62645,0.626591,1.00198,0.504337,0.839884,0.807637
sharp__euler,0.063176,,,,,,,,0.0629923,0.0651306,0.0613706,0.065098,0.063067,0.0607834,0.0615371,0.0548814,0.0618796,0.314952,0.0639589,0.0662653,0.0552703
sharp__fisher_kpp_2d,0.0306145,,,,,,,,0.0332967,0.031152,0.0311462,0.0311531,0.0310928,0.0645618,0.052871,0.0645618,0.0645617,0.0645618,0.0384601,0.061842,0.0645618
sharp__helmholtz_2d,0.033109,,,,,,,,0.0395715,0.0626375,0.0334932,1.01625,1.30024,0.0633096,0.184173,0.110851,0.129943,0.940394,0.0246218,0.0671407,0.115942
sharp__phase_field_crystal_2d,0.903049,,,,,,,,0.879931,0.910522,0.909776,0.907867,0.895993,0.841008,0.875714,0.841011,0.840984,0.877766,0.880135,0.9613,0.864809
sharp__porous_medium_1d,0.00034322,,,,,,,,0.00124011,,,,,0.00869325,0.0169548,0.00478411,0.0205294,0.292924,0.00348558,0.00101308,0.0075356
sharp__porous_medium_2d,0.000466178,,,,,,,,0.00793283,0.0421528,0.000580581,0.0421769,0.0504817,0.0114109,0.0225558,0.0123977,0.0211141,0.330777,0.0133088,0.00303362,0.00925666
sharp__shallow_water_1d,0.00222981,,,,,,,,0.00576663,,,,,0.0109269,0.0111472,0.014463,0.0254386,0.244962,0.00336256,0.00314511,0.00769973
sharp__shallow_water_2d,0.00391259,,,,,,,,0.00648886,0.0268526,0.003552,0.0291597,0.0278545,0.0108445,0.0121138,0.0115695,0.0296925,0.265369,0.00761349,0.00452306,0.0104473
sharp__sod_1d,0.000215905,,,,,,,,0.000485259,,,,,0.00276431,0.00540497,0.00194346,0.0326957,0.115912,0.00152917,0.000419496,0.00276478
