epoch,train_mse,train_nrmse,train_rel_l2,val_mse,val_nrmse,val_rel_l2,lambda_prior,gate_temperature,entropy_reg,alpha_entropy,gamma,alpha_self_mean,alpha_lf1_mean,alpha_lf2_mean,alpha_lf3_mean,alpha_lf4_mean
1,2.803838058521873,1.5328482012999685,1.759384496170178,0.8322561085224152,0.8708554123129163,1.0484909585544042,0.991,2.99,0.0029850000000000002,1.6074826591893245,1.0018805265426636,0.21552696092086926,0.19554031052087484,0.1950725986246477,0.19644027791525187,0.19741975163158618
2,0.9484105047426725,0.9113115427786844,0.9588890556703534,0.6715543908732278,0.7684448787144252,0.90577951499394,0.982,2.98,0.00297,1.5503035553714686,1.0045368671417236,0.3461926307594567,0.16476833062213764,0.15934531782802783,0.1632670629442784,0.16642666202888154
3,0.798441911998548,0.8227040934980961,0.8502395215787386,0.33293356001377106,0.5442636438778469,0.6485410588128226,0.973,2.97,0.002955,1.5503909462376644,1.007890224456787,0.3471688147176776,0.1669543939724303,0.15838269235795005,0.1620200569169563,0.16547403732935587
4,0.2798548461052409,0.5020122402592709,0.5550172407376138,0.15442028854574477,0.37418812087603975,0.45307032976831707,0.964,2.96,0.00294,1.5076530732606586,1.0110957622528076,0.39522575809244526,0.1559015104645177,0.14595604047440647,0.1495373570605328,0.15337933992084704
5,0.2267440409775366,0.43824252172520284,0.46321547711104677,0.24338099999087198,0.47540669781821115,0.6062670818396977,0.955,2.95,0.002925,1.0907596412457918,1.014173150062561,0.6646846365510372,0.08816007786152656,0.08035117492341158,0.08173908319389611,0.08506502629372112
6,0.14690954368888287,0.35955067946199787,0.39856110408640744,0.16540535432951792,0.392854562827519,0.4936818650790623,0.946,2.94,0.0029100000000000003,1.311788188783746,1.0164175033569336,0.5441504068541945,0.11954271531941597,0.10985135613826283,0.11110569458258779,0.11534983520967919
7,0.14141447293130974,0.3564668182741132,0.405823546543456,0.09312140462653977,0.29426784813404083,0.36767058287348064,0.9369999999999999,2.93,0.002895,1.3815564440007795,1.0196616649627686,0.5011289287031743,0.13069214789490952,0.12045285105705261,0.12166860856507954,0.12605746534832737
8,0.09296316954127529,0.28858305487716407,0.3238415924603479,0.05015375119234834,0.21339045890739985,0.26225656483854565,0.9279999999999999,2.92,0.00288,1.3432117365954215,1.0214158296585083,0.5289815915258307,0.12380581466775191,0.11344636754508604,0.11470426749764827,0.1190619547116129
9,0.051690964060917236,0.2167345274958694,0.2421497943108542,0.07700451809380736,0.26101832517555784,0.3195793160370418,0.919,2.91,0.002865,1.388718372897098,1.0256158113479614,0.49691899303804365,0.13184882726585656,0.12156469884671663,0.12259891524649504,0.1270685557994926
10,0.05875449575353087,0.22775183591926307,0.2528769572575887,0.10681297363979476,0.3192161023616791,0.4216415286064148,0.91,2.9,0.00285,1.3333142284761395,1.0298349857330322,0.5352436053125482,0.1219685498559684,0.11230973912435666,0.11311934470084675,0.11735875930702477
11,0.07576764054727136,0.2644182318135312,0.3028820988379027,0.07454451705728259,0.2635874514068876,0.33187049840177807,0.901,2.89,0.002835,1.273485585262901,1.0321614742279053,0.5716588549446642,0.11247745783705461,0.10355220970354582,0.10416523393308907,0.10814624580374935
12,0.04860149150746956,0.21255043384275937,0.24288026648655273,0.04462037514895201,0.20022642931767873,0.24229269794055394,0.892,2.88,0.00282,1.3316229079899036,1.0356292724609375,0.5348073369578311,0.12165567958564089,0.11282237606090412,0.11328072009379403,0.11743387475348356
13,0.040091061343749367,0.19270906087599302,0.22066324818552585,0.04390193402234997,0.20211523664849146,0.26066121459007263,0.883,2.87,0.002805,1.364742216311003,1.0414360761642456,0.511439675824684,0.12724675068206953,0.11886168375872729,0.11908692030007378,0.12336497505505879
14,0.0392996217205859,0.19151783878343148,0.22452817831123084,0.050162483006715775,0.21971376240253448,0.2835202557700021,0.874,2.86,0.00279,1.264476399672659,1.0456030368804932,0.5762915203445836,0.11082114409982112,0.10287227128681384,0.10289024940708227,0.10712480963322155
15,0.04363855222860972,0.2020409781681864,0.23038610476150848,0.027376074743058,0.15322965064219066,0.1862162756068366,0.865,2.85,0.002775,1.2894333412772732,1.050015926361084,0.5614804029464722,0.1145924159832168,0.10670672827645351,0.10640619381477959,0.11081426107046898
16,0.02806700598611905,0.16163282135599538,0.18369200289772267,0.022417728722627674,0.1425366167511259,0.17644536282335008,0.856,2.84,0.00276,1.305924940527531,1.0559576749801636,0.552002095339591,0.11697455247243245,0.10904417409185778,0.10876886703466114,0.11321031315284863
17,0.03468817583563035,0.17548033176806935,0.1997438355496055,0.05650237415518079,0.23462075207914626,0.30257424286433626,0.847,2.83,0.002745,1.3012154583345379,1.061142086982727,0.554543039254975,0.11627202886238433,0.10889335591019246,0.10795039369871742,0.11234117547671
18,0.03026792563890156,0.16669308511834396,0.19310273230075836,0.02332238480448723,0.15205390538488114,0.19785021990537643,0.838,2.82,0.0027300000000000002,1.321881603776363,1.0661641359329224,0.5410029804497435,0.1194033086822744,0.11273070385581568,0.11128982561722137,0.11557317851928242
19,0.023615915328264236,0.1486030213142696,0.16906803767932088,0.01543597677456481,0.12022751676184791,0.1511184083563941,0.829,2.81,0.002715,1.338342687539887,1.07280695438385,0.5294999626644871,0.12228852667306599,0.11608323115005828,0.11398662809740033,0.11814164461796745
20,0.02431952012212653,0.14989659451601797,0.17275357638534747,0.014672776950257165,0.11338069449578013,0.13673715399844305,0.82,2.8,0.0027,1.298225526224103,1.0784025192260742,0.5556303764644422,0.11567452602219164,0.10993230643502452,0.10738444877298255,0.11137833328623521
21,0.032200223259758534,0.1673440410379778,0.18637049015153917,0.0280208664813212,0.1657425676073347,0.218058813895498,0.8109999999999999,2.79,0.002685,1.3381016463564153,1.0826420783996582,0.5303710782737062,0.12205338190522111,0.11657705693914179,0.11360843780270793,0.1173900463863423
22,0.02238354521493117,0.14389584801698985,0.16527156754021058,0.010380212417138475,0.09908989710467202,0.12284920577492033,0.802,2.78,0.00267,1.2817899553399337,1.089092493057251,0.5662514431434765,0.11279290483186119,0.10778570253598063,0.10478094638439647,0.10838900977059414
23,0.014351024472138338,0.11624256652175334,0.13445640865125155,0.01739699420120035,0.12467487103172711,0.15654546341725759,0.7929999999999999,2.77,0.0026550000000000002,1.3421098872234947,1.096376895904541,0.5271313671480146,0.12230389722083744,0.11842043253413417,0.11419988671938579,0.11794442382820866
24,0.023273289677474582,0.14501547055286274,0.16088988801889254,0.013907275495252438,0.1143458251442228,0.1433283399258341,0.784,2.76,0.00264,1.2599751907482482,1.1003570556640625,0.5780863134484542,0.10925325463738358,0.10586834189138915,0.1019067447959331,0.10488536431078326
25,0.014123620661465745,0.11491362332252034,0.13247963942979513,0.014334543009421654,0.11735161287443978,0.1549199117081506,0.775,2.75,0.002625,1.3515227426562393,1.105305552482605,0.5206833345848217,0.12423094714942731,0.12078006683211577,0.11589727694528144,0.11840837095913134
26,0.01646194597216029,0.12069380427138847,0.1364025358568158,0.012179801207301872,0.10023578469242368,0.11906279197760991,0.766,2.74,0.00261,1.298147634456032,1.1092108488082886,0.5558307547318307,0.11574123982797589,0.11217798083497767,0.10674967276945449,0.10950035340430443
27,0.01710213260038903,0.12287878820247818,0.1385516594899328,0.013659149408340454,0.115380197763443,0.14468497782945633,0.757,2.73,0.002595,1.3138350415648075,1.1120750904083252,0.5451642923187792,0.11846833480031867,0.11520223241103322,0.10908719452849605,0.11207794803276397
28,0.016825818963218154,0.1255779246750631,0.14318818324490598,0.03125287206577403,0.1724261428628649,0.21745729446411133,0.748,2.7199999999999998,0.00258,1.2810129387336864,1.1151822805404663,0.5646252036094666,0.11365865824515359,0.1101668452223142,0.10410313373594954,0.10744616232420269
29,0.025999357172271663,0.1522329441810909,0.1703138582800564,0.028411326397742544,0.16320760654551641,0.20073934963771276,0.739,2.71,0.002565,1.3172047242783664,1.1173744201660156,0.5440931822124281,0.11853850802831482,0.11576564793001141,0.10903877215950113,0.11256388195774011
30,0.019119968539790103,0.1312861880450918,0.14746153158576866,0.013632351532578468,0.11543616758925575,0.1510469030056681,0.73,2.7,0.00255,1.2820119836874175,1.1207596063613892,0.5652037419770893,0.11341855217490279,0.1102230952758538,0.10387012074913896,0.10728450224064943
31,0.01156725961584271,0.1015867682402594,0.11682064360693882,0.014808992389589548,0.11060308665037155,0.13011285556214197,0.721,2.69,0.002535,1.345483855197304,1.1241892576217651,0.5248347102550038,0.1236575230171806,0.12065082056480542,0.11353746579404463,0.11731948389818794
32,0.011167222078432116,0.09974729714163563,0.11333258842167102,0.019640323240309954,0.1292868416224207,0.15740851206438883,0.712,2.68,0.00252,1.2390020604719196,1.127153992652893,0.5893574367489731,0.10769700585750111,0.10425730598600287,0.09731155829994302,0.10137667990567391
33,0.019796040954819898,0.12894462101292192,0.14830839712368815,0.031291652869965346,0.1665122232266835,0.23518482808555877,0.703,2.67,0.0025050000000000003,1.2886241528025844,1.126298427581787,0.5595110320208365,0.11503323912620544,0.11205761840468959,0.10453511879109499,0.10886298642869581
34,0.023734907791214555,0.1408210849029976,0.15450665799149296,0.04048146879566567,0.1755781897476741,0.19943042205912725,0.694,2.66,0.00249,1.300878031211987,1.128719687461853,0.5518673428317957,0.117079835711864,0.11325423393333167,0.10677947012478844,0.11101912432595303
35,0.01785665743967943,0.12648562825562662,0.14505464361425033,0.011563144757279329,0.1039930832173143,0.13141326286963054,0.685,2.65,0.002475,1.2420242209183543,1.1315966844558716,0.5866479403094241,0.10804817760199831,0.10414393952018336,0.09848819254783162,0.10267173851791181
36,0.012157012349027291,0.10546257438366874,0.11955129420548155,0.012768026374812638,0.10516366947974477,0.13438344959701812,0.6759999999999999,2.64,0.00246,1.4233895352012234,1.134251594543457,0.46667583678898056,0.1380037640531858,0.1345076686457584,0.12823102897719332,0.13258170480268044
37,0.019982521144444484,0.1318905124800247,0.1510381180989115,0.016243213255490576,0.12477153539657593,0.15689978429249354,0.667,2.63,0.002445,1.2811569080018161,1.1366032361984253,0.5646335859047739,0.11283565364908754,0.10999985562081922,0.10392021819164879,0.108610679052378
38,0.012878409815592724,0.10683944076299667,0.12069836729451229,0.0105061178494777,0.09950237614767891,0.12332942123923983,0.6579999999999999,2.62,0.00243,1.2762368750153927,1.1389108896255493,0.5682235077807778,0.11183856950517286,0.10925287531133283,0.10279975530871174,0.10788529026403762
39,0.011144670257508232,0.09960997490245,0.10961116575881054,0.00559114438614675,0.0738516455250127,0.09505070000886917,0.649,2.61,0.002415,1.3378856976826985,1.1407550573349,0.5299123441963866,0.12118320467702129,0.11932648548431564,0.11231001035163277,0.11726797515885871
40,0.00595061307805672,0.07458634909830596,0.08478705571931705,0.006394674835194435,0.07638166525534221,0.09424641781619617,0.6399999999999999,2.6,0.0024000000000000002,1.3455608978606106,1.1415926218032837,0.5244871858964887,0.1226843551062701,0.12055579481417672,0.1136738872318937,0.11859876191929768
41,0.014161255635451852,0.1082504284486436,0.1253407584470615,0.019641788942473277,0.13220818447215216,0.1596951505967549,0.631,2.59,0.002385,1.3004992008209229,1.1447867155075073,0.5532579035089727,0.11579317024402451,0.11305849214917735,0.10642134646574657,0.11146909521337141
42,0.03382363618073756,0.16917507781794197,0.1950402700325899,0.04335833167923348,0.19486013693468912,0.2720223590731621,0.622,2.58,0.00237,1.3222101320300186,1.1488553285598755,0.5360652218785202,0.11891028624877595,0.11805894186622218,0.1109509567419688,0.11601459587875165
43,0.020110026459422028,0.13391310617066265,0.1510173775124968,0.019309976271220615,0.13533268868923187,0.16843920520373754,0.613,2.57,0.0023550000000000003,1.2711846765718962,1.1509374380111694,0.5692308440543058,0.1120360577315615,0.109161114222125,0.10228410036417476,0.10728788323569716
44,0.012784080922995744,0.11014848699172337,0.129853768306866,0.00950846275580781,0.09319104839648519,0.11401149524109704,0.604,2.56,0.00234,1.3042953202598973,1.1528358459472656,0.5500371351576688,0.11804679859625666,0.11375385235276139,0.10644991669738502,0.1117122889610759
45,0.007322976904872216,0.08052187020841398,0.08837142338355382,0.0079448536437537,0.08695732802152634,0.11089827865362167,0.595,2.55,0.002325,1.321992644092493,1.1522520780563354,0.5376098657909193,0.12076752253791742,0.11714439616914381,0.1096013251103853,0.11487688882309094
46,0.010672541923428836,0.09704243875386422,0.10724946385935734,0.006246593647769519,0.07733947251524244,0.10032195651105472,0.586,2.54,0.00231,1.2757175658878528,1.153691291809082,0.5675746171098006,0.11256359439147146,0.10965728001636371,0.10269238002467573,0.10751212009212427
47,0.008127031937699047,0.08588022379237309,0.09906017976371866,0.005183041661179492,0.07071557055626597,0.09090039187244006,0.577,2.5300000000000002,0.002295,1.3488768736521404,1.155066967010498,0.5207057077633707,0.12399721616192867,0.12180436833908684,0.11434790858051233,0.11914480359930742
48,0.009540890310809277,0.09194952772374738,0.10114732345468119,0.006159902583541614,0.07581414601632527,0.09432509860822133,0.5680000000000001,2.52,0.00228,1.3152431019565516,1.1558698415756226,0.5433073388902765,0.11895122235281426,0.11644206967270165,0.10850774274583448,0.11279162176345524
49,0.008737653444864248,0.08704984645571626,0.09892423058810987,0.009362542270017522,0.09491387861115592,0.12412614162479128,0.5589999999999999,2.51,0.002265,1.3305920006936056,1.1578197479248047,0.5332975920877958,0.12116797555956924,0.11968704822816346,0.11106032956587641,0.11478705259791591
50,0.00688289964914714,0.07759078448278862,0.08710907628400284,0.005987352358975581,0.07520093502742904,0.0989811856831823,0.55,2.5,0.0022500000000000003,1.2731782428005285,1.1587953567504883,0.5691480333344978,0.11164031386898275,0.11081644369844805,0.10222585133293219,0.10616935083740636
51,0.006098645853630283,0.07494509089411351,0.0844183060945126,0.006415820081851312,0.07685332798532077,0.09429741916911942,0.5409999999999999,2.49,0.002235,1.3302911499090362,1.160078525543213,0.5328478604032282,0.12084833597927763,0.12035128343523595,0.11104793376044224,0.11490460393721597
52,0.0049046103989607405,0.06667354533024002,0.07449002171817579,0.007852516336632627,0.0851240988288607,0.1057049110531807,0.532,2.48,0.0022199999999999998,1.3057269778167993,1.1607497930526733,0.5485610041702003,0.11696493677925646,0.11660699232628471,0.10692764884024336,0.11093941200197789
53,0.011025974298255485,0.0990797655101408,0.1118112454811732,0.004170242297862258,0.062281708632196696,0.07848965057304927,0.5229999999999999,2.4699999999999998,0.002205,1.2847743222587986,1.16168212890625,0.5633082598970648,0.11369120996249349,0.11291316857463435,0.10290202576863139,0.10718534050280587
54,0.0063780262134969234,0.07584837477719575,0.08530821664291516,0.010414790295596634,0.09506246766873769,0.11386145544903618,0.514,2.46,0.00219,1.3259217446310478,1.1626163721084595,0.5371868328044289,0.12013361093245055,0.11983430960722137,0.10914303545366254,0.11370220754230231
55,0.009563442417665532,0.09017333623610045,0.09922082774471819,0.0065939352581543586,0.07707472305212702,0.09604599965470177,0.5049999999999999,2.45,0.002175,1.2982931346224065,1.1631035804748535,0.5545978995791653,0.11594896855061515,0.11571611986871351,0.10453009775333237,0.10920692418228116
56,0.00680519231562421,0.07725990478668296,0.08801304503229626,0.006020476559310087,0.06960564213139671,0.08192938034023557,0.4959999999999999,2.44,0.00216,1.3861951786175108,1.1634544134140015,0.4961720955999274,0.1316058133777819,0.13010141436468092,0.11867169251567439,0.12344899303034733
57,0.006753743609838318,0.07652329248294495,0.08488167940001738,0.006991138947861535,0.08107015064784459,0.10876911665712084,0.487,2.43,0.002145,1.3253114265308046,1.1643552780151367,0.5380885245507223,0.12169480480645832,0.11947962118868242,0.10830804574907872,0.11242900370505818
58,0.005567278794682862,0.0687490701675415,0.07560237078813084,0.008360119403472968,0.08720660954713821,0.10768442068781171,0.478,2.42,0.00213,1.312835881584569,1.1649127006530762,0.5448398516889204,0.12052182827079505,0.11787116239991105,0.10622181508101915,0.11054533523948569
59,0.0072792288275402885,0.08111232623719332,0.09046858483762071,0.009141495916992426,0.09487232885190419,0.1222749235374587,0.469,2.41,0.002115,1.3326802065497951,1.1647275686264038,0.5324245628557707,0.12287805791486774,0.1216274358724293,0.10903652116917727,0.11403342179561916
60,0.00567301405234295,0.07223680504319961,0.08321906770007652,0.007208827949528184,0.08255491192851748,0.10141329999480929,0.45999999999999996,2.4,0.0021000000000000003,1.318733905491076,1.1672470569610596,0.5410910374239871,0.1207411584624073,0.11955961166766652,0.10674731381106795,0.11186088503975618
61,0.005780698813236596,0.07164923258517918,0.07819163015014247,0.005223555989297373,0.06754468328186444,0.08134472689458302,0.45099999999999996,2.39,0.002085,1.345634661222759,1.1676336526870728,0.5230301346695214,0.12571709707640766,0.12377573053042094,0.1116724210350137,0.11580462100213035
62,0.0069072381184812175,0.07807454048541554,0.08657466633278027,0.008728082923750793,0.09025900544864791,0.11726140124457222,0.44199999999999995,2.38,0.00207,1.3434983491897583,1.167532205581665,0.5250939475862604,0.12528935283945317,0.12298113944237693,0.1114928032222547,0.11514274619127575
63,0.008671568004054981,0.08836430624911659,0.09803697872057296,0.003262110353846635,0.054821621626615524,0.06678642226116997,0.43299999999999994,2.37,0.002055,1.2997271930962278,1.1683597564697266,0.550983374578911,0.11903671972584307,0.11626294229114265,0.10522279849177912,0.10849416778798689
64,0.005188778614658013,0.06683769181632158,0.07240967426383704,0.0046299925556273335,0.06559953838586807,0.08212284051946231,0.42399999999999993,2.36,0.00204,1.2957208616691722,1.1689157485961914,0.556652283459379,0.11849441967512432,0.11546828454000908,0.10339662511097758,0.10598838551525484
65,0.005289905443134015,0.0694757990146938,0.07851614345583999,0.004905967740342021,0.06927821465900966,0.08748077069010053,0.4149999999999999,2.35,0.002025,1.3309305885381866,1.169548749923706,0.5342606076023035,0.12557741502920786,0.12088273544060557,0.10874101885578089,0.1105382149679619
66,0.005317845953661099,0.06957121873111055,0.07813461144503794,0.006024464565728392,0.07540710057531085,0.09287905799491065,0.4059999999999999,2.34,0.00201,1.345419544922678,1.169944167137146,0.524734916394217,0.1281034360852158,0.1234645537639919,0.11113015287800838,0.11256694924413112
67,0.0055173474339474185,0.07144890085124132,0.08281124513923076,0.006030933898208397,0.07364270410367421,0.09669106347220284,0.3969999999999999,2.33,0.0019950000000000002,1.3273152719464218,1.170546293258667,0.5353903048916867,0.12552308095128914,0.12092898341647365,0.10834179583348726,0.1098158424883558
68,0.0046095282550116905,0.06499827790417169,0.07297010131572422,0.010857394231217248,0.0985674150288105,0.11916590269122805,0.3879999999999999,2.32,0.00198,1.2911841430162128,1.171613335609436,0.5583038377134424,0.11945999609796625,0.11530070085274546,0.10218805440685205,0.10474742138594911
69,0.0058427556875374235,0.07255981790653446,0.08106838473886774,0.011654903779604606,0.09844174023185458,0.11473147251776286,0.379,2.31,0.001965,1.3345888016516703,1.1724121570587158,0.531507611797567,0.12712575835094117,0.12193463559736285,0.10811713298684672,0.11131487499203599
70,0.009623911607553038,0.09374000929426729,0.1065090688174231,0.008042805196185197,0.08286037881459508,0.1038718196962561,0.37,2.3,0.0019500000000000001,1.3479944885822766,1.173521637916565,0.5223485126829984,0.13018921043789178,0.12372485509044245,0.11030014120695884,0.11343729103866376
71,0.006262543758279399,0.07354030372542247,0.07963933076774865,0.005991370101193232,0.0716941159750734,0.08557109268648284,0.361,2.29,0.001935,1.3171127574485646,1.1736183166503906,0.5429222249148185,0.12581750750541687,0.11789967381117637,0.10525094390961162,0.10810964750616174
72,0.005230182095577842,0.0686942000399556,0.07818673041306044,0.0034335642786962645,0.05742933335048812,0.07187154250485557,0.352,2.2800000000000002,0.00192,1.3308938699856139,1.1748346090316772,0.5338214782246372,0.12757930054999234,0.12111844775969521,0.10717444030339257,0.11030633538438563
73,0.0034378732946750367,0.056077177979444205,0.06315422358742931,0.003384190594910511,0.056159364325659614,0.06947403880102294,0.34299999999999997,2.27,0.001905,1.3313806433426707,1.1744662523269653,0.5334166434773228,0.1268307076472985,0.12228603608775557,0.1069754231394383,0.1104911978830371
74,0.0028695348821776477,0.05182735112152601,0.05967830827361659,0.006130947265774012,0.07642048384462084,0.10522210278681346,0.33399999999999996,2.26,0.00189,1.3337958319145335,1.1751699447631836,0.5316568633966279,0.12697396205182662,0.1228608920385963,0.10749704351550654,0.11101123324611731
75,0.003942587192317373,0.06030783802270889,0.07064598249761682,0.004421146054353032,0.0643267956163202,0.08114964940718242,0.32499999999999996,2.25,0.001875,1.3312974603552568,1.1759545803070068,0.5331018018095117,0.12674475082179956,0.1223914623260498,0.1070095354266334,0.11075244321112047
76,0.005573300313890765,0.06932670106751877,0.07780683066761285,0.0036239329326365676,0.0578861694250788,0.07229591054575783,0.31599999999999995,2.24,0.00186,1.3495918658741735,1.176612377166748,0.5206994131991738,0.13014350674654307,0.1250415047009786,0.110171333870344,0.11394422945746205
77,0.0053872896027506185,0.07009462907648924,0.07906652490297954,0.011726801017565387,0.10296336774315153,0.12518413684197835,0.30699999999999994,2.23,0.001845,1.3350793018675686,1.177600622177124,0.5303687442813003,0.12740238612158256,0.12214993437131245,0.10830045164677135,0.11177848736967957
78,0.009816027009500223,0.09171098078552045,0.10440964134115922,0.011679089827729123,0.09640524749244962,0.1178777004991259,0.29799999999999993,2.2199999999999998,0.00183,1.3257546069329245,1.178460717201233,0.5369527026226646,0.1250711410192021,0.12094877895555999,0.10702401909388994,0.1100033597465147
79,0.007496566969182408,0.08121165607059211,0.09038795726863962,0.007545213447883725,0.08386105192559105,0.10196890043360847,0.2889999999999999,2.21,0.001815,1.3049044776381107,1.178431510925293,0.5497763115063048,0.12165480224709761,0.1171467591796005,0.1044823574392419,0.10693977930043873
80,0.004864178267062495,0.06689225686223883,0.07770531585342005,0.004774326325527259,0.06607430481484958,0.08439422185931887,0.2799999999999999,2.2,0.0018,1.3402083129213567,1.1791880130767822,0.5266054032141703,0.12767335589517625,0.12333128588241443,0.10997747642952099,0.11241248485289122
81,0.0039365054761762155,0.05995980833183255,0.06649812023367799,0.005945472836694015,0.06988210337502616,0.08211076206394605,0.2709999999999999,2.19,0.001785,1.3425481925930893,1.1789885759353638,0.5255197683970133,0.1288143997652489,0.12341814004538353,0.11001058602542207,0.11223710079987843
82,0.004275275300371281,0.0605416673709426,0.06533469364308474,0.0038399071366127047,0.06001164498073714,0.073657645710877,0.262,2.18,0.00177,1.311261771018045,1.1799969673156738,0.5460503143176698,0.12434194511488865,0.1179896498981275,0.10445337938634973,0.10716470814587777
83,0.005245696712415992,0.06921559898999699,0.07720515354160677,0.0034272699683372465,0.05592526122927666,0.06968015379139356,0.253,2.17,0.001755,1.363638620627554,1.1794840097427368,0.5115845015174464,0.1346146511404138,0.12582667616375706,0.11242242523452692,0.1155517516951812
84,0.003075681553271256,0.05290558385221582,0.058543653145693896,0.0037696047220379114,0.059423448251826425,0.07844617856400353,0.244,2.16,0.00174,1.35514421630324,1.1804003715515137,0.5175489595061854,0.13235430916150412,0.12450985061494928,0.11065251733127393,0.11493435841903352
85,0.003468925484635851,0.05464106817778788,0.061085094746790435,0.0032075552735477686,0.05541796184011868,0.07146662260804858,0.235,2.15,0.001725,1.3497281869252522,1.1807042360305786,0.5213819229811952,0.13059477481925696,0.12362732176195111,0.10947599954772413,0.1149199734392919
86,0.0025130464969072164,0.04837341168731974,0.05488186309996404,0.003644118018980537,0.055813344195485115,0.07321131708366531,0.22599999999999998,2.14,0.0017100000000000001,1.318330727125469,1.1809347867965698,0.5418553205958584,0.12552536422746224,0.11852556532412245,0.10429682713328746,0.1097969169679441
87,0.002994048376485967,0.050849450654105136,0.05551233351753469,0.003934098640456796,0.06008194599832807,0.07655087858438492,0.21699999999999997,2.13,0.0016950000000000001,1.3543504999395002,1.1817388534545898,0.5177205027195445,0.13267840405828074,0.1244189483031892,0.10989318500485337,0.11528896383549038
88,0.006009735461128385,0.07016566278118837,0.07717871692096978,0.004847206940342273,0.06792105947222028,0.08563931339553424,0.20799999999999996,2.12,0.00168,1.2986339058792382,1.1820828914642334,0.5544493302964327,0.12328732824116423,0.11496910099920474,0.10082311732204337,0.10647111686698177
89,0.006456228602154736,0.07297047044624362,0.08221581133834102,0.0054227171016723984,0.06749434902199677,0.08668885326811246,0.19899999999999995,2.11,0.001665,1.3223126520190323,1.182414174079895,0.5385965318010565,0.1270938688202908,0.1193650668127495,0.10457785153075268,0.11036669214566548
90,0.004342427113697978,0.06083290939006889,0.0673861642155731,0.002916978771931359,0.05194763892463276,0.06487148414765086,0.18999999999999995,2.1,0.00165,1.2863379110369766,1.1834564208984375,0.5614275744086817,0.12042497020018728,0.11437521116775379,0.09888931860526402,0.10488291947465193
91,0.0024437536322103257,0.04723430274609934,0.052212187464822805,0.0024313830654136837,0.04532149114779064,0.05462525731750897,0.18099999999999994,2.09,0.001635,1.389057573519255,1.183748483657837,0.49365574853462085,0.1387588057601661,0.13150486219347568,0.11467824144321576,0.1214023446827604
92,0.0024151655216292853,0.04672931559514581,0.05187544657995826,0.0024840699542047723,0.047920124871390204,0.05869327698435102,0.17199999999999993,2.08,0.00162,1.352728663829335,1.1836239099502563,0.5189705668834218,0.13378573300545676,0.12444022689995013,0.10824038075250492,0.11456309285080224
93,0.002431070166558289,0.04733518609090855,0.05343932004874213,0.0021114692624126163,0.043361494317650795,0.057059070361512046,0.16299999999999992,2.07,0.0016049999999999999,1.3429843689266003,1.184395670890808,0.5256439489230775,0.13229182676265114,0.1221627692381541,0.10705216555741795,0.11284929879924707
94,0.0038604243952584895,0.05760285055689644,0.06314346141982496,0.002812689170241356,0.05106086017830031,0.06857838109135628,0.15400000000000003,2.06,0.00159,1.3413078743114806,1.184719204902649,0.5262743276462221,0.13173592012179525,0.12219928165799693,0.10721090226842646,0.11257957719397127
95,0.00318480109828606,0.05294667517668322,0.05999025284198292,0.002330631341984762,0.04737786177013602,0.06085536628961563,0.14500000000000002,2.05,0.001575,1.351507586345338,1.1841344833374023,0.5192279684961888,0.1331806760608104,0.1242920808624803,0.10890671480120274,0.11439257285051178
96,0.003160457053270779,0.05045099798263165,0.056007672558751026,0.002295137582612889,0.047032409480639865,0.0605533452970641,0.136,2.04,0.0015600000000000002,1.3424552407181054,1.184609055519104,0.5257353881994883,0.13089852008903236,0.12253224222283614,0.10739412250226005,0.11343972215004135
97,0.004032280112273599,0.05875009664318018,0.0685310523891658,0.003414558421354741,0.05529558765036719,0.06749300978013448,0.127,2.0300000000000002,0.0015450000000000001,1.3175116902903508,1.185089349746704,0.5420593357922738,0.1261102962389327,0.11827080435397332,0.10351645776577163,0.11004309408497392
98,0.004411828299788268,0.06281541719248421,0.06959338414303043,0.005888828242729817,0.07407450729182788,0.0961861525263105,0.118,2.02,0.0015300000000000001,1.3566837917294419,1.1851948499679565,0.5156523010186982,0.13338292926027065,0.12463755539634772,0.10987657321649685,0.11645063601042095
99,0.006927672436607904,0.07321800938562344,0.07946293075617991,0.0018076296297035047,0.04162335635295936,0.05194630686725889,0.10899999999999999,2.01,0.001515,1.3093787724511665,1.1853996515274048,0.5472213824590048,0.12512669385525219,0.11682960181905512,0.10178449514665101,0.10903782985712353
100,0.0030374856902645867,0.05098485815943333,0.05574377887604529,0.0026770769119528787,0.04992120659777096,0.06288586716566767,0.1,2.0,0.0015,1.3825619806323135,1.1856979131698608,0.4977312323294188,0.13898738329870658,0.12875813611766748,0.1128890445096451,0.12163420936517548
101,0.00271684229128847,0.04965188432680933,0.05645920519243207,0.004090412386826107,0.062328825039522986,0.08230943658522197,0.1,1.99,0.001485,1.3505593517370391,1.1858049631118774,0.5202839144489222,0.1339064099286732,0.12279508615794935,0.10699464982016045,0.1160199257888292
102,0.0022396152520454244,0.04444294893427899,0.05081457089175258,0.0017566574596068157,0.03978380640702588,0.04861459508538246,0.1,1.98,0.00147,1.338323252242908,1.1862671375274658,0.5283263210664716,0.13205066270995558,0.1203876252759967,0.10473798032392535,0.11449742029633439
103,0.0015341613376349734,0.03734638411224934,0.04140570861075008,0.0021005308288814767,0.04472959281078407,0.05977177566715649,0.1,1.97,0.001455,1.347275595915945,1.1859791278839111,0.522220558241794,0.1341924565403085,0.12189484635988872,0.10585161965144307,0.11584051450093587
104,0.00212020345293639,0.04349197198947271,0.048080542435248695,0.0023070859190608773,0.04641469142266682,0.0572888617004667,0.1,1.96,0.0014399999999999999,1.337324021155374,1.1860909461975098,0.5291427718965631,0.1327709843192184,0.1201691794813725,0.10396123925844829,0.11395581837808877
105,0.002448318183029953,0.045975170637431895,0.04958173828689676,0.0032937279070860575,0.0558612405189446,0.07231096125074796,0.1,1.95,0.001425,1.3637159958220364,1.1864032745361328,0.5113115289755035,0.13754935850176894,0.12462604307291801,0.10821504185074254,0.11829801766495955
106,0.0022110454973013126,0.0440825060859584,0.04982508490221542,0.001827432300030653,0.040938203622187884,0.05145276391080448,0.1,1.94,0.00141,1.360090462785018,1.1865386962890625,0.5137896339098612,0.13662764377761305,0.12439392533218652,0.10761781611986328,0.11757097916122068
107,0.0014337749310295309,0.03642648687226731,0.04055265193445641,0.0020706066695441094,0.04492482276899474,0.0574924536049366,0.1,1.93,0.001395,1.3455480274401213,1.1865817308425903,0.5236123131032575,0.13375355721565715,0.12219551205635071,0.10522319598678957,0.11521543078778083
108,0.0023653351460795917,0.04547368257976415,0.05029321455380373,0.0017994515531297242,0.041992644114153724,0.053528078964778354,0.1,1.92,0.00138,1.365840665081091,1.1865910291671753,0.5096494273135537,0.1377382681035159,0.1253928529065952,0.10844619572162628,0.11877325177192688
109,0.0016270371260154143,0.038285560873255395,0.04370888534998685,0.0014655419259465166,0.03540483383195741,0.04531354909496648,0.1,1.91,0.001365,1.3389148461191278,1.1866897344589233,0.5278471415502983,0.13360294176821122,0.12034211529974352,0.10390994005035936,0.1142978656448816
110,0.0012874058488625707,0.03460342371672915,0.03897956235889803,0.0016319221883480037,0.037666244698422294,0.04657221931431975,0.1,1.9,0.0013499999999999999,1.3430486854753996,1.1866027116775513,0.5251734011005937,0.13472027240092294,0.12113682794989201,0.10443682498053501,0.1145326701695459
111,0.0014572732085198687,0.035836099009764824,0.03904150870808384,0.0025938182952813804,0.047686671039887836,0.057229808398655484,0.1,1.89,0.0013349999999999998,1.3599391527343214,1.186517596244812,0.513636801326484,0.13808288699702212,0.12404324990092662,0.10734288224525619,0.11689417639322448
112,0.0017197540993883944,0.038935863004441844,0.04241043512235608,0.0015070508234202862,0.03851336081113134,0.05028141023857253,0.1,1.88,0.0013199999999999998,1.3573351638358937,1.1867930889129639,0.5154015808774713,0.13783842220641018,0.1232644748269466,0.10692308660139117,0.11657245261104483
113,0.0012779170177517492,0.03459944327672323,0.03908892354944296,0.0015318119798653892,0.03804975934326649,0.046895314540181844,0.1,1.87,0.0013050000000000002,1.348501489873518,1.1867918968200684,0.5212294333859494,0.13523683736198827,0.12180298462248686,0.10615728403392591,0.11557347066046898
114,0.0014133462130925373,0.03601525142266039,0.04021588350205045,0.0014944620613407875,0.03748758669410433,0.04768063074776104,0.1,1.86,0.0012900000000000001,1.372658001749139,1.1865410804748535,0.5047229925791422,0.13943584420179067,0.1263643931924251,0.11001457666095935,0.1194621971563289
115,0.001161472296971305,0.032587457317532154,0.036588542620863834,0.0014036413548248155,0.036628223689539094,0.04604090590562139,0.1,1.85,0.001275,1.375036687181707,1.187240481376648,0.5030370804301479,0.13990081114727154,0.12684157516872674,0.11038281598634887,0.11983771805177655
116,0.001467192811041809,0.03665704214782046,0.040937114441603945,0.0022883558413013816,0.04592033342591354,0.05731679392712457,0.1,1.84,0.00126,1.3479259683374774,1.1877261400222778,0.5222267696731969,0.13464509656554774,0.12232049959793426,0.10561824851391609,0.11518938643367667
117,0.0017363654302531167,0.03982174429192878,0.04483227340275781,0.0011325270045615201,0.03281896242073604,0.04146915887083326,0.1,1.83,0.0012450000000000002,1.3561329674302487,1.1876941919326782,0.5163756608963013,0.1365728020145182,0.12325153277631391,0.10717600819311644,0.11662399298266361
118,0.0011925360334939079,0.033336194395496135,0.03737999675305266,0.0012984511143128788,0.03388858613158975,0.04231092919196401,0.1,1.82,0.0012300000000000002,1.350831989656415,1.1875380277633667,0.5197958486121997,0.13613012851330272,0.12294883764626686,0.10637011143722032,0.11475508228728645
119,0.0011331370108548487,0.03194145243941692,0.03535996299040945,0.0014500312806506241,0.0351012008530753,0.044488499739340374,0.1,1.81,0.0012150000000000002,1.3719807361301624,1.1879390478134155,0.5053971482996356,0.13966778887991319,0.12670056783316427,0.11031884190283324,0.11791566210357766
120,0.001210721444518289,0.03305520025784509,0.03661664614551946,0.0024066741711327006,0.04839927862797465,0.062189437448978424,0.1,1.8,0.0012000000000000001,1.3665231821829813,1.1881792545318604,0.5092055954431233,0.1386319370123378,0.12597148617108664,0.10988376106609378,0.11630720971969136
121,0.0016883810647158768,0.03898753549315428,0.043321067761433754,0.001402045533593212,0.03653964001153197,0.0469666738063097,0.1,1.79,0.001185,1.3657092650731404,1.1880261898040771,0.5095113578595614,0.13928613118958055,0.1254752061346121,0.11016603768394705,0.11556127144579302
122,0.0013155060955078195,0.034407672031145344,0.037601679302098456,0.00272932873174016,0.050867186593157906,0.06510001633848463,0.1,1.78,0.00117,1.3569991923215097,1.1882879734039307,0.5157178776306018,0.13790945630324514,0.12361329950784382,0.10859006852434393,0.11416928757701003
123,0.0014883271140748995,0.036357424859153595,0.040254292225367146,0.002521984478724854,0.0451412062559809,0.052205433802945275,0.1,1.77,0.001155,1.367608856736568,1.1884219646453857,0.5083253090841728,0.13990814095003562,0.12533118902591237,0.11015312791916362,0.11628223184430808
124,0.002021978976891229,0.040987929754089894,0.044287918560337605,0.0012524490801817073,0.033257432015878816,0.04187558564756598,0.1,1.76,0.00114,1.338559117233544,1.188653588294983,0.5279665118769595,0.13537929926002235,0.12082836829256594,0.10515464097261429,0.110671172800817
125,0.0014005781584337615,0.035660826519393084,0.03979016317610155,0.0025350553332827985,0.04871128366461822,0.06257757544517517,0.1,1.75,0.0011250000000000001,1.3537450338664807,1.188500165939331,0.5175879670862567,0.13824921480396338,0.12345389250600547,0.10776501135867939,0.11294392457133845
126,0.0018514003420836832,0.04004852153491555,0.044185513859255274,0.0015040824489135826,0.03695792385510036,0.04636923276952335,0.1,1.74,0.00111,1.3479265246474952,1.1885056495666504,0.5212295353412628,0.13801619724223488,0.12209244778281764,0.10684338447294738,0.11181843019368355
127,0.0010706114954429499,0.030968426743097473,0.0337594848191529,0.0013363827019929886,0.03356948095772948,0.04054064250418118,0.1,1.73,0.001095,1.358666794341907,1.1886430978775024,0.5140843454160189,0.14031284263259486,0.12370269392666064,0.10850802560647328,0.11339209490177925
128,0.0013122167152336292,0.034465052644934574,0.03841073186904715,0.0023797235085761975,0.04761272402746337,0.05918863043189049,0.1,1.72,0.00108,1.3682740069272226,1.1886473894119263,0.5076595827152854,0.14225534990168454,0.12537258236031784,0.10993158869576036,0.11478089711122345
129,0.001306947570890515,0.03445562200718805,0.03859164078899643,0.0012701477389782667,0.03446177872163909,0.04296163682426725,0.1,1.71,0.001065,1.3531381456475509,1.1887565851211548,0.5177402506794846,0.13989971813402677,0.12271947897317116,0.10741970779602988,0.1122208450708473
130,0.0010036411164165066,0.030503081680651297,0.035031755209753386,0.001326731626509822,0.03390980378857681,0.04378397124154227,0.1,1.7,0.00105,1.3625978984330829,1.188816785812378,0.5110880303801152,0.14097883539241657,0.12479090403046525,0.1092126832196587,0.11392955834928312
131,0.0009755397464655209,0.029794178249543172,0.033032591830481565,0.0009455796181490379,0.02987209946981498,0.038746975628393035,0.1,1.69,0.001035,1.3667547179941546,1.1886756420135498,0.5081011663403427,0.14203071385099178,0.12546270915813612,0.11006877610557958,0.11433664003485128
132,0.0008303625202786765,0.02794537588692548,0.031689723300045,0.0012210078358683468,0.03176699552152838,0.0415010830121381,0.1,1.68,0.00102,1.344773250713683,1.1888933181762695,0.5230865802681237,0.13880175665805214,0.12189387987580216,0.106477080207122,0.10974069815455821
133,0.0008870995636179782,0.028754652396105883,0.03260080647050289,0.001046653913882827,0.0306469038394945,0.03856461202459676,0.1,1.67,0.0010049999999999998,1.36344453744721,1.1890877485275269,0.5105065201458178,0.1426071608275698,0.12536935586678355,0.10924791270180752,0.11226904444527208
134,0.000744343071506081,0.026076269777197587,0.02896651174677046,0.0016289492736437491,0.03883179410227707,0.04766331985592842,0.1,1.66,0.00099,1.3537296412283915,1.1890369653701782,0.5168542360004625,0.14114852040483242,0.12390919474133275,0.10748606162113056,0.11060198148091634
135,0.0009065995252233718,0.028661578991695455,0.03249477408826351,0.0011110235022247902,0.03167169913649559,0.0390078920338835,0.1,1.65,0.0009749999999999997,1.338578696836505,1.1892409324645996,0.5272232199970045,0.1380718086372342,0.12133602771842689,0.1050821438170316,0.10828680832657897
136,0.0006903214420992555,0.024889232884896428,0.027131418844586926,0.0008102416593049254,0.02747126908174583,0.03489648683794907,0.1,1.64,0.0009599999999999999,1.3626898380748012,1.1891642808914185,0.5109260082244873,0.14300452460322463,0.12552798709325624,0.10876800878006115,0.11177346776974828
137,0.0005832081425755301,0.02314949368959979,0.02566322537237092,0.0010307186208332755,0.030402295823608125,0.03729792072304657,0.1,1.63,0.0009449999999999997,1.3574774286203217,1.1893612146377563,0.5143754775064033,0.14195551840882553,0.124875131667706,0.10843336190048017,0.11036050711807452
138,0.0008388001486054508,0.027556052039328375,0.030557866551374133,0.0009438391259339239,0.029567200424415723,0.03700744467122214,0.1,1.62,0.0009300000000000003,1.3670489411605031,1.189379334449768,0.5077508902340605,0.1442367476329469,0.12693691018380618,0.10982493324237957,0.1112505176611114
139,0.0008246719402163045,0.027734717060076564,0.031251959045205197,0.000983721435269607,0.0303179177322558,0.037745928657906394,0.1,1.61,0.000915,1.364548647612856,1.1894699335098267,0.5090928156124918,0.14470596533072622,0.12673285629665643,0.10936288849303596,0.11010548106411047
140,0.0007037772743946366,0.0247858274205212,0.027299860459670686,0.0014578977383540145,0.03577897963779313,0.04795916085796697,0.1,1.6,0.0009000000000000002,1.3603641735879999,1.1894341707229614,0.5122891225312886,0.14396812596864866,0.1262263510572283,0.10844324437672631,0.10907316665377534
141,0.0007619168576192143,0.02638780485773296,0.029042019982609833,0.0009320344834122807,0.028386682271957397,0.035151075039591105,0.1,1.59,0.0008849999999999999,1.3720632498724419,1.1894327402114868,0.5038902215790331,0.14672712824846568,0.12838978908563914,0.11019408624423177,0.11079877052913632
142,0.000651707023120763,0.024527056240721753,0.02716326167839661,0.0010895699046419135,0.03054550662636757,0.039324273488351276,0.1,1.58,0.0008700000000000001,1.3640550897832502,1.189549446105957,0.5094210160406012,0.14537681142489114,0.12717763295299128,0.1086223748953719,0.10940216220261757
143,0.0007032336127993308,0.025375543881142347,0.02794892690552954,0.0012268012921725,0.03435652570000717,0.04438670378710542,0.1,1.57,0.0008550000000000003,1.3589729802650319,1.1895495653152466,0.5128070262440464,0.1454739230766631,0.12640626911531416,0.10729525813408065,0.10801753048834048
144,0.0008949835165893953,0.02880046163734637,0.03298899714361157,0.0013570053145355945,0.03502489413533892,0.04262897851211684,0.1,1.56,0.00084,1.3596767500827187,1.1894367933273315,0.5122233765167102,0.146308612666632,0.1266551684392126,0.1071111086690635,0.10770172429712195
145,0.0006186771283146778,0.024047979104675744,0.02695896296778269,0.0006939040156014796,0.025050727517477105,0.031213794169681414,0.1,1.55,0.0008250000000000002,1.347184655959146,1.1897441148757935,0.5205310269405967,0.14393327999533267,0.12473182171060328,0.10522350590480001,0.10558036427225984
146,0.0005134650120070498,0.021998898077167962,0.024785275554709267,0.0008423933301985796,0.028361659763114794,0.03671832675380366,0.1,1.54,0.00081,1.3652066264236182,1.1897372007369995,0.5079561597422549,0.14825176329989181,0.12756428017950894,0.1081300643191003,0.10809772749219024
147,0.0005823104808785086,0.023145069302827642,0.025427212807954402,0.0011106200524539287,0.031708194741180966,0.03917076651539121,0.1,1.53,0.0007950000000000001,1.363871875562166,1.189731478691101,0.5089244073943088,0.1481215242753949,0.12719966288198503,0.10798231473094538,0.10777208378963303
148,0.0008484163166334232,0.027044147056968587,0.02910706995610605,0.0006780352414352819,0.024204696794705733,0.030768127579774176,0.1,1.52,0.0007799999999999999,1.3604415466910915,1.189851999282837,0.5110499430121037,0.14779764413833618,0.1266755231639795,0.10750062005561695,0.1069762704142353
149,0.0004977675546941004,0.021478101235340562,0.023820632317087108,0.0007780479624800916,0.027055247819849422,0.034223309851118495,0.1,1.51,0.0007650000000000001,1.3605454511809767,1.189929485321045,0.5108650033934075,0.14841713743251667,0.12680086284353023,0.10747023135946508,0.10644676287968953
150,0.0005593786057975274,0.02288929173690185,0.025373850148497967,0.0009478971291433222,0.029402815736830235,0.036420177934425216,0.1,1.5,0.0007499999999999998,1.3625748784918534,1.1898771524429321,0.5090782119516741,0.15009955931128116,0.12743472216422097,0.10733200426687274,0.10605550387449432
151,0.0007496600686735882,0.026095318428257054,0.029244390201934596,0.0008497723818956209,0.0272236027355705,0.034185951575636864,0.1,1.49,0.000735,1.3690802088954992,1.1898274421691895,0.5043861332692599,0.15128982511528752,0.12901406852822556,0.10821262864690077,0.10709734862310845
152,0.000492098777996082,0.021412476668493788,0.023825839488652713,0.0006444925217822726,0.024361285247973034,0.03108395396598748,0.1,1.48,0.0007200000000000002,1.3575129090693958,1.1897509098052979,0.5125779729140433,0.14904744949257165,0.12721804437930123,0.10596932157089836,0.10518721216603329
153,0.0004428309355780744,0.02041070320104298,0.022866525180768548,0.0007410184230788478,0.025780887209943364,0.03367568552494049,0.1,1.47,0.0007049999999999999,1.3623175621032715,1.18988037109375,0.5090385481976626,0.15037364551895543,0.12821751336256662,0.10648215065399806,0.10588813011060681
154,0.0004795371404677433,0.021331465786747765,0.024358680635167843,0.0007479375666922092,0.02503772558910506,0.030301515279071673,0.1,1.46,0.0006900000000000001,1.368286082619115,1.1897797584533691,0.5050475283672935,0.15102056296248184,0.129597323505502,0.107547119913394,0.10678745701647642
155,0.00057016655531091,0.022912336186620228,0.025258373305724377,0.0006873250531498343,0.024742189129548415,0.031561997319970815,0.1,1.45,0.0006749999999999998,1.3685358490860253,1.1899597644805908,0.5049489862040469,0.15069559242641717,0.13011446046201805,0.10755042339626111,0.10669053960264775
156,0.00045509309622279384,0.020508726307174617,0.022614405245373125,0.0006643181841354817,0.02435783323432718,0.030878072870629176,0.1,1.44,0.00066,1.3651420149886817,1.189947485923767,0.5072172127271953,0.1504569971247723,0.1296340255883702,0.10688774065490354,0.10580402115980785
157,0.0004402087922739028,0.020184479000275594,0.02245559527032208,0.0005790946181930069,0.022876647833202566,0.028570249942796572,0.1,1.43,0.0006449999999999997,1.3662013003700657,1.189947247505188,0.5063172746122929,0.15170401334762573,0.1295880272723081,0.10696021415162504,0.105430468916893
158,0.00040286535135748095,0.0194849790515084,0.021790316720542154,0.0006407401233445853,0.02388780896684953,0.029879989102482796,0.1,1.42,0.0006299999999999999,1.3739527192032128,1.1899998188018799,0.5007276242239433,0.1534107039894974,0.13112142368366844,0.10831140857516673,0.10642884096555542
159,0.0003945461368155584,0.019249090794147106,0.02137844194249626,0.0006331802162873958,0.024669082569224492,0.03141078672238758,0.1,1.41,0.0006150000000000001,1.3647697222860236,1.190032720565796,0.5069583110642015,0.15223307410875955,0.12975256458709114,0.10644083182539857,0.10461522390445073
160,0.00046364141509688475,0.020655842563300802,0.022782033799510253,0.0007258581421670637,0.02536123325782163,0.03299215169889586,0.1,1.4,0.0005999999999999998,1.366111533683643,1.1900360584259033,0.5058309174420541,0.15301064284224258,0.130132479102988,0.10650311358142317,0.10452285408973694
161,0.00039431429263857894,0.01914443791304764,0.02118575808249022,0.0006191698090073519,0.02338826031024967,0.029482481202908924,0.1,1.39,0.000585,1.357608531650744,1.1900326013565063,0.5115168241032383,0.15206917440682127,0.12883354645026357,0.10487416020610876,0.10270629169648154
162,0.00040330021160148215,0.019257699384501104,0.02121259752464922,0.0006753733656036534,0.024279442748853138,0.03065324973847185,0.1,1.38,0.0005699999999999998,1.3654525029031854,1.1900794506072998,0.506033366186577,0.15375321162374397,0.13041065398015475,0.1060580024332331,0.10374475675716735
163,0.0004028108312029457,0.01944587752223015,0.021600699248282534,0.0005724924017808267,0.022434953866260394,0.02794880553015641,0.1,1.37,0.0005550000000000004,1.365639469079804,1.1900407075881958,0.5058761563217431,0.15418462272275957,0.1306572844061935,0.1059793603786251,0.10330256532158769
164,0.0003897124884053738,0.018949052171879692,0.020755678709400326,0.0005791183419725192,0.02317947761288711,0.029198376727955683,0.1,1.36,0.0005400000000000001,1.3652561735688595,1.1900731325149536,0.5059671548374912,0.15440181211421364,0.13076964831143095,0.10587179386302044,0.10298959178882733
165,0.0003894290410946205,0.019126490019915395,0.02151264420203995,0.0006059387295473633,0.02297879210008042,0.028934371790715625,0.1,1.35,0.0005250000000000003,1.361445477134303,1.190037488937378,0.5085512776123849,0.1541276354538767,0.130185709187859,0.10509382671954338,0.10204155625481355
166,0.0003544276655782341,0.018228862630693538,0.020284920930862427,0.0006060798353116427,0.023559810327632085,0.030287524685263634,0.1,1.34,0.00051,1.3622583297261022,1.190096139907837,0.5078683307296351,0.1544406759111505,0.1305265282852608,0.10512358316204004,0.10204089263029266
167,0.00037020821688010504,0.01850726507734834,0.020401669208679283,0.000597278745512345,0.022606744963143553,0.02894843156848635,0.1,1.33,0.0004950000000000002,1.362788058163827,1.1901100873947144,0.5074530902661776,0.15497515860356784,0.13060851682696425,0.10504682335937232,0.1019164279364703
168,0.00035408113494907553,0.018054756319575142,0.01988260124466921,0.000587011654196041,0.022760475320475444,0.02890382893383503,0.1,1.32,0.00047999999999999996,1.3674488423163431,1.1901028156280518,0.5041262789776451,0.15589196953857154,0.1315497969064796,0.1058499793473043,0.10258198751692187
169,0.00034834410415210745,0.01805225261405372,0.019852019290913615,0.0005332986225507089,0.021676978628550257,0.027346537315419743,0.1,1.31,0.00046500000000000014,1.3660962623462343,1.1900776624679565,0.5048717542698509,0.15612303740099856,0.1315775832586121,0.10537688028916978,0.1020507517091015
170,0.00032420509409061387,0.017360582196137363,0.019232288721883505,0.0005657711787664864,0.022024316447121755,0.027939972201628343,0.1,1.3,0.0004499999999999999,1.3688919648789524,1.1900660991668701,0.5028960736174333,0.15686362720372385,0.13244901231506415,0.10561533638259821,0.10217595845460892
171,0.0003370788030575536,0.017690652425874743,0.019560468464828375,0.0005251097734019693,0.021653735478009497,0.027339030589376177,0.1,1.29,0.00043500000000000006,1.3712191790865178,1.190123200416565,0.5010010704659579,0.15789781902965747,0.13305991522052832,0.10582385918027476,0.10221733518859796
172,0.00032879894889335624,0.017526204452702875,0.019378130667303737,0.0005331174969407064,0.021300265698560646,0.02714402853910412,0.1,1.28,0.00042000000000000023,1.363827759759468,1.1901190280914307,0.5060258999205473,0.15684261212223455,0.13187023134608017,0.10447036226590474,0.10079090375649302
173,0.00032470113620276385,0.01740197477894917,0.01918863898894766,0.0005364706781360187,0.02177296512361084,0.027626056490199908,0.1,1.27,0.000405,1.3677530999769245,1.1901477575302124,0.5031272089272215,0.157705981219024,0.13288833906776026,0.1050339074511277,0.10124456621052925
174,0.00031557746064081265,0.01710528532337201,0.0188022012773313,0.0005696766373668132,0.022053148863571032,0.02778212619679315,0.1,1.26,0.00039000000000000016,1.3660310820529336,1.1901414394378662,0.5042746495782283,0.15779671909516318,0.13264988388931542,0.10461227020673584,0.10066647409347065
175,0.0003030822232463642,0.01681502274515336,0.01857194113300035,0.0005770015091651917,0.022475960398358957,0.02818235515483788,0.1,1.25,0.0003749999999999999,1.3663030088993542,1.1901507377624512,0.5039257888208356,0.15844063068691053,0.13280357603441206,0.10437592432687157,0.10045408130737773
176,0.00030953111024900224,0.017027325209295542,0.018899988840546524,0.0005056568126227441,0.021110288000532558,0.026469074987939427,0.1,1.24,0.0003600000000000001,1.3659159656156574,1.1901180744171143,0.5040840475182784,0.15858902167855649,0.13295769299331464,0.10418609804228733,0.1001831328398303
177,0.0003052147650650065,0.016886195560034952,0.01865440260684281,0.0004996671715551722,0.020789902923362597,0.02625855856708118,0.1,1.23,0.0003449999999999998,1.3664692954013222,1.1901384592056274,0.5035111977342974,0.15888342365883945,0.13332443279132508,0.10421097801442732,0.10006996440260034
178,0.0002951099202363637,0.01655521047742743,0.01826283613448603,0.0004925001641303035,0.020737338811159134,0.02624803635158709,0.1,1.22,0.00033,1.3638498992250676,1.1901521682739258,0.5052206087530705,0.15888469104181258,0.1329644492320847,0.10359692730401691,0.09933331896338546
179,0.00030005476314966614,0.01673555800593213,0.018433991770603154,0.0004899599308763365,0.020589237500514303,0.025880646758845875,0.1,1.21,0.00031499999999999974,1.3639608558855558,1.1901402473449707,0.5049381277017426,0.15924033993168882,0.13318687076108499,0.10347642893331092,0.09915824221414432
180,0.00029294399581359406,0.016488943804512945,0.018225173416890596,0.0004680581228707784,0.020440651369946345,0.02581676095724106,0.1,1.2,0.0002999999999999999,1.3669683473152028,1.1901613473892212,0.5026963196302715,0.16021519376520524,0.1338917746355659,0.10378341507493404,0.09941328983557851
181,0.000316703733691962,0.017180874600614373,0.018947180082792777,0.0005304877153581142,0.021492699959448407,0.026837840942399844,0.1,1.19,0.0002850000000000001,1.365442861590469,1.190156102180481,0.5036436423920748,0.16013182176832566,0.13376617536210178,0.10340043693258051,0.0990579232834933
182,0.0003031180393391926,0.01679110327702865,0.01863665457226728,0.0004901462639931456,0.020634789818099568,0.026016965508461,0.1,1.18,0.00026999999999999984,1.3629828712396455,1.1901652812957764,0.5053202415767469,0.15970128094940855,0.13346405092038607,0.10291409152641631,0.09860033973267204
183,0.0002967949784074894,0.01659182431339695,0.018269460027416546,0.0005085075702351917,0.020905489900282452,0.026457408709185466,0.1,1.17,0.000255,1.3627468744913738,1.1901702880859375,0.5053582484262031,0.15988428995274662,0.1335431826219224,0.10280484889160123,0.0984094148142296
184,0.00028632836224380556,0.016297818619038975,0.017932515820128878,0.0005497901937425402,0.021872960164078643,0.027881849024977003,0.1,1.16,0.00023999999999999976,1.3615806416461342,1.1901657581329346,0.506081759929657,0.15979361063555667,0.133545797645,0.10253722965717316,0.09804159977979827
185,0.00028274263859840863,0.016278120215263283,0.018059710759604185,0.00048139283899217844,0.02043016081941979,0.025815439144415513,0.1,1.15,0.00022499999999999994,1.3600057593563146,1.1901627779006958,0.5070115557888097,0.15988860527674356,0.13344080249468485,0.10212247021365584,0.09753656400400296
186,0.0002859758209077674,0.016272667337927902,0.01790888545413812,0.00046760573293015895,0.02039175959570067,0.02562816653932844,0.1,1.14,0.00020999999999999968,1.358826992804544,1.1901592016220093,0.5077529748280843,0.1598222595557832,0.13334315126402335,0.10183061371769822,0.09725099592878107
187,0.00027946609056048226,0.016100312697521428,0.017756265081595956,0.00047700991854071617,0.02046214496450765,0.025683143309184482,0.1,1.13,0.00019499999999999986,1.358541124745419,1.1901594400405884,0.5077956031289017,0.16001037129184656,0.13342363321990297,0.10167358397391804,0.09709680877756655
188,0.0002812351776172587,0.016199209956092794,0.017928077888331916,0.00047848155580660593,0.020517354032823017,0.025821927269654616,0.1,1.12,0.00018000000000000004,1.3563756106192606,1.1901684999465942,0.5092242919562155,0.15986038090889915,0.1331521727536854,0.10118327472816434,0.09657988409724153
189,0.00028787380729785613,0.01633069442029585,0.018077838806468145,0.0004900121379510633,0.020565696326749667,0.026011830461876734,0.1,1.11,0.00016500000000000022,1.354880975003828,1.1901793479919434,0.5101073206516734,0.15988688170909882,0.132993794846953,0.10082971265441493,0.09618229902627175
190,0.0002868089706457236,0.01630029399274734,0.01796814671864635,0.00047628320524901416,0.02035070343741349,0.025730569580835954,0.1,1.1,0.00014999999999999996,1.3540371238139637,1.190190315246582,0.5105601852400261,0.15992412023377,0.13300235360337978,0.10060899024992659,0.09590434452943634
191,0.0002837137844037722,0.01619602344407324,0.017805826801218484,0.00047565960890746543,0.020358070864209106,0.025694755571229116,0.1,1.09,0.00013500000000000014,1.3529175478115416,1.1901861429214478,0.5111582096208606,0.16007691334214127,0.13285400836091293,0.10032752731390167,0.0955833441071343
192,0.000280660249317359,0.016151331561176402,0.017826253368535584,0.0004859903409461757,0.02049990078168256,0.025868643075227737,0.1,1.08,0.00012000000000000031,1.3521685809419866,1.190191388130188,0.5115417785811842,0.16022958933261403,0.13277441864473777,0.10013278312327568,0.0953214233904554
193,0.00027829568844345775,0.016153390976812756,0.017897449041667738,0.00048198057629633695,0.020436016576630727,0.025923540150480612,0.1,1.07,0.00010500000000000006,1.3507102246870075,1.190185308456421,0.5124881236176742,0.1601441288203524,0.13261198422365023,0.0998154635492124,0.09494029678273619
194,0.00027478740779323535,0.015977850379912478,0.01758378606877829,0.0004946421426471456,0.020630615364227976,0.025980721626962935,0.1,1.06,9.000000000000024e-05,1.3490232752080549,1.1901931762695312,0.5134868705481813,0.1600549817085266,0.13242641195916294,0.09948035211939561,0.09455138105049468
195,0.00027751355465673104,0.01602093061726344,0.01762435222534757,0.0004792604273201765,0.020363413196589266,0.025771970860660076,0.1,1.05,7.499999999999998e-05,1.3481654388862743,1.1901986598968506,0.5140081779998645,0.16013208502217344,0.13237596865285906,0.09923380927035683,0.09424995709406703
196,0.00028288980135122283,0.016154812338451546,0.01780387899724015,0.00048376193860479234,0.020409616508654187,0.025740976445376873,0.1,1.04,6.000000000000016e-05,1.3461737632751465,1.190201759338379,0.5152402697947988,0.1599065135968359,0.13218008478482565,0.0988524302578809,0.09382069895142003
197,0.0002802681390261441,0.016136724959340012,0.017814496564760543,0.0004874889928032644,0.0204706359654665,0.025886129321796552,0.1,1.03,4.49999999999999e-05,1.3430929100304319,1.1902036666870117,0.5172148733808283,0.1595266550256495,0.13174581632279514,0.09828893971024898,0.09322372353390644
198,0.00028548018931280497,0.016304547048843744,0.018045608771213313,0.0004832512744802183,0.020386578116033758,0.025745033286511898,0.1,1.02,3.000000000000008e-05,1.340922292910124,1.1902072429656982,0.5185889716733966,0.15935474294319488,0.13148178081763418,0.09784486641486485,0.09272963958874084
199,0.0002756586534240724,0.01598411439019337,0.0176126633427645,0.00047681896207255444,0.020303121900984218,0.025668970309197903,0.1,1.01,1.4999999999999823e-05,1.340306938740245,1.1902108192443848,0.5188093520047372,0.15954893644441637,0.13146001231252102,0.09766761801744762,0.09251408305084496
200,0.0002833522775561729,0.01623969075776506,0.0179972664959598,0.00047934228288275856,0.020348968649549142,0.025695744901895523,0.1,1.0,0.0,1.3392282745294404,1.1902132034301758,0.5194422388285921,0.1595760981241862,0.13137782299727724,0.09739620539180019,0.09220764406940393
