dataset,partition,model,kind,budget,n_eval,mean_rel_l2
sharp__cahn_hilliard,71,mf_fno_transfer_film,individual,,20,0.4007639885155297
sharp__cahn_hilliard,71,mf_fno_allpairs,individual,,20,0.3900988056487902
sharp__cahn_hilliard,71,convnext_unet_film,individual,,20,0.3917753671447145
sharp__cahn_hilliard,71,fno_fire_distcond,individual,,20,0.4155625676401174
sharp__cahn_hilliard,71,wno_transfer_film,individual,,20,0.5659108025041879
sharp__cahn_hilliard,71,mf_deeponet,individual,,20,0.8458821321193964
sharp__cahn_hilliard,71,st_hf_pod_gp,individual,,20,0.6353547282224883
sharp__cahn_hilliard,71,uqcorr_transolver_pred,individual,,20,0.5634855980722407
sharp__cahn_hilliard,71,uqcorr_convnext_pred,individual,,20,0.3811419997883154
sharp__cahn_hilliard,71,st_koh_pod,baseline,,20,0.6352658078074456
sharp__cahn_hilliard,71,st_nargp_pod,baseline,,20,0.8331061691045761
sharp__cahn_hilliard,71,st_mfdnn,baseline,,20,0.86698959171772
sharp__cahn_hilliard,71,st_mfdeeponet,baseline,,20,0.42650369331240656
sharp__cahn_hilliard,71,st_dmfal,baseline,,20,0.38185796663165095
sharp__cahn_hilliard,71,nomad_mf,baseline,,20,0.6385860662748698
sharp__cahn_hilliard,71,mfrnp,baseline,,20,0.6297811141202353
sharp__cahn_hilliard,71,fno_coregionalization,baseline,,20,0.39537653125581057
sharp__cahn_hilliard,71,mf_fno_transfer,baseline,,20,0.4721556961327269
sharp__cahn_hilliard,71,mf_fno_transfer_bar,baseline,,20,0.4721556961327269
sharp__cahn_hilliard,71,st_lf_affine_pod,baseline,,20,0.6354457959532738
sharp__cahn_hilliard,71,st_knn,baseline,,20,0.7240033730864525
sharp__cahn_hilliard,71,st_mean,baseline,,20,1.0078663855791092
sharp__cahn_hilliard,71,selected_single,ensemble,5,20,0.4007639885155297
sharp__cahn_hilliard,71,inverse_mse,ensemble,5,20,0.39744873467345515
sharp__cahn_hilliard,71,full,ensemble,5,20,0.41978057625467047
sharp__cahn_hilliard,71,uniform,ensemble,5,20,0.42115002579159333
sharp__cahn_hilliard,71,auto,ensemble,5,20,0.4007639885155297
sharp__cahn_hilliard,71,selected_single,ensemble,10,20,0.4007639885155297
sharp__cahn_hilliard,71,inverse_mse,ensemble,10,20,0.4026748216526247
sharp__cahn_hilliard,71,full,ensemble,10,20,0.4674041701586319
sharp__cahn_hilliard,71,uniform,ensemble,10,20,0.42115002579159333
sharp__cahn_hilliard,71,auto,ensemble,10,20,0.4007639885155297
sharp__cahn_hilliard,71,selected_single,ensemble,20,20,0.4007639885155297
sharp__cahn_hilliard,71,inverse_mse,ensemble,20,20,0.4012527420201913
sharp__cahn_hilliard,71,full,ensemble,20,20,0.4449241678782564
sharp__cahn_hilliard,71,uniform,ensemble,20,20,0.42115002579159333
sharp__cahn_hilliard,71,auto,ensemble,20,20,0.4007639885155297
sharp__cahn_hilliard,172,mf_fno_transfer_film,individual,,20,0.4276913905337885
sharp__cahn_hilliard,172,mf_fno_allpairs,individual,,20,0.46789630684498
sharp__cahn_hilliard,172,convnext_unet_film,individual,,20,0.5250386272402812
sharp__cahn_hilliard,172,fno_fire_distcond,individual,,20,0.48309251368587347
sharp__cahn_hilliard,172,wno_transfer_film,individual,,20,0.5456025702991764
sharp__cahn_hilliard,172,mf_deeponet,individual,,20,0.9015166203662777
sharp__cahn_hilliard,172,st_hf_pod_gp,individual,,20,0.6187262114165957
sharp__cahn_hilliard,172,uqcorr_transolver_pred,individual,,20,0.4860108056981458
sharp__cahn_hilliard,172,uqcorr_convnext_pred,individual,,20,0.4325618081040723
sharp__cahn_hilliard,172,st_koh_pod,baseline,,20,0.6190556965768337
sharp__cahn_hilliard,172,st_nargp_pod,baseline,,20,0.8250412762165069
sharp__cahn_hilliard,172,st_mfdnn,baseline,,20,0.7887376546859741
sharp__cahn_hilliard,172,st_mfdeeponet,baseline,,20,0.49670676589012147
sharp__cahn_hilliard,172,st_dmfal,baseline,,20,0.4787016149610281
sharp__cahn_hilliard,172,nomad_mf,baseline,,20,0.701122110972981
sharp__cahn_hilliard,172,mfrnp,baseline,,20,0.6677249346120889
sharp__cahn_hilliard,172,fno_coregionalization,baseline,,20,0.5460006602795895
sharp__cahn_hilliard,172,mf_fno_transfer,baseline,,20,0.5031593597119661
sharp__cahn_hilliard,172,mf_fno_transfer_bar,baseline,,20,0.5031593597119661
sharp__cahn_hilliard,172,st_lf_affine_pod,baseline,,20,0.6191438242793084
sharp__cahn_hilliard,172,st_knn,baseline,,20,0.7598513111472129
sharp__cahn_hilliard,172,st_mean,baseline,,20,1.0048214852809907
sharp__cahn_hilliard,172,selected_single,ensemble,5,20,0.5250386272402812
sharp__cahn_hilliard,172,inverse_mse,ensemble,5,20,0.4410164070236326
sharp__cahn_hilliard,172,full,ensemble,5,20,0.4856964810068737
sharp__cahn_hilliard,172,uniform,ensemble,5,20,0.4538402056699706
sharp__cahn_hilliard,172,auto,ensemble,5,20,0.5250386272402812
sharp__cahn_hilliard,172,selected_single,ensemble,10,20,0.5250386272402812
sharp__cahn_hilliard,172,inverse_mse,ensemble,10,20,0.43940241894782045
sharp__cahn_hilliard,172,full,ensemble,10,20,0.503291329135998
sharp__cahn_hilliard,172,uniform,ensemble,10,20,0.4538402056699706
sharp__cahn_hilliard,172,auto,ensemble,10,20,0.43940241894782045
sharp__cahn_hilliard,172,selected_single,ensemble,20,20,0.5250386272402812
sharp__cahn_hilliard,172,inverse_mse,ensemble,20,20,0.43756278587097697
sharp__cahn_hilliard,172,full,ensemble,20,20,0.4751288408359512
sharp__cahn_hilliard,172,uniform,ensemble,20,20,0.4538402056699706
sharp__cahn_hilliard,172,auto,ensemble,20,20,0.43756278587097697
sharp__cahn_hilliard,273,mf_fno_transfer_film,individual,,20,0.5787657688904158
sharp__cahn_hilliard,273,mf_fno_allpairs,individual,,20,0.5913101838989607
sharp__cahn_hilliard,273,convnext_unet_film,individual,,20,0.6409571061363677
sharp__cahn_hilliard,273,fno_fire_distcond,individual,,20,0.6239649611356654
sharp__cahn_hilliard,273,wno_transfer_film,individual,,20,0.7132613665871316
sharp__cahn_hilliard,273,mf_deeponet,individual,,20,1.2480467138603948
sharp__cahn_hilliard,273,st_hf_pod_gp,individual,,20,0.6902509669892625
sharp__cahn_hilliard,273,uqcorr_transolver_pred,individual,,20,0.6271823586837663
sharp__cahn_hilliard,273,uqcorr_convnext_pred,individual,,20,0.6216537964061866
sharp__cahn_hilliard,273,st_koh_pod,baseline,,20,0.6906821504235268
sharp__cahn_hilliard,273,st_nargp_pod,baseline,,20,0.8473583996295929
sharp__cahn_hilliard,273,st_mfdnn,baseline,,20,0.8934467732906342
sharp__cahn_hilliard,273,st_mfdeeponet,baseline,,20,0.689225134626031
sharp__cahn_hilliard,273,st_dmfal,baseline,,20,0.634032353758812
sharp__cahn_hilliard,273,nomad_mf,baseline,,20,0.8328774304264991
sharp__cahn_hilliard,273,mfrnp,baseline,,20,0.7021944275065519
sharp__cahn_hilliard,273,fno_coregionalization,baseline,,20,0.6920943741350393
sharp__cahn_hilliard,273,mf_fno_transfer,baseline,,20,0.6432200921769354
sharp__cahn_hilliard,273,mf_fno_transfer_bar,baseline,,20,0.6432200921769354
sharp__cahn_hilliard,273,st_lf_affine_pod,baseline,,20,0.690731356292963
sharp__cahn_hilliard,273,st_knn,baseline,,20,0.8558755293488503
sharp__cahn_hilliard,273,st_mean,baseline,,20,0.9995524615049363
sharp__cahn_hilliard,273,selected_single,ensemble,5,20,0.6409571061363677
sharp__cahn_hilliard,273,inverse_mse,ensemble,5,20,0.5779512648335963
sharp__cahn_hilliard,273,full,ensemble,5,20,0.5722918387145532
sharp__cahn_hilliard,273,uniform,ensemble,5,20,0.6047880172517661
sharp__cahn_hilliard,273,auto,ensemble,5,20,0.5722918387145532
sharp__cahn_hilliard,273,selected_single,ensemble,10,20,0.5787657688904158
sharp__cahn_hilliard,273,inverse_mse,ensemble,10,20,0.5750196566399279
sharp__cahn_hilliard,273,full,ensemble,10,20,0.5737748534684994
sharp__cahn_hilliard,273,uniform,ensemble,10,20,0.6047880172517661
sharp__cahn_hilliard,273,auto,ensemble,10,20,0.5737748534684994
sharp__cahn_hilliard,273,selected_single,ensemble,20,20,0.5787657688904158
sharp__cahn_hilliard,273,inverse_mse,ensemble,20,20,0.5747591252420978
sharp__cahn_hilliard,273,full,ensemble,20,20,0.5694030553654447
sharp__cahn_hilliard,273,uniform,ensemble,20,20,0.6047880172517661
sharp__cahn_hilliard,273,auto,ensemble,20,20,0.5694030553654447
sharp__fisher_kpp_2d,71,mf_fno_transfer_film,individual,,20,0.033405925463079175
sharp__fisher_kpp_2d,71,mf_fno_allpairs,individual,,20,0.0339239516295848
sharp__fisher_kpp_2d,71,convnext_unet_film,individual,,20,0.024526064676018776
sharp__fisher_kpp_2d,71,fno_fire_distcond,individual,,20,0.03270138461800612
sharp__fisher_kpp_2d,71,wno_transfer_film,individual,,20,0.04144456471721016
sharp__fisher_kpp_2d,71,mf_deeponet,individual,,20,0.07143264771573996
sharp__fisher_kpp_2d,71,st_hf_pod_gp,individual,,20,0.07433914952497286
sharp__fisher_kpp_2d,71,uqcorr_transolver_pred,individual,,20,0.03033289059791335
sharp__fisher_kpp_2d,71,uqcorr_convnext_pred,individual,,20,0.029591123997850976
sharp__fisher_kpp_2d,71,st_koh_pod,baseline,,20,0.07433913741260767
sharp__fisher_kpp_2d,71,st_nargp_pod,baseline,,20,0.0743391377851367
sharp__fisher_kpp_2d,71,st_mfdnn,baseline,,20,0.07604110192041844
sharp__fisher_kpp_2d,71,st_mfdeeponet,baseline,,20,0.04309619353152812
sharp__fisher_kpp_2d,71,st_dmfal,baseline,,20,0.03660727720707655
sharp__fisher_kpp_2d,71,nomad_mf,baseline,,20,0.0807587480307064
sharp__fisher_kpp_2d,71,mfrnp,baseline,,20,0.043785186300761024
sharp__fisher_kpp_2d,71,fno_coregionalization,baseline,,20,0.050752702889643966
sharp__fisher_kpp_2d,71,mf_fno_transfer,baseline,,20,0.03544743256818127
sharp__fisher_kpp_2d,71,mf_fno_transfer_bar,baseline,,20,0.03544743256818127
sharp__fisher_kpp_2d,71,st_lf_affine_pod,baseline,,20,0.07433907706290484
sharp__fisher_kpp_2d,71,st_knn,baseline,,20,0.06263347910717129
sharp__fisher_kpp_2d,71,st_mean,baseline,,20,0.07433913834393024
sharp__fisher_kpp_2d,71,selected_single,ensemble,5,20,0.024526064676018776
sharp__fisher_kpp_2d,71,inverse_mse,ensemble,5,20,0.026979268196686307
sharp__fisher_kpp_2d,71,full,ensemble,5,20,0.024058749884964238
sharp__fisher_kpp_2d,71,uniform,ensemble,5,20,0.032164983129594205
sharp__fisher_kpp_2d,71,auto,ensemble,5,20,0.024526064676018776
sharp__fisher_kpp_2d,71,selected_single,ensemble,10,20,0.024526064676018776
sharp__fisher_kpp_2d,71,inverse_mse,ensemble,10,20,0.027012168098722235
sharp__fisher_kpp_2d,71,full,ensemble,10,20,0.023796136809595844
sharp__fisher_kpp_2d,71,uniform,ensemble,10,20,0.032164983129594205
sharp__fisher_kpp_2d,71,auto,ensemble,10,20,0.023796136809595844
sharp__fisher_kpp_2d,71,selected_single,ensemble,20,20,0.024526064676018776
sharp__fisher_kpp_2d,71,inverse_mse,ensemble,20,20,0.02738702628592627
sharp__fisher_kpp_2d,71,full,ensemble,20,20,0.02363451258977354
sharp__fisher_kpp_2d,71,uniform,ensemble,20,20,0.032164983129594205
sharp__fisher_kpp_2d,71,auto,ensemble,20,20,0.02363451258977354
sharp__fisher_kpp_2d,172,mf_fno_transfer_film,individual,,20,0.025244446806499815
sharp__fisher_kpp_2d,172,mf_fno_allpairs,individual,,20,0.02460295617908285
sharp__fisher_kpp_2d,172,convnext_unet_film,individual,,20,0.018792687541860635
sharp__fisher_kpp_2d,172,fno_fire_distcond,individual,,20,0.02125495330981638
sharp__fisher_kpp_2d,172,wno_transfer_film,individual,,20,0.02909160515311347
sharp__fisher_kpp_2d,172,mf_deeponet,individual,,20,0.0552806414562228
sharp__fisher_kpp_2d,172,st_hf_pod_gp,individual,,20,0.05640171479350638
sharp__fisher_kpp_2d,172,uqcorr_transolver_pred,individual,,20,0.02358068500836241
sharp__fisher_kpp_2d,172,uqcorr_convnext_pred,individual,,20,0.023800282976100953
sharp__fisher_kpp_2d,172,st_koh_pod,baseline,,20,0.05640160981565714
sharp__fisher_kpp_2d,172,st_nargp_pod,baseline,,20,0.0564017042517662
sharp__fisher_kpp_2d,172,st_mfdnn,baseline,,20,0.05210016334895044
sharp__fisher_kpp_2d,172,st_mfdeeponet,baseline,,20,0.03139988442417234
sharp__fisher_kpp_2d,172,st_dmfal,baseline,,20,0.027249094913713634
sharp__fisher_kpp_2d,172,nomad_mf,baseline,,20,0.05838072607047255
sharp__fisher_kpp_2d,172,mfrnp,baseline,,20,0.03134259678452762
sharp__fisher_kpp_2d,172,fno_coregionalization,baseline,,20,0.03657945845082019
sharp__fisher_kpp_2d,172,mf_fno_transfer,baseline,,20,0.02271932635579014
sharp__fisher_kpp_2d,172,mf_fno_transfer_bar,baseline,,20,0.02271932635579014
sharp__fisher_kpp_2d,172,st_lf_affine_pod,baseline,,20,0.056401498056948184
sharp__fisher_kpp_2d,172,st_knn,baseline,,20,0.046471770480275156
sharp__fisher_kpp_2d,172,st_mean,baseline,,20,0.05640170406550169
sharp__fisher_kpp_2d,172,selected_single,ensemble,5,20,0.018792687541860635
sharp__fisher_kpp_2d,172,inverse_mse,ensemble,5,20,0.01953853148998684
sharp__fisher_kpp_2d,172,full,ensemble,5,20,0.018425103683569186
sharp__fisher_kpp_2d,172,uniform,ensemble,5,20,0.02312436760410224
sharp__fisher_kpp_2d,172,auto,ensemble,5,20,0.018425103683569186
sharp__fisher_kpp_2d,172,selected_single,ensemble,10,20,0.018792687541860635
sharp__fisher_kpp_2d,172,inverse_mse,ensemble,10,20,0.019432434432921957
sharp__fisher_kpp_2d,172,full,ensemble,10,20,0.018653791916487996
sharp__fisher_kpp_2d,172,uniform,ensemble,10,20,0.02312436760410224
sharp__fisher_kpp_2d,172,auto,ensemble,10,20,0.018653791916487996
sharp__fisher_kpp_2d,172,selected_single,ensemble,20,20,0.018792687541860635
sharp__fisher_kpp_2d,172,inverse_mse,ensemble,20,20,0.019256210717156975
sharp__fisher_kpp_2d,172,full,ensemble,20,20,0.018611853734518007
sharp__fisher_kpp_2d,172,uniform,ensemble,20,20,0.02312436760410224
sharp__fisher_kpp_2d,172,auto,ensemble,20,20,0.018611853734518007
sharp__fisher_kpp_2d,273,mf_fno_transfer_film,individual,,20,0.03753026726749324
sharp__fisher_kpp_2d,273,mf_fno_allpairs,individual,,20,0.03794236159891954
sharp__fisher_kpp_2d,273,convnext_unet_film,individual,,20,0.027606110862119733
sharp__fisher_kpp_2d,273,fno_fire_distcond,individual,,20,0.03540693824205736
sharp__fisher_kpp_2d,273,wno_transfer_film,individual,,20,0.04436444840100211
sharp__fisher_kpp_2d,273,mf_deeponet,individual,,20,0.06802782174805969
sharp__fisher_kpp_2d,273,st_hf_pod_gp,individual,,20,0.07514082343419042
sharp__fisher_kpp_2d,273,uqcorr_transolver_pred,individual,,20,0.031843259237239616
sharp__fisher_kpp_2d,273,uqcorr_convnext_pred,individual,,20,0.031691405223122526
sharp__fisher_kpp_2d,273,st_koh_pod,baseline,,20,0.0751408088952303
sharp__fisher_kpp_2d,273,st_nargp_pod,baseline,,20,0.0751408088952303
sharp__fisher_kpp_2d,273,st_mfdnn,baseline,,20,0.0661914805881679
sharp__fisher_kpp_2d,273,st_mfdeeponet,baseline,,20,0.04582473440095782
sharp__fisher_kpp_2d,273,st_dmfal,baseline,,20,0.039708671253174545
sharp__fisher_kpp_2d,273,nomad_mf,baseline,,20,0.08392938086786629
sharp__fisher_kpp_2d,273,mfrnp,baseline,,20,0.0473291605474037
sharp__fisher_kpp_2d,273,fno_coregionalization,baseline,,20,0.05481962477143319
sharp__fisher_kpp_2d,273,mf_fno_transfer,baseline,,20,0.039082013352775266
sharp__fisher_kpp_2d,273,mf_fno_transfer_bar,baseline,,20,0.039082013352775266
sharp__fisher_kpp_2d,273,st_lf_affine_pod,baseline,,20,0.07514075133949519
sharp__fisher_kpp_2d,273,st_knn,baseline,,20,0.06110325832851231
sharp__fisher_kpp_2d,273,st_mean,baseline,,20,0.07514080852270126
sharp__fisher_kpp_2d,273,selected_single,ensemble,5,20,0.027606110862119733
sharp__fisher_kpp_2d,273,inverse_mse,ensemble,5,20,0.029408148054182327
sharp__fisher_kpp_2d,273,full,ensemble,5,20,0.026482435549840803
sharp__fisher_kpp_2d,273,uniform,ensemble,5,20,0.034557716725236984
sharp__fisher_kpp_2d,273,auto,ensemble,5,20,0.026482435549840803
sharp__fisher_kpp_2d,273,selected_single,ensemble,10,20,0.027606110862119733
sharp__fisher_kpp_2d,273,inverse_mse,ensemble,10,20,0.02925345515302823
sharp__fisher_kpp_2d,273,full,ensemble,10,20,0.026507693856892223
sharp__fisher_kpp_2d,273,uniform,ensemble,10,20,0.034557716725236984
sharp__fisher_kpp_2d,273,auto,ensemble,10,20,0.026507693856892223
sharp__fisher_kpp_2d,273,selected_single,ensemble,20,20,0.027606110862119733
sharp__fisher_kpp_2d,273,inverse_mse,ensemble,20,20,0.02935962848088327
sharp__fisher_kpp_2d,273,full,ensemble,20,20,0.026486120672200342
sharp__fisher_kpp_2d,273,uniform,ensemble,20,20,0.034557716725236984
sharp__fisher_kpp_2d,273,auto,ensemble,20,20,0.026486120672200342
sharp__allen_cahn_2d,71,mf_fno_transfer_film,individual,,16,0.4410101177039567
sharp__allen_cahn_2d,71,mf_fno_allpairs,individual,,16,0.4128070668924493
sharp__allen_cahn_2d,71,convnext_unet_film,individual,,16,0.35907468086526667
sharp__allen_cahn_2d,71,fno_fire_distcond,individual,,16,0.3894080572487302
sharp__allen_cahn_2d,71,wno_transfer_film,individual,,16,0.34307301916289634
sharp__allen_cahn_2d,71,mf_deeponet,individual,,16,0.8221741681965443
sharp__allen_cahn_2d,71,st_hf_pod_gp,individual,,16,0.4561987581044884
sharp__allen_cahn_2d,71,uqcorr_transolver_pred,individual,,16,0.3434556285901912
sharp__allen_cahn_2d,71,uqcorr_convnext_pred,individual,,16,0.3253561434653415
sharp__allen_cahn_2d,71,st_koh_pod,baseline,,16,0.45612763054668903
sharp__allen_cahn_2d,71,st_nargp_pod,baseline,,16,0.9758150242269039
sharp__allen_cahn_2d,71,st_mfdnn,baseline,,16,0.47332354821264744
sharp__allen_cahn_2d,71,st_mfdeeponet,baseline,,16,0.382251194678247
sharp__allen_cahn_2d,71,st_dmfal,baseline,,16,0.3435623637633398
sharp__allen_cahn_2d,71,nomad_mf,baseline,,16,0.7417485785889005
sharp__allen_cahn_2d,71,mfrnp,baseline,,16,0.5354557542812074
sharp__allen_cahn_2d,71,fno_coregionalization,baseline,,16,0.3825559994028379
sharp__allen_cahn_2d,71,mf_fno_transfer,baseline,,16,0.4349757948100237
sharp__allen_cahn_2d,71,mf_fno_transfer_bar,baseline,,16,0.4349757948100237
sharp__allen_cahn_2d,71,st_lf_affine_pod,baseline,,16,0.45610603131353855
sharp__allen_cahn_2d,71,st_knn,baseline,,16,0.7279248144477606
sharp__allen_cahn_2d,71,st_mean,baseline,,16,0.9981876872479916
sharp__allen_cahn_2d,71,selected_single,ensemble,5,16,0.3253561434653415
sharp__allen_cahn_2d,71,inverse_mse,ensemble,5,16,0.3299249258350688
sharp__allen_cahn_2d,71,full,ensemble,5,16,0.3009409557292607
sharp__allen_cahn_2d,71,uniform,ensemble,5,16,0.3548361643226751
sharp__allen_cahn_2d,71,auto,ensemble,5,16,0.3009409557292607
sharp__allen_cahn_2d,71,selected_single,ensemble,10,16,0.3253561434653415
sharp__allen_cahn_2d,71,inverse_mse,ensemble,10,16,0.3304954294078846
sharp__allen_cahn_2d,71,full,ensemble,10,16,0.29992522896705476
sharp__allen_cahn_2d,71,uniform,ensemble,10,16,0.3548361643226751
sharp__allen_cahn_2d,71,auto,ensemble,10,16,0.29992522896705476
sharp__allen_cahn_2d,71,selected_single,ensemble,20,16,0.3253561434653415
sharp__allen_cahn_2d,71,inverse_mse,ensemble,20,16,0.32841127599697717
sharp__allen_cahn_2d,71,full,ensemble,20,16,0.3002152691127692
sharp__allen_cahn_2d,71,uniform,ensemble,20,16,0.3548361643226751
sharp__allen_cahn_2d,71,auto,ensemble,20,16,0.3002152691127692
sharp__allen_cahn_2d,172,mf_fno_transfer_film,individual,,16,0.5993180183816831
sharp__allen_cahn_2d,172,mf_fno_allpairs,individual,,16,0.6020929892143195
sharp__allen_cahn_2d,172,convnext_unet_film,individual,,16,0.4680772195986746
sharp__allen_cahn_2d,172,fno_fire_distcond,individual,,16,0.5177651146963786
sharp__allen_cahn_2d,172,wno_transfer_film,individual,,16,0.4640332745038598
sharp__allen_cahn_2d,172,mf_deeponet,individual,,16,1.0609133913410365
sharp__allen_cahn_2d,172,st_hf_pod_gp,individual,,16,0.6114554371920038
sharp__allen_cahn_2d,172,uqcorr_transolver_pred,individual,,16,0.45184618932618503
sharp__allen_cahn_2d,172,uqcorr_convnext_pred,individual,,16,0.41058337197278816
sharp__allen_cahn_2d,172,st_koh_pod,baseline,,16,0.6112846676260233
sharp__allen_cahn_2d,172,st_nargp_pod,baseline,,16,0.9931578375399113
sharp__allen_cahn_2d,172,st_mfdnn,baseline,,16,0.7043877057731152
sharp__allen_cahn_2d,172,st_mfdeeponet,baseline,,16,0.5147919170558453
sharp__allen_cahn_2d,172,st_dmfal,baseline,,16,0.46941978577524424
sharp__allen_cahn_2d,172,nomad_mf,baseline,,16,1.0956174215267516
sharp__allen_cahn_2d,172,mfrnp,baseline,,16,0.783018757951286
sharp__allen_cahn_2d,172,fno_coregionalization,baseline,,16,0.5615430055512778
sharp__allen_cahn_2d,172,mf_fno_transfer,baseline,,16,0.6540801369055969
sharp__allen_cahn_2d,172,mf_fno_transfer_bar,baseline,,16,0.6540801369055969
sharp__allen_cahn_2d,172,st_lf_affine_pod,baseline,,16,0.6112796664237976
sharp__allen_cahn_2d,172,st_knn,baseline,,16,0.8223739266395569
sharp__allen_cahn_2d,172,st_mean,baseline,,16,1.0012685991823673
sharp__allen_cahn_2d,172,selected_single,ensemble,5,16,0.41058337197278816
sharp__allen_cahn_2d,172,inverse_mse,ensemble,5,16,0.4136975439657017
sharp__allen_cahn_2d,172,full,ensemble,5,16,0.3718946196935238
sharp__allen_cahn_2d,172,uniform,ensemble,5,16,0.4398164149631556
sharp__allen_cahn_2d,172,auto,ensemble,5,16,0.41058337197278816
sharp__allen_cahn_2d,172,selected_single,ensemble,10,16,0.41058337197278816
sharp__allen_cahn_2d,172,inverse_mse,ensemble,10,16,0.4082747332227983
sharp__allen_cahn_2d,172,full,ensemble,10,16,0.3653366265017961
sharp__allen_cahn_2d,172,uniform,ensemble,10,16,0.4398164149631556
sharp__allen_cahn_2d,172,auto,ensemble,10,16,0.3653366265017961
sharp__allen_cahn_2d,172,selected_single,ensemble,20,16,0.41058337197278816
sharp__allen_cahn_2d,172,inverse_mse,ensemble,20,16,0.41234450844966747
sharp__allen_cahn_2d,172,full,ensemble,20,16,0.36438444173248696
sharp__allen_cahn_2d,172,uniform,ensemble,20,16,0.4398164149631556
sharp__allen_cahn_2d,172,auto,ensemble,20,16,0.36438444173248696
sharp__allen_cahn_2d,273,mf_fno_transfer_film,individual,,16,0.5492661145466378
sharp__allen_cahn_2d,273,mf_fno_allpairs,individual,,16,0.5651093156789319
sharp__allen_cahn_2d,273,convnext_unet_film,individual,,16,0.4353855938688137
sharp__allen_cahn_2d,273,fno_fire_distcond,individual,,16,0.4561005226257937
sharp__allen_cahn_2d,273,wno_transfer_film,individual,,16,0.4332352803090772
sharp__allen_cahn_2d,273,mf_deeponet,individual,,16,1.177902830234391
sharp__allen_cahn_2d,273,st_hf_pod_gp,individual,,16,0.5962392890860737
sharp__allen_cahn_2d,273,uqcorr_transolver_pred,individual,,16,0.44658088338207613
sharp__allen_cahn_2d,273,uqcorr_convnext_pred,individual,,16,0.4266938708433893
sharp__allen_cahn_2d,273,st_koh_pod,baseline,,16,0.5961075071245432
sharp__allen_cahn_2d,273,st_nargp_pod,baseline,,16,0.9880339466035366
sharp__allen_cahn_2d,273,st_mfdnn,baseline,,16,0.6185448383912444
sharp__allen_cahn_2d,273,st_mfdeeponet,baseline,,16,0.44672223739326
sharp__allen_cahn_2d,273,st_dmfal,baseline,,16,0.42451139085460454
sharp__allen_cahn_2d,273,nomad_mf,baseline,,16,0.9957577227032912
sharp__allen_cahn_2d,273,mfrnp,baseline,,16,0.7528397410658016
sharp__allen_cahn_2d,273,fno_coregionalization,baseline,,16,0.5233164945765523
sharp__allen_cahn_2d,273,mf_fno_transfer,baseline,,16,0.5857534492796194
sharp__allen_cahn_2d,273,mf_fno_transfer_bar,baseline,,16,0.5857534492796194
sharp__allen_cahn_2d,273,st_lf_affine_pod,baseline,,16,0.5960993990302086
sharp__allen_cahn_2d,273,st_knn,baseline,,16,0.7974653709679842
sharp__allen_cahn_2d,273,st_mean,baseline,,16,1.0005075633525848
sharp__allen_cahn_2d,273,selected_single,ensemble,5,16,0.44658088338207613
sharp__allen_cahn_2d,273,inverse_mse,ensemble,5,16,0.39273424517782723
sharp__allen_cahn_2d,273,full,ensemble,5,16,0.3660079625638056
sharp__allen_cahn_2d,273,uniform,ensemble,5,16,0.4281682979722653
sharp__allen_cahn_2d,273,auto,ensemble,5,16,0.39273424517782723
sharp__allen_cahn_2d,273,selected_single,ensemble,10,16,0.4266938708433893
sharp__allen_cahn_2d,273,inverse_mse,ensemble,10,16,0.39161191997116285
sharp__allen_cahn_2d,273,full,ensemble,10,16,0.36565163832242786
sharp__allen_cahn_2d,273,uniform,ensemble,10,16,0.4281682979722653
sharp__allen_cahn_2d,273,auto,ensemble,10,16,0.36565163832242786
sharp__allen_cahn_2d,273,selected_single,ensemble,20,16,0.4266938708433893
sharp__allen_cahn_2d,273,inverse_mse,ensemble,20,16,0.3893351740254244
sharp__allen_cahn_2d,273,full,ensemble,20,16,0.35610602908635863
sharp__allen_cahn_2d,273,uniform,ensemble,20,16,0.4281682979722653
sharp__allen_cahn_2d,273,auto,ensemble,20,16,0.35610602908635863
sharp__phase_field_crystal_2d,71,mf_fno_transfer_film,individual,,20,0.873998702807451
sharp__phase_field_crystal_2d,71,mf_fno_allpairs,individual,,20,0.8834483698850939
sharp__phase_field_crystal_2d,71,convnext_unet_film,individual,,20,1.0926391889876086
sharp__phase_field_crystal_2d,71,fno_fire_distcond,individual,,20,0.8164893960427451
sharp__phase_field_crystal_2d,71,wno_transfer_film,individual,,20,2.0538777724363326
sharp__phase_field_crystal_2d,71,mf_deeponet,individual,,20,1.194763736873646
sharp__phase_field_crystal_2d,71,st_hf_pod_gp,individual,,20,0.8214934186423465
sharp__phase_field_crystal_2d,71,uqcorr_transolver_pred,individual,,20,0.8486133340033195
sharp__phase_field_crystal_2d,71,uqcorr_convnext_pred,individual,,20,0.8575737454617703
sharp__phase_field_crystal_2d,71,st_koh_pod,baseline,,20,0.8211552947759628
sharp__phase_field_crystal_2d,71,st_nargp_pod,baseline,,20,0.8563997000455856
sharp__phase_field_crystal_2d,71,st_mfdnn,baseline,,20,0.897898155450821
sharp__phase_field_crystal_2d,71,st_mfdeeponet,baseline,,20,0.8700135409832
sharp__phase_field_crystal_2d,71,st_dmfal,baseline,,20,0.869113090634346
sharp__phase_field_crystal_2d,71,nomad_mf,baseline,,20,1.4838030356569754
sharp__phase_field_crystal_2d,71,mfrnp,baseline,,20,0.8784033331023118
sharp__phase_field_crystal_2d,71,fno_coregionalization,baseline,,20,0.980304265344657
sharp__phase_field_crystal_2d,71,mf_fno_transfer,baseline,,20,0.8518424275615528
sharp__phase_field_crystal_2d,71,mf_fno_transfer_bar,baseline,,20,0.8518424275615528
sharp__phase_field_crystal_2d,71,st_lf_affine_pod,baseline,,20,0.8211255937814712
sharp__phase_field_crystal_2d,71,st_knn,baseline,,20,0.8494733214378357
sharp__phase_field_crystal_2d,71,st_mean,baseline,,20,0.8703607320785522
sharp__phase_field_crystal_2d,71,selected_single,ensemble,5,20,0.8214934186423465
sharp__phase_field_crystal_2d,71,inverse_mse,ensemble,5,20,0.8279588227124297
sharp__phase_field_crystal_2d,71,full,ensemble,5,20,0.814140772983912
sharp__phase_field_crystal_2d,71,uniform,ensemble,5,20,0.8607317463678028
sharp__phase_field_crystal_2d,71,auto,ensemble,5,20,0.8279588227124297
sharp__phase_field_crystal_2d,71,selected_single,ensemble,10,20,0.8214934186423465
sharp__phase_field_crystal_2d,71,inverse_mse,ensemble,10,20,0.8277684437898541
sharp__phase_field_crystal_2d,71,full,ensemble,10,20,0.8137442436288627
sharp__phase_field_crystal_2d,71,uniform,ensemble,10,20,0.8607317463678028
sharp__phase_field_crystal_2d,71,auto,ensemble,10,20,0.8137442436288627
sharp__phase_field_crystal_2d,71,selected_single,ensemble,20,20,0.8214934186423465
sharp__phase_field_crystal_2d,71,inverse_mse,ensemble,20,20,0.8278534120181427
sharp__phase_field_crystal_2d,71,full,ensemble,20,20,0.8136866072136943
sharp__phase_field_crystal_2d,71,uniform,ensemble,20,20,0.8607317463678028
sharp__phase_field_crystal_2d,71,auto,ensemble,20,20,0.8136866072136943
sharp__phase_field_crystal_2d,172,mf_fno_transfer_film,individual,,20,0.9098067259908598
sharp__phase_field_crystal_2d,172,mf_fno_allpairs,individual,,20,0.8933063497566917
sharp__phase_field_crystal_2d,172,convnext_unet_film,individual,,20,1.1062992389605892
sharp__phase_field_crystal_2d,172,fno_fire_distcond,individual,,20,0.8326023152564028
sharp__phase_field_crystal_2d,172,wno_transfer_film,individual,,20,2.076955480098699
sharp__phase_field_crystal_2d,172,mf_deeponet,individual,,20,1.17602299510799
sharp__phase_field_crystal_2d,172,st_hf_pod_gp,individual,,20,0.8472500160901817
sharp__phase_field_crystal_2d,172,uqcorr_transolver_pred,individual,,20,0.8794177127139138
sharp__phase_field_crystal_2d,172,uqcorr_convnext_pred,individual,,20,0.8822283621618195
sharp__phase_field_crystal_2d,172,st_koh_pod,baseline,,20,0.8471801549196243
sharp__phase_field_crystal_2d,172,st_nargp_pod,baseline,,20,0.8782062500715255
sharp__phase_field_crystal_2d,172,st_mfdnn,baseline,,20,0.917533329129219
sharp__phase_field_crystal_2d,172,st_mfdeeponet,baseline,,20,0.8803503006696701
sharp__phase_field_crystal_2d,172,st_dmfal,baseline,,20,0.8874804884195328
sharp__phase_field_crystal_2d,172,nomad_mf,baseline,,20,1.4978564668543541
sharp__phase_field_crystal_2d,172,mfrnp,baseline,,20,0.9112297000216973
sharp__phase_field_crystal_2d,172,fno_coregionalization,baseline,,20,1.0401986612772007
sharp__phase_field_crystal_2d,172,mf_fno_transfer,baseline,,20,0.8574752754197437
sharp__phase_field_crystal_2d,172,mf_fno_transfer_bar,baseline,,20,0.8574752754197437
sharp__phase_field_crystal_2d,172,st_lf_affine_pod,baseline,,20,0.8471543520689011
sharp__phase_field_crystal_2d,172,st_knn,baseline,,20,0.877940657734871
sharp__phase_field_crystal_2d,172,st_mean,baseline,,20,0.8824955433607101
sharp__phase_field_crystal_2d,172,selected_single,ensemble,5,20,0.8472500160901817
sharp__phase_field_crystal_2d,172,inverse_mse,ensemble,5,20,0.8421223460700915
sharp__phase_field_crystal_2d,172,full,ensemble,5,20,0.8571743597508112
sharp__phase_field_crystal_2d,172,uniform,ensemble,5,20,0.8711327796840674
sharp__phase_field_crystal_2d,172,auto,ensemble,5,20,0.8571743597508112
sharp__phase_field_crystal_2d,172,selected_single,ensemble,10,20,0.8472500160901817
sharp__phase_field_crystal_2d,172,inverse_mse,ensemble,10,20,0.8407269352967542
sharp__phase_field_crystal_2d,172,full,ensemble,10,20,0.8410081556365018
sharp__phase_field_crystal_2d,172,uniform,ensemble,10,20,0.8711327796840674
sharp__phase_field_crystal_2d,172,auto,ensemble,10,20,0.8472500160901817
sharp__phase_field_crystal_2d,172,selected_single,ensemble,20,20,0.8472500160901817
sharp__phase_field_crystal_2d,172,inverse_mse,ensemble,20,20,0.841295017940959
sharp__phase_field_crystal_2d,172,full,ensemble,20,20,0.8392690025625866
sharp__phase_field_crystal_2d,172,uniform,ensemble,20,20,0.8711327796840674
sharp__phase_field_crystal_2d,172,auto,ensemble,20,20,0.8472500160901817
sharp__phase_field_crystal_2d,273,mf_fno_transfer_film,individual,,20,0.9033559253764716
sharp__phase_field_crystal_2d,273,mf_fno_allpairs,individual,,20,0.90852297277741
sharp__phase_field_crystal_2d,273,convnext_unet_film,individual,,20,1.1268266654002967
sharp__phase_field_crystal_2d,273,fno_fire_distcond,individual,,20,0.8510008638872865
sharp__phase_field_crystal_2d,273,wno_transfer_film,individual,,20,1.930815764807993
sharp__phase_field_crystal_2d,273,mf_deeponet,individual,,20,1.233037094244107
sharp__phase_field_crystal_2d,273,st_hf_pod_gp,individual,,20,0.837445016500945
sharp__phase_field_crystal_2d,273,uqcorr_transolver_pred,individual,,20,0.8294730609999409
sharp__phase_field_crystal_2d,273,uqcorr_convnext_pred,individual,,20,0.8323997943637711
sharp__phase_field_crystal_2d,273,st_koh_pod,baseline,,20,0.8371261924505233
sharp__phase_field_crystal_2d,273,st_nargp_pod,baseline,,20,0.8566069662570953
sharp__phase_field_crystal_2d,273,st_mfdnn,baseline,,20,0.9057421058416366
sharp__phase_field_crystal_2d,273,st_mfdeeponet,baseline,,20,0.8737908095121384
sharp__phase_field_crystal_2d,273,st_dmfal,baseline,,20,0.8781774073839188
sharp__phase_field_crystal_2d,273,nomad_mf,baseline,,20,1.581599952964538
sharp__phase_field_crystal_2d,273,mfrnp,baseline,,20,0.8929660645498657
sharp__phase_field_crystal_2d,273,fno_coregionalization,baseline,,20,1.0327452937988346
sharp__phase_field_crystal_2d,273,mf_fno_transfer,baseline,,20,0.8949232333748773
sharp__phase_field_crystal_2d,273,mf_fno_transfer_bar,baseline,,20,0.8949232333748773
sharp__phase_field_crystal_2d,273,st_lf_affine_pod,baseline,,20,0.8370970547199249
sharp__phase_field_crystal_2d,273,st_knn,baseline,,20,0.8734651505947113
sharp__phase_field_crystal_2d,273,st_mean,baseline,,20,0.8727430254220963
sharp__phase_field_crystal_2d,273,selected_single,ensemble,5,20,0.837445016500945
sharp__phase_field_crystal_2d,273,inverse_mse,ensemble,5,20,0.8425048081674676
sharp__phase_field_crystal_2d,273,full,ensemble,5,20,0.8277639305707287
sharp__phase_field_crystal_2d,273,uniform,ensemble,5,20,0.8723322750097273
sharp__phase_field_crystal_2d,273,auto,ensemble,5,20,0.8425048081674676
sharp__phase_field_crystal_2d,273,selected_single,ensemble,10,20,0.837445016500945
sharp__phase_field_crystal_2d,273,inverse_mse,ensemble,10,20,0.8428720766562918
sharp__phase_field_crystal_2d,273,full,ensemble,10,20,0.8382861724271107
sharp__phase_field_crystal_2d,273,uniform,ensemble,10,20,0.8723322750097273
sharp__phase_field_crystal_2d,273,auto,ensemble,10,20,0.8382861724271107
sharp__phase_field_crystal_2d,273,selected_single,ensemble,20,20,0.837445016500945
sharp__phase_field_crystal_2d,273,inverse_mse,ensemble,20,20,0.8427781091141814
sharp__phase_field_crystal_2d,273,full,ensemble,20,20,0.8318520104709236
sharp__phase_field_crystal_2d,273,uniform,ensemble,20,20,0.8723322750097273
sharp__phase_field_crystal_2d,273,auto,ensemble,20,20,0.8318520104709236
