model_name,split
E_S_WWC_WM_005,train
E_S_WWC_WM_006,train
E_S_WWC_WM_007,train
E_S_WWC_WM_008,train
E_S_WWC_WM_009,train
E_S_WWC_WM_010,train
E_S_WWC_WM_011,train
E_S_WWC_WM_012,val
E_S_WWC_WM_013,train
E_S_WWC_WM_014,train
E_S_WWC_WM_015,train
E_S_WWC_WM_016,train
E_S_WWC_WM_017,train
E_S_WWC_WM_020,train
E_S_WWC_WM_022,test
E_S_WWC_WM_023,train
E_S_WWC_WM_024,val
E_S_WWC_WM_025,test
E_S_WWC_WM_026,test
E_S_WWC_WM_027,train
E_S_WWC_WM_028,train
E_S_WWC_WM_029,train
E_S_WWC_WM_030,train
E_S_WWC_WM_031,train
E_S_WWC_WM_032,train
E_S_WWC_WM_033,train
E_S_WWC_WM_034,train
E_S_WWC_WM_035,train
E_S_WWC_WM_036,train
E_S_WWC_WM_037,train
E_S_WWC_WM_038,train
E_S_WWC_WM_039,train
E_S_WWC_WM_040,train
E_S_WWC_WM_041,val
E_S_WWC_WM_043,train
E_S_WWC_WM_044,train
E_S_WWC_WM_045,test
E_S_WWC_WM_046,train
E_S_WWC_WM_047,train
E_S_WWC_WM_048,train
E_S_WWC_WM_049,train
E_S_WWC_WM_050,val
E_S_WWC_WM_051,test
E_S_WWC_WM_052,train
E_S_WWC_WM_053,val
E_S_WWC_WM_054,val
E_S_WWC_WM_055,train
E_S_WWC_WM_056,train
E_S_WWC_WM_057,train
E_S_WWC_WM_058,train
E_S_WWC_WM_059,val
E_S_WWC_WM_061,val
E_S_WWC_WM_062,train
E_S_WWC_WM_063,train
E_S_WWC_WM_064,train
E_S_WWC_WM_065,train
E_S_WWC_WM_066,train
E_S_WWC_WM_067,val
E_S_WWC_WM_068,test
E_S_WWC_WM_069,train
E_S_WWC_WM_070,train
E_S_WWC_WM_071,train
E_S_WWC_WM_072,train
E_S_WWC_WM_073,train
E_S_WWC_WM_074,train
E_S_WWC_WM_075,train
E_S_WWC_WM_076,train
E_S_WWC_WM_077,train
E_S_WWC_WM_078,val
E_S_WWC_WM_079,test
E_S_WWC_WM_080,train
E_S_WWC_WM_081,test
E_S_WWC_WM_082,train
E_S_WWC_WM_083,train
E_S_WWC_WM_084,train
E_S_WWC_WM_085,train
E_S_WWC_WM_086,train
E_S_WWC_WM_087,train
E_S_WWC_WM_088,train
E_S_WWC_WM_089,train
E_S_WWC_WM_090,train
E_S_WWC_WM_091,train
E_S_WWC_WM_093,train
E_S_WWC_WM_094,val
E_S_WWC_WM_095,train
E_S_WWC_WM_096,train
E_S_WWC_WM_098,train
E_S_WWC_WM_099,train
E_S_WWC_WM_100,train
E_S_WWC_WM_101,train
E_S_WWC_WM_102,train
E_S_WWC_WM_103,train
E_S_WWC_WM_104,train
E_S_WWC_WM_105,train
E_S_WWC_WM_106,train
E_S_WWC_WM_107,test
E_S_WWC_WM_108,train
E_S_WWC_WM_109,train
E_S_WWC_WM_110,train
E_S_WWC_WM_112,train
E_S_WWC_WM_113,train
E_S_WWC_WM_114,train
E_S_WWC_WM_115,train
E_S_WWC_WM_116,train
E_S_WWC_WM_117,train
E_S_WWC_WM_118,test
E_S_WWC_WM_119,train
E_S_WWC_WM_120,train
E_S_WWC_WM_121,train
E_S_WWC_WM_123,train
E_S_WWC_WM_124,train
E_S_WWC_WM_125,train
E_S_WWC_WM_126,train
E_S_WWC_WM_127,val
E_S_WWC_WM_128,train
E_S_WWC_WM_129,train
E_S_WWC_WM_130,train
E_S_WWC_WM_131,train
E_S_WWC_WM_132,train
E_S_WWC_WM_133,train
E_S_WWC_WM_134,train
E_S_WWC_WM_135,train
E_S_WWC_WM_136,train
E_S_WWC_WM_137,val
E_S_WWC_WM_139,train
E_S_WWC_WM_140,val
E_S_WWC_WM_141,train
E_S_WWC_WM_142,train
E_S_WWC_WM_143,train
E_S_WWC_WM_144,test
E_S_WWC_WM_145,train
E_S_WWC_WM_146,train
E_S_WWC_WM_147,train
E_S_WWC_WM_149,train
E_S_WWC_WM_150,test
E_S_WWC_WM_151,train
E_S_WWC_WM_152,test
E_S_WWC_WM_153,train
E_S_WWC_WM_154,train
E_S_WWC_WM_155,train
E_S_WWC_WM_156,val
E_S_WWC_WM_157,train
E_S_WWC_WM_158,train
E_S_WWC_WM_159,train
E_S_WWC_WM_160,val
E_S_WWC_WM_161,train
E_S_WWC_WM_162,val
E_S_WWC_WM_163,train
E_S_WWC_WM_164,train
E_S_WWC_WM_165,train
E_S_WWC_WM_166,train
E_S_WWC_WM_167,train
E_S_WWC_WM_168,train
E_S_WWC_WM_169,train
E_S_WWC_WM_170,train
E_S_WWC_WM_172,test
E_S_WWC_WM_173,train
E_S_WWC_WM_174,train
E_S_WWC_WM_175,train
E_S_WWC_WM_176,train
E_S_WWC_WM_177,train
E_S_WWC_WM_178,train
E_S_WWC_WM_179,train
E_S_WWC_WM_180,val
E_S_WWC_WM_181,train
E_S_WWC_WM_182,train
E_S_WWC_WM_183,train
E_S_WWC_WM_185,train
E_S_WWC_WM_186,train
E_S_WWC_WM_187,val
E_S_WWC_WM_188,val
E_S_WWC_WM_189,train
E_S_WWC_WM_190,train
E_S_WWC_WM_191,train
E_S_WWC_WM_192,train
E_S_WWC_WM_193,test
E_S_WWC_WM_194,train
E_S_WWC_WM_195,test
E_S_WWC_WM_196,train
E_S_WWC_WM_197,val
E_S_WWC_WM_198,train
E_S_WWC_WM_199,train
E_S_WWC_WM_200,train
E_S_WWC_WM_201,train
E_S_WWC_WM_202,train
E_S_WWC_WM_203,train
E_S_WWC_WM_204,train
E_S_WWC_WM_205,train
E_S_WWC_WM_206,train
E_S_WWC_WM_207,train
E_S_WWC_WM_208,train
E_S_WWC_WM_209,test
E_S_WWC_WM_210,train
E_S_WWC_WM_211,train
E_S_WWC_WM_212,train
E_S_WWC_WM_213,train
E_S_WWC_WM_214,train
E_S_WWC_WM_215,train
E_S_WWC_WM_216,train
E_S_WWC_WM_217,train
E_S_WWC_WM_218,train
E_S_WWC_WM_219,train
E_S_WWC_WM_220,val
E_S_WWC_WM_221,train
E_S_WWC_WM_222,train
E_S_WWC_WM_223,train
E_S_WWC_WM_224,test
E_S_WWC_WM_225,train
E_S_WWC_WM_226,train
E_S_WWC_WM_227,val
E_S_WWC_WM_228,train
E_S_WWC_WM_229,train
E_S_WWC_WM_230,train
E_S_WWC_WM_231,train
E_S_WWC_WM_232,train
E_S_WWC_WM_233,train
E_S_WWC_WM_234,train
E_S_WWC_WM_235,train
E_S_WWC_WM_236,train
E_S_WWC_WM_237,train
E_S_WWC_WM_238,train
E_S_WWC_WM_239,train
E_S_WWC_WM_240,train
E_S_WWC_WM_241,test
E_S_WWC_WM_242,train
E_S_WWC_WM_243,train
E_S_WWC_WM_244,val
E_S_WWC_WM_245,val
E_S_WWC_WM_246,train
E_S_WWC_WM_248,train
E_S_WWC_WM_249,train
E_S_WWC_WM_250,train
E_S_WWC_WM_251,train
E_S_WWC_WM_252,train
E_S_WWC_WM_253,train
E_S_WWC_WM_255,train
E_S_WWC_WM_256,train
E_S_WWC_WM_257,train
E_S_WWC_WM_258,test
E_S_WWC_WM_260,val
E_S_WWC_WM_261,train
E_S_WWC_WM_262,train
E_S_WWC_WM_263,train
E_S_WWC_WM_265,train
E_S_WWC_WM_266,train
E_S_WWC_WM_267,train
E_S_WWC_WM_268,train
E_S_WWC_WM_270,train
E_S_WWC_WM_271,train
E_S_WWC_WM_272,train
E_S_WWC_WM_273,train
E_S_WWC_WM_274,train
E_S_WWC_WM_275,train
E_S_WWC_WM_276,train
E_S_WWC_WM_277,train
E_S_WWC_WM_278,train
E_S_WWC_WM_279,train
E_S_WWC_WM_280,test
E_S_WWC_WM_282,train
E_S_WWC_WM_283,val
E_S_WWC_WM_284,val
E_S_WWC_WM_285,train
E_S_WWC_WM_286,train
E_S_WWC_WM_287,val
E_S_WWC_WM_288,train
E_S_WWC_WM_289,train
E_S_WWC_WM_290,train
E_S_WWC_WM_291,train
E_S_WWC_WM_292,test
E_S_WWC_WM_293,train
E_S_WWC_WM_294,train
E_S_WWC_WM_295,train
E_S_WWC_WM_296,train
E_S_WWC_WM_297,train
E_S_WWC_WM_298,train
E_S_WWC_WM_299,train
E_S_WWC_WM_301,train
E_S_WWC_WM_302,train
E_S_WWC_WM_303,train
E_S_WWC_WM_304,train
E_S_WWC_WM_305,train
E_S_WWC_WM_306,train
E_S_WWC_WM_307,train
E_S_WWC_WM_308,train
E_S_WWC_WM_309,train
E_S_WWC_WM_310,train
E_S_WWC_WM_311,test
E_S_WWC_WM_312,train
E_S_WWC_WM_313,train
E_S_WWC_WM_314,train
E_S_WWC_WM_315,train
E_S_WWC_WM_316,train
E_S_WWC_WM_317,train
E_S_WWC_WM_318,train
E_S_WWC_WM_319,train
E_S_WWC_WM_322,test
E_S_WWC_WM_323,train
E_S_WWC_WM_324,train
E_S_WWC_WM_325,train
E_S_WWC_WM_326,test
E_S_WWC_WM_327,train
E_S_WWC_WM_328,train
E_S_WWC_WM_329,train
E_S_WWC_WM_330,train
E_S_WWC_WM_331,train
E_S_WWC_WM_332,train
E_S_WWC_WM_333,train
E_S_WWC_WM_334,train
E_S_WWC_WM_335,test
E_S_WWC_WM_336,train
E_S_WWC_WM_337,val
E_S_WWC_WM_339,train
E_S_WWC_WM_340,test
E_S_WWC_WM_341,test
E_S_WWC_WM_342,train
E_S_WWC_WM_343,train
E_S_WWC_WM_344,train
E_S_WWC_WM_345,train
E_S_WWC_WM_346,train
E_S_WWC_WM_347,train
E_S_WWC_WM_348,train
E_S_WWC_WM_349,train
E_S_WWC_WM_350,train
E_S_WWC_WM_351,train
E_S_WWC_WM_352,train
E_S_WWC_WM_353,train
E_S_WWC_WM_354,train
E_S_WWC_WM_355,train
E_S_WWC_WM_356,val
E_S_WWC_WM_357,test
E_S_WWC_WM_358,val
E_S_WWC_WM_359,train
E_S_WWC_WM_360,train
E_S_WWC_WM_361,val
E_S_WWC_WM_362,train
E_S_WWC_WM_363,train
E_S_WWC_WM_364,test
E_S_WWC_WM_365,train
E_S_WWC_WM_366,train
E_S_WWC_WM_367,train
E_S_WWC_WM_368,train
E_S_WWC_WM_369,train
E_S_WWC_WM_370,train
E_S_WWC_WM_371,train
E_S_WWC_WM_372,train
E_S_WWC_WM_373,train
E_S_WWC_WM_374,train
E_S_WWC_WM_375,train
E_S_WWC_WM_376,test
E_S_WWC_WM_377,train
E_S_WWC_WM_378,train
E_S_WWC_WM_379,train
E_S_WWC_WM_380,train
E_S_WWC_WM_381,train
E_S_WWC_WM_382,train
E_S_WWC_WM_383,train
E_S_WWC_WM_384,val
E_S_WWC_WM_385,train
E_S_WWC_WM_387,train
E_S_WWC_WM_388,train
E_S_WWC_WM_389,train
E_S_WWC_WM_390,train
E_S_WWC_WM_391,train
E_S_WWC_WM_392,test
E_S_WWC_WM_393,val
E_S_WWC_WM_394,train
E_S_WWC_WM_395,train
E_S_WWC_WM_396,train
E_S_WWC_WM_397,val
E_S_WWC_WM_398,train
E_S_WWC_WM_399,train
E_S_WWC_WM_400,train
E_S_WWC_WM_401,train
E_S_WWC_WM_402,train
E_S_WWC_WM_403,train
E_S_WWC_WM_404,train
E_S_WWC_WM_405,test
E_S_WWC_WM_406,test
E_S_WWC_WM_407,train
E_S_WWC_WM_408,test
E_S_WWC_WM_409,test
E_S_WWC_WM_410,train
E_S_WWC_WM_411,train
E_S_WWC_WM_412,test
E_S_WWC_WM_413,train
E_S_WWC_WM_414,train
E_S_WWC_WM_415,test
E_S_WWC_WM_416,train
E_S_WWC_WM_417,train
E_S_WWC_WM_418,train
E_S_WWC_WM_419,test
E_S_WWC_WM_420,train
E_S_WWC_WM_421,train
E_S_WWC_WM_422,train
E_S_WWC_WM_423,train
E_S_WWC_WM_424,train
E_S_WWC_WM_425,train
E_S_WWC_WM_426,train
E_S_WWC_WM_427,train
E_S_WWC_WM_428,train
E_S_WWC_WM_429,train
E_S_WWC_WM_431,train
E_S_WWC_WM_432,train
E_S_WWC_WM_433,train
E_S_WWC_WM_434,train
E_S_WWC_WM_435,train
E_S_WWC_WM_436,train
E_S_WWC_WM_437,train
E_S_WWC_WM_438,val
E_S_WWC_WM_439,train
E_S_WWC_WM_440,train
E_S_WWC_WM_441,train
E_S_WWC_WM_442,train
E_S_WWC_WM_443,train
E_S_WWC_WM_444,train
E_S_WWC_WM_445,train
E_S_WWC_WM_446,train
E_S_WWC_WM_447,train
E_S_WWC_WM_448,train
E_S_WWC_WM_449,train
E_S_WWC_WM_450,train
E_S_WWC_WM_451,train
E_S_WWC_WM_452,val
E_S_WWC_WM_453,train
E_S_WWC_WM_454,train
E_S_WWC_WM_455,train
E_S_WWC_WM_456,train
E_S_WWC_WM_457,train
E_S_WWC_WM_458,train
E_S_WWC_WM_459,train
E_S_WWC_WM_460,test
E_S_WWC_WM_461,train
E_S_WWC_WM_462,train
E_S_WWC_WM_463,test
E_S_WWC_WM_464,train
E_S_WWC_WM_465,train
E_S_WWC_WM_466,test
E_S_WWC_WM_467,train
E_S_WWC_WM_468,test
E_S_WWC_WM_469,train
E_S_WWC_WM_470,train
E_S_WWC_WM_471,train
E_S_WWC_WM_472,train
E_S_WWC_WM_473,train
E_S_WWC_WM_474,test
E_S_WWC_WM_475,train
E_S_WWC_WM_476,train
E_S_WWC_WM_477,train
E_S_WWC_WM_478,val
E_S_WWC_WM_479,train
E_S_WWC_WM_480,train
E_S_WWC_WM_481,train
E_S_WWC_WM_483,train
E_S_WWC_WM_484,train
E_S_WWC_WM_485,train
E_S_WWC_WM_486,val
E_S_WWC_WM_487,test
E_S_WWC_WM_488,train
E_S_WWC_WM_490,train
E_S_WWC_WM_492,train
E_S_WWC_WM_493,val
E_S_WWC_WM_494,train
E_S_WWC_WM_495,train
E_S_WWC_WM_496,train
E_S_WWC_WM_497,train
E_S_WWC_WM_498,train
E_S_WWC_WM_500,test
E_S_WWC_WM_501,train
E_S_WWC_WM_502,train
E_S_WWC_WM_503,test
E_S_WWC_WM_504,train
E_S_WWC_WM_505,train
E_S_WWC_WM_506,train
E_S_WWC_WM_507,train
E_S_WWC_WM_508,train
E_S_WWC_WM_509,train
E_S_WWC_WM_510,train
E_S_WWC_WM_511,train
E_S_WWC_WM_512,train
E_S_WWC_WM_513,train
E_S_WWC_WM_514,train
E_S_WWC_WM_515,train
E_S_WWC_WM_516,val
E_S_WWC_WM_517,train
E_S_WWC_WM_518,train
E_S_WWC_WM_520,train
E_S_WWC_WM_521,train
E_S_WWC_WM_522,train
E_S_WWC_WM_523,train
E_S_WWC_WM_524,train
E_S_WWC_WM_525,train
E_S_WWC_WM_526,train
E_S_WWC_WM_528,train
E_S_WWC_WM_529,train
E_S_WWC_WM_530,train
E_S_WWC_WM_531,train
E_S_WWC_WM_532,train
E_S_WWC_WM_533,train
E_S_WWC_WM_534,train
E_S_WWC_WM_535,train
E_S_WWC_WM_536,train
E_S_WWC_WM_537,train
E_S_WWC_WM_539,train
E_S_WWC_WM_540,train
E_S_WWC_WM_541,test
E_S_WWC_WM_542,train
E_S_WWC_WM_543,test
E_S_WWC_WM_544,train
E_S_WWC_WM_545,train
E_S_WWC_WM_546,train
E_S_WWC_WM_547,test
E_S_WWC_WM_548,train
E_S_WWC_WM_549,train
E_S_WWC_WM_550,train
E_S_WWC_WM_551,train
E_S_WWC_WM_552,test
E_S_WWC_WM_553,train
E_S_WWC_WM_554,train
E_S_WWC_WM_555,val
E_S_WWC_WM_556,test
E_S_WWC_WM_558,train
E_S_WWC_WM_559,train
E_S_WWC_WM_560,train
E_S_WWC_WM_561,train
E_S_WWC_WM_562,test
E_S_WWC_WM_563,train
E_S_WWC_WM_564,train
E_S_WWC_WM_565,train
E_S_WWC_WM_566,val
E_S_WWC_WM_569,train
E_S_WWC_WM_570,train
E_S_WWC_WM_571,train
E_S_WWC_WM_572,val
E_S_WWC_WM_573,train
E_S_WWC_WM_574,train
E_S_WWC_WM_575,train
E_S_WWC_WM_576,train
E_S_WWC_WM_577,train
E_S_WWC_WM_578,train
E_S_WWC_WM_579,train
E_S_WWC_WM_580,train
E_S_WWC_WM_581,train
E_S_WWC_WM_582,train
E_S_WWC_WM_583,train
E_S_WWC_WM_585,train
E_S_WWC_WM_586,train
E_S_WWC_WM_587,train
E_S_WWC_WM_588,test
E_S_WWC_WM_589,train
E_S_WWC_WM_590,train
E_S_WWC_WM_591,train
E_S_WWC_WM_592,train
E_S_WWC_WM_593,train
E_S_WWC_WM_594,train
E_S_WWC_WM_595,train
E_S_WWC_WM_596,train
E_S_WWC_WM_597,train
E_S_WWC_WM_598,train
E_S_WWC_WM_599,train
E_S_WWC_WM_600,train
E_S_WWC_WM_601,train
E_S_WWC_WM_602,val
E_S_WWC_WM_603,val
E_S_WWC_WM_604,train
E_S_WWC_WM_605,train
E_S_WWC_WM_606,train
E_S_WWC_WM_607,train
E_S_WWC_WM_608,train
E_S_WWC_WM_609,train
E_S_WWC_WM_610,train
E_S_WWC_WM_611,train
E_S_WWC_WM_614,val
E_S_WWC_WM_615,train
E_S_WWC_WM_616,train
E_S_WWC_WM_617,train
E_S_WWC_WM_618,train
E_S_WWC_WM_620,train
E_S_WWC_WM_621,train
E_S_WWC_WM_622,val
E_S_WWC_WM_623,train
E_S_WWC_WM_624,train
E_S_WWC_WM_625,train
E_S_WWC_WM_628,test
E_S_WWC_WM_629,train
E_S_WWC_WM_631,train
E_S_WWC_WM_632,train
E_S_WWC_WM_633,val
E_S_WWC_WM_634,train
E_S_WWC_WM_635,train
E_S_WWC_WM_636,train
E_S_WWC_WM_637,train
E_S_WWC_WM_638,val
E_S_WWC_WM_639,train
E_S_WWC_WM_641,test
E_S_WWC_WM_643,train
E_S_WWC_WM_644,test
E_S_WWC_WM_645,train
E_S_WWC_WM_646,train
E_S_WWC_WM_647,train
E_S_WWC_WM_648,val
E_S_WWC_WM_649,train
E_S_WWC_WM_651,val
E_S_WWC_WM_652,train
E_S_WWC_WM_653,train
E_S_WWC_WM_654,train
E_S_WWC_WM_655,train
E_S_WWC_WM_656,train
E_S_WWC_WM_657,train
E_S_WWC_WM_658,train
E_S_WWC_WM_659,train
E_S_WWC_WM_660,train
E_S_WWC_WM_661,train
E_S_WWC_WM_662,train
E_S_WWC_WM_663,train
E_S_WWC_WM_664,train
E_S_WWC_WM_665,train
E_S_WWC_WM_666,train
E_S_WWC_WM_667,train
E_S_WWC_WM_668,train
E_S_WWC_WM_669,test
E_S_WWC_WM_670,train
E_S_WWC_WM_671,train
E_S_WWC_WM_672,train
E_S_WWC_WM_673,train
E_S_WWC_WM_674,val
E_S_WWC_WM_675,train
E_S_WWC_WM_676,train
E_S_WWC_WM_678,train
E_S_WWC_WM_679,train
E_S_WWC_WM_680,val
E_S_WWC_WM_681,train
E_S_WWC_WM_682,train
E_S_WWC_WM_683,train
E_S_WWC_WM_684,train
E_S_WWC_WM_685,train
E_S_WWC_WM_686,val
E_S_WWC_WM_687,test
E_S_WWC_WM_688,train
E_S_WWC_WM_689,train
E_S_WWC_WM_690,train
E_S_WWC_WM_691,train
E_S_WWC_WM_693,train
E_S_WWC_WM_694,train
E_S_WWC_WM_695,train
E_S_WWC_WM_696,test
E_S_WWC_WM_697,train
E_S_WWC_WM_698,train
E_S_WWC_WM_699,train
E_S_WWC_WM_700,train
E_S_WW_WM_001,train
E_S_WW_WM_002,train
E_S_WW_WM_003,train
E_S_WW_WM_004,train
E_S_WW_WM_005,test
E_S_WW_WM_006,train
E_S_WW_WM_007,train
E_S_WW_WM_008,train
E_S_WW_WM_009,train
E_S_WW_WM_010,train
E_S_WW_WM_011,train
E_S_WW_WM_012,train
E_S_WW_WM_013,train
E_S_WW_WM_014,train
E_S_WW_WM_015,train
E_S_WW_WM_018,train
E_S_WW_WM_019,train
E_S_WW_WM_020,train
E_S_WW_WM_021,val
E_S_WW_WM_022,train
E_S_WW_WM_023,train
E_S_WW_WM_024,train
E_S_WW_WM_025,train
E_S_WW_WM_026,val
E_S_WW_WM_027,train
E_S_WW_WM_028,train
E_S_WW_WM_029,train
E_S_WW_WM_030,train
E_S_WW_WM_031,train
E_S_WW_WM_032,train
E_S_WW_WM_033,train
E_S_WW_WM_034,train
E_S_WW_WM_035,val
E_S_WW_WM_036,train
E_S_WW_WM_037,val
E_S_WW_WM_038,train
E_S_WW_WM_039,train
E_S_WW_WM_041,train
E_S_WW_WM_042,train
E_S_WW_WM_043,train
E_S_WW_WM_044,train
E_S_WW_WM_045,train
E_S_WW_WM_046,train
E_S_WW_WM_047,train
E_S_WW_WM_048,train
E_S_WW_WM_049,train
E_S_WW_WM_050,train
E_S_WW_WM_052,train
E_S_WW_WM_053,train
E_S_WW_WM_054,train
E_S_WW_WM_055,train
E_S_WW_WM_056,train
E_S_WW_WM_057,train
E_S_WW_WM_058,train
E_S_WW_WM_059,train
E_S_WW_WM_060,train
E_S_WW_WM_061,val
E_S_WW_WM_062,test
E_S_WW_WM_063,train
E_S_WW_WM_064,train
E_S_WW_WM_065,test
E_S_WW_WM_066,val
E_S_WW_WM_067,train
E_S_WW_WM_068,train
E_S_WW_WM_070,test
E_S_WW_WM_071,train
E_S_WW_WM_072,train
E_S_WW_WM_073,train
E_S_WW_WM_074,train
E_S_WW_WM_075,train
E_S_WW_WM_076,train
E_S_WW_WM_077,val
E_S_WW_WM_078,train
E_S_WW_WM_079,train
E_S_WW_WM_081,train
E_S_WW_WM_082,train
E_S_WW_WM_083,train
E_S_WW_WM_084,train
E_S_WW_WM_085,train
E_S_WW_WM_086,train
E_S_WW_WM_087,val
E_S_WW_WM_088,train
E_S_WW_WM_089,train
E_S_WW_WM_090,train
E_S_WW_WM_091,test
E_S_WW_WM_092,train
E_S_WW_WM_093,train
E_S_WW_WM_094,train
E_S_WW_WM_095,train
E_S_WW_WM_096,train
E_S_WW_WM_097,train
E_S_WW_WM_098,train
E_S_WW_WM_099,train
E_S_WW_WM_100,train
E_S_WW_WM_101,train
E_S_WW_WM_102,train
E_S_WW_WM_103,train
E_S_WW_WM_104,train
E_S_WW_WM_105,train
E_S_WW_WM_106,train
E_S_WW_WM_107,train
E_S_WW_WM_108,train
E_S_WW_WM_109,train
E_S_WW_WM_110,test
E_S_WW_WM_111,test
E_S_WW_WM_112,train
E_S_WW_WM_113,train
E_S_WW_WM_114,train
E_S_WW_WM_115,train
E_S_WW_WM_116,train
E_S_WW_WM_117,train
E_S_WW_WM_118,train
E_S_WW_WM_119,train
E_S_WW_WM_120,train
E_S_WW_WM_121,train
E_S_WW_WM_122,train
E_S_WW_WM_123,train
E_S_WW_WM_124,train
E_S_WW_WM_125,train
E_S_WW_WM_126,train
E_S_WW_WM_127,train
E_S_WW_WM_128,train
E_S_WW_WM_129,train
E_S_WW_WM_131,train
E_S_WW_WM_132,val
E_S_WW_WM_133,train
E_S_WW_WM_134,train
E_S_WW_WM_135,val
E_S_WW_WM_136,train
E_S_WW_WM_137,train
E_S_WW_WM_138,train
E_S_WW_WM_139,train
E_S_WW_WM_140,train
E_S_WW_WM_141,train
E_S_WW_WM_142,train
E_S_WW_WM_143,val
E_S_WW_WM_144,test
E_S_WW_WM_146,train
E_S_WW_WM_147,train
E_S_WW_WM_148,train
E_S_WW_WM_149,train
E_S_WW_WM_150,test
E_S_WW_WM_152,train
E_S_WW_WM_153,train
E_S_WW_WM_154,train
E_S_WW_WM_155,val
E_S_WW_WM_156,train
E_S_WW_WM_157,train
E_S_WW_WM_158,train
E_S_WW_WM_159,train
E_S_WW_WM_160,test
E_S_WW_WM_161,train
E_S_WW_WM_162,train
E_S_WW_WM_163,train
E_S_WW_WM_164,test
E_S_WW_WM_165,train
E_S_WW_WM_166,test
E_S_WW_WM_167,train
E_S_WW_WM_168,train
E_S_WW_WM_170,train
E_S_WW_WM_174,train
E_S_WW_WM_175,train
E_S_WW_WM_176,train
E_S_WW_WM_177,train
E_S_WW_WM_178,train
E_S_WW_WM_179,val
E_S_WW_WM_180,train
E_S_WW_WM_181,train
E_S_WW_WM_182,train
E_S_WW_WM_183,train
E_S_WW_WM_184,train
E_S_WW_WM_185,train
E_S_WW_WM_186,train
E_S_WW_WM_187,train
E_S_WW_WM_188,train
E_S_WW_WM_189,val
E_S_WW_WM_190,train
E_S_WW_WM_191,train
E_S_WW_WM_192,train
E_S_WW_WM_193,train
E_S_WW_WM_194,train
E_S_WW_WM_195,test
E_S_WW_WM_196,train
E_S_WW_WM_197,train
E_S_WW_WM_198,train
E_S_WW_WM_199,train
E_S_WW_WM_200,test
E_S_WW_WM_201,train
E_S_WW_WM_202,train
E_S_WW_WM_203,train
E_S_WW_WM_204,val
E_S_WW_WM_205,test
E_S_WW_WM_206,train
E_S_WW_WM_207,train
E_S_WW_WM_208,train
E_S_WW_WM_209,train
E_S_WW_WM_210,train
E_S_WW_WM_211,train
E_S_WW_WM_212,train
E_S_WW_WM_213,train
E_S_WW_WM_214,test
E_S_WW_WM_215,val
E_S_WW_WM_216,train
E_S_WW_WM_217,test
E_S_WW_WM_218,val
E_S_WW_WM_219,train
E_S_WW_WM_221,train
E_S_WW_WM_222,train
E_S_WW_WM_223,train
E_S_WW_WM_224,train
E_S_WW_WM_225,train
E_S_WW_WM_226,train
E_S_WW_WM_227,train
E_S_WW_WM_228,train
E_S_WW_WM_229,train
E_S_WW_WM_230,train
E_S_WW_WM_231,test
E_S_WW_WM_232,train
E_S_WW_WM_233,train
E_S_WW_WM_234,train
E_S_WW_WM_235,test
E_S_WW_WM_236,train
E_S_WW_WM_237,train
E_S_WW_WM_238,train
E_S_WW_WM_239,train
E_S_WW_WM_240,train
E_S_WW_WM_241,train
E_S_WW_WM_242,val
E_S_WW_WM_243,train
E_S_WW_WM_244,train
E_S_WW_WM_245,train
E_S_WW_WM_246,train
E_S_WW_WM_247,train
E_S_WW_WM_249,train
E_S_WW_WM_251,train
E_S_WW_WM_252,val
E_S_WW_WM_253,train
E_S_WW_WM_254,train
E_S_WW_WM_256,train
E_S_WW_WM_257,train
E_S_WW_WM_258,val
E_S_WW_WM_259,train
E_S_WW_WM_260,train
E_S_WW_WM_261,train
E_S_WW_WM_262,val
E_S_WW_WM_263,train
E_S_WW_WM_264,train
E_S_WW_WM_265,train
E_S_WW_WM_266,train
E_S_WW_WM_267,train
E_S_WW_WM_268,train
E_S_WW_WM_269,train
E_S_WW_WM_270,train
E_S_WW_WM_271,train
E_S_WW_WM_272,train
E_S_WW_WM_273,val
E_S_WW_WM_274,train
E_S_WW_WM_275,train
E_S_WW_WM_276,test
E_S_WW_WM_277,train
E_S_WW_WM_278,val
E_S_WW_WM_279,train
E_S_WW_WM_280,train
E_S_WW_WM_281,train
E_S_WW_WM_282,test
E_S_WW_WM_284,train
E_S_WW_WM_285,train
E_S_WW_WM_286,train
E_S_WW_WM_287,train
E_S_WW_WM_288,train
E_S_WW_WM_289,train
E_S_WW_WM_290,train
E_S_WW_WM_291,train
E_S_WW_WM_292,train
E_S_WW_WM_293,val
E_S_WW_WM_294,train
E_S_WW_WM_295,train
E_S_WW_WM_296,train
E_S_WW_WM_297,train
E_S_WW_WM_298,train
E_S_WW_WM_299,train
E_S_WW_WM_300,train
E_S_WW_WM_301,test
E_S_WW_WM_302,val
E_S_WW_WM_303,test
E_S_WW_WM_304,train
E_S_WW_WM_305,train
E_S_WW_WM_306,test
E_S_WW_WM_308,test
E_S_WW_WM_309,train
E_S_WW_WM_310,train
E_S_WW_WM_311,val
E_S_WW_WM_312,train
E_S_WW_WM_313,test
E_S_WW_WM_314,test
E_S_WW_WM_315,train
E_S_WW_WM_316,val
E_S_WW_WM_317,train
E_S_WW_WM_318,test
E_S_WW_WM_322,test
E_S_WW_WM_323,train
E_S_WW_WM_324,val
E_S_WW_WM_325,train
E_S_WW_WM_326,test
E_S_WW_WM_327,train
E_S_WW_WM_328,train
E_S_WW_WM_329,train
E_S_WW_WM_331,train
E_S_WW_WM_332,train
E_S_WW_WM_333,train
E_S_WW_WM_334,train
E_S_WW_WM_335,train
E_S_WW_WM_336,train
E_S_WW_WM_337,train
E_S_WW_WM_338,train
E_S_WW_WM_339,train
E_S_WW_WM_340,train
E_S_WW_WM_341,test
E_S_WW_WM_342,train
E_S_WW_WM_343,train
E_S_WW_WM_345,train
E_S_WW_WM_346,val
E_S_WW_WM_347,train
E_S_WW_WM_348,train
E_S_WW_WM_349,val
E_S_WW_WM_350,val
E_S_WW_WM_351,train
E_S_WW_WM_352,train
E_S_WW_WM_353,train
E_S_WW_WM_354,train
E_S_WW_WM_355,train
E_S_WW_WM_356,val
E_S_WW_WM_357,train
E_S_WW_WM_358,train
E_S_WW_WM_359,train
E_S_WW_WM_360,test
E_S_WW_WM_361,train
E_S_WW_WM_362,train
E_S_WW_WM_363,train
E_S_WW_WM_364,train
E_S_WW_WM_365,train
E_S_WW_WM_366,train
E_S_WW_WM_367,train
E_S_WW_WM_368,train
E_S_WW_WM_370,train
E_S_WW_WM_371,val
E_S_WW_WM_372,train
E_S_WW_WM_373,train
E_S_WW_WM_374,train
E_S_WW_WM_375,train
E_S_WW_WM_376,train
E_S_WW_WM_377,train
E_S_WW_WM_378,val
E_S_WW_WM_379,train
E_S_WW_WM_380,train
E_S_WW_WM_381,train
E_S_WW_WM_382,train
E_S_WW_WM_383,train
E_S_WW_WM_384,train
E_S_WW_WM_385,test
E_S_WW_WM_386,train
E_S_WW_WM_387,train
E_S_WW_WM_388,train
E_S_WW_WM_389,train
E_S_WW_WM_390,train
E_S_WW_WM_391,val
E_S_WW_WM_392,train
E_S_WW_WM_393,train
E_S_WW_WM_394,train
E_S_WW_WM_395,train
E_S_WW_WM_396,train
E_S_WW_WM_397,train
E_S_WW_WM_398,train
E_S_WW_WM_399,train
E_S_WW_WM_400,test
E_S_WW_WM_401,train
E_S_WW_WM_402,val
E_S_WW_WM_403,train
E_S_WW_WM_404,train
E_S_WW_WM_405,train
E_S_WW_WM_407,train
E_S_WW_WM_408,train
E_S_WW_WM_409,train
E_S_WW_WM_410,train
E_S_WW_WM_411,train
E_S_WW_WM_412,train
E_S_WW_WM_413,train
E_S_WW_WM_414,train
E_S_WW_WM_415,train
E_S_WW_WM_416,train
E_S_WW_WM_417,test
E_S_WW_WM_418,val
E_S_WW_WM_419,train
E_S_WW_WM_420,train
E_S_WW_WM_421,train
E_S_WW_WM_422,train
E_S_WW_WM_423,train
E_S_WW_WM_424,train
E_S_WW_WM_425,train
E_S_WW_WM_426,val
E_S_WW_WM_427,train
E_S_WW_WM_428,val
E_S_WW_WM_429,val
E_S_WW_WM_430,train
E_S_WW_WM_431,train
E_S_WW_WM_432,train
E_S_WW_WM_433,train
E_S_WW_WM_434,train
E_S_WW_WM_435,train
E_S_WW_WM_436,train
E_S_WW_WM_437,train
E_S_WW_WM_438,test
E_S_WW_WM_439,train
E_S_WW_WM_441,test
E_S_WW_WM_442,train
E_S_WW_WM_443,train
E_S_WW_WM_444,train
E_S_WW_WM_445,train
E_S_WW_WM_446,train
E_S_WW_WM_447,test
E_S_WW_WM_448,train
E_S_WW_WM_449,val
E_S_WW_WM_450,train
E_S_WW_WM_451,test
E_S_WW_WM_452,train
E_S_WW_WM_453,train
E_S_WW_WM_454,val
E_S_WW_WM_455,train
E_S_WW_WM_456,val
E_S_WW_WM_457,train
E_S_WW_WM_458,train
E_S_WW_WM_459,train
E_S_WW_WM_460,train
E_S_WW_WM_461,train
E_S_WW_WM_463,test
E_S_WW_WM_464,train
E_S_WW_WM_465,train
E_S_WW_WM_467,train
E_S_WW_WM_468,train
E_S_WW_WM_469,train
E_S_WW_WM_471,train
E_S_WW_WM_472,test
E_S_WW_WM_473,train
E_S_WW_WM_474,train
E_S_WW_WM_475,train
E_S_WW_WM_476,train
E_S_WW_WM_477,train
E_S_WW_WM_478,train
E_S_WW_WM_479,train
E_S_WW_WM_480,train
E_S_WW_WM_481,train
E_S_WW_WM_482,train
E_S_WW_WM_483,val
E_S_WW_WM_484,test
E_S_WW_WM_485,train
E_S_WW_WM_486,train
E_S_WW_WM_487,train
E_S_WW_WM_488,train
E_S_WW_WM_489,train
E_S_WW_WM_490,train
E_S_WW_WM_491,train
E_S_WW_WM_492,train
E_S_WW_WM_493,test
E_S_WW_WM_494,train
E_S_WW_WM_495,train
E_S_WW_WM_496,train
E_S_WW_WM_497,test
E_S_WW_WM_498,train
E_S_WW_WM_499,train
E_S_WW_WM_500,train
E_S_WW_WM_501,test
E_S_WW_WM_502,train
E_S_WW_WM_503,train
E_S_WW_WM_504,val
E_S_WW_WM_505,val
E_S_WW_WM_506,train
E_S_WW_WM_507,train
E_S_WW_WM_508,val
E_S_WW_WM_509,train
E_S_WW_WM_510,test
E_S_WW_WM_511,train
E_S_WW_WM_512,train
E_S_WW_WM_513,train
E_S_WW_WM_514,train
E_S_WW_WM_515,train
E_S_WW_WM_516,train
E_S_WW_WM_518,train
E_S_WW_WM_519,train
E_S_WW_WM_520,train
E_S_WW_WM_521,train
E_S_WW_WM_522,train
E_S_WW_WM_523,test
E_S_WW_WM_524,train
E_S_WW_WM_525,test
E_S_WW_WM_526,train
E_S_WW_WM_527,val
E_S_WW_WM_528,train
E_S_WW_WM_529,train
E_S_WW_WM_530,train
E_S_WW_WM_533,train
E_S_WW_WM_534,train
E_S_WW_WM_535,val
E_S_WW_WM_536,val
E_S_WW_WM_537,train
E_S_WW_WM_538,train
E_S_WW_WM_539,train
E_S_WW_WM_540,train
E_S_WW_WM_541,train
E_S_WW_WM_542,train
E_S_WW_WM_543,train
E_S_WW_WM_544,train
E_S_WW_WM_545,train
E_S_WW_WM_546,val
E_S_WW_WM_547,train
E_S_WW_WM_548,val
E_S_WW_WM_549,val
E_S_WW_WM_550,train
E_S_WW_WM_551,train
E_S_WW_WM_552,train
E_S_WW_WM_553,train
E_S_WW_WM_554,train
E_S_WW_WM_555,train
E_S_WW_WM_556,train
E_S_WW_WM_557,train
E_S_WW_WM_558,train
E_S_WW_WM_559,val
E_S_WW_WM_560,train
E_S_WW_WM_561,train
E_S_WW_WM_562,train
E_S_WW_WM_563,train
E_S_WW_WM_564,train
E_S_WW_WM_565,train
E_S_WW_WM_566,train
E_S_WW_WM_567,test
E_S_WW_WM_568,train
E_S_WW_WM_569,train
E_S_WW_WM_571,val
E_S_WW_WM_572,train
E_S_WW_WM_573,train
E_S_WW_WM_574,train
E_S_WW_WM_576,train
E_S_WW_WM_578,train
E_S_WW_WM_579,train
E_S_WW_WM_580,test
E_S_WW_WM_581,test
E_S_WW_WM_582,val
E_S_WW_WM_583,val
E_S_WW_WM_584,train
E_S_WW_WM_585,test
E_S_WW_WM_586,train
E_S_WW_WM_587,train
E_S_WW_WM_588,train
E_S_WW_WM_589,train
E_S_WW_WM_590,train
E_S_WW_WM_591,test
E_S_WW_WM_592,train
E_S_WW_WM_593,train
E_S_WW_WM_594,train
E_S_WW_WM_595,train
E_S_WW_WM_596,train
E_S_WW_WM_597,train
E_S_WW_WM_598,train
E_S_WW_WM_600,train
E_S_WW_WM_601,train
E_S_WW_WM_602,train
E_S_WW_WM_603,val
E_S_WW_WM_604,train
E_S_WW_WM_605,train
E_S_WW_WM_606,train
E_S_WW_WM_607,train
E_S_WW_WM_608,train
E_S_WW_WM_609,train
E_S_WW_WM_610,train
E_S_WW_WM_611,val
E_S_WW_WM_612,train
E_S_WW_WM_613,train
E_S_WW_WM_615,train
E_S_WW_WM_616,train
E_S_WW_WM_617,test
E_S_WW_WM_618,test
E_S_WW_WM_619,train
E_S_WW_WM_620,train
E_S_WW_WM_621,train
E_S_WW_WM_622,train
E_S_WW_WM_623,train
E_S_WW_WM_624,val
E_S_WW_WM_625,train
E_S_WW_WM_626,train
E_S_WW_WM_627,val
E_S_WW_WM_628,train
E_S_WW_WM_629,train
E_S_WW_WM_630,test
E_S_WW_WM_631,test
E_S_WW_WM_632,train
E_S_WW_WM_633,train
E_S_WW_WM_634,train
E_S_WW_WM_635,train
E_S_WW_WM_636,train
E_S_WW_WM_637,train
E_S_WW_WM_638,train
E_S_WW_WM_639,train
E_S_WW_WM_640,train
E_S_WW_WM_641,train
E_S_WW_WM_642,train
E_S_WW_WM_643,train
E_S_WW_WM_644,train
E_S_WW_WM_645,test
E_S_WW_WM_646,train
E_S_WW_WM_647,train
E_S_WW_WM_648,train
E_S_WW_WM_649,test
E_S_WW_WM_650,train
E_S_WW_WM_651,train
E_S_WW_WM_652,train
E_S_WW_WM_653,train
E_S_WW_WM_654,train
E_S_WW_WM_655,test
E_S_WW_WM_656,train
E_S_WW_WM_657,train
E_S_WW_WM_658,val
E_S_WW_WM_659,train
E_S_WW_WM_660,train
E_S_WW_WM_661,val
E_S_WW_WM_662,train
E_S_WW_WM_663,train
E_S_WW_WM_664,train
E_S_WW_WM_665,train
E_S_WW_WM_666,train
E_S_WW_WM_667,val
E_S_WW_WM_668,train
E_S_WW_WM_669,train
E_S_WW_WM_670,train
E_S_WW_WM_671,train
E_S_WW_WM_672,train
E_S_WW_WM_673,train
E_S_WW_WM_674,train
E_S_WW_WM_675,val
E_S_WW_WM_676,train
E_S_WW_WM_677,train
E_S_WW_WM_678,train
E_S_WW_WM_679,train
E_S_WW_WM_680,train
E_S_WW_WM_681,train
E_S_WW_WM_682,train
E_S_WW_WM_683,test
E_S_WW_WM_684,train
E_S_WW_WM_685,train
E_S_WW_WM_686,val
E_S_WW_WM_687,train
E_S_WW_WM_688,train
E_S_WW_WM_689,train
E_S_WW_WM_690,train
E_S_WW_WM_691,train
E_S_WW_WM_692,train
E_S_WW_WM_693,train
E_S_WW_WM_694,train
E_S_WW_WM_695,test
E_S_WW_WM_697,train
E_S_WW_WM_698,train
E_S_WW_WM_699,train
E_S_WW_WM_700,train
F_S_WWC_WM_001,train
F_S_WWC_WM_002,train
F_S_WWC_WM_003,test
F_S_WWC_WM_004,train
F_S_WWC_WM_005,train
F_S_WWC_WM_006,train
F_S_WWC_WM_007,train
F_S_WWC_WM_008,train
F_S_WWC_WM_009,train
F_S_WWC_WM_010,train
F_S_WWC_WM_011,train
F_S_WWC_WM_012,train
F_S_WWC_WM_013,test
F_S_WWC_WM_014,train
F_S_WWC_WM_015,train
F_S_WWC_WM_016,val
F_S_WWC_WM_017,train
F_S_WWC_WM_018,train
F_S_WWC_WM_019,train
F_S_WWC_WM_020,train
F_S_WWC_WM_021,train
F_S_WWC_WM_022,train
F_S_WWC_WM_023,train
F_S_WWC_WM_024,train
F_S_WWC_WM_025,train
F_S_WWC_WM_026,train
F_S_WWC_WM_027,train
F_S_WWC_WM_028,val
F_S_WWC_WM_029,train
F_S_WWC_WM_031,train
F_S_WWC_WM_032,train
F_S_WWC_WM_033,train
F_S_WWC_WM_034,val
F_S_WWC_WM_035,train
F_S_WWC_WM_036,train
F_S_WWC_WM_037,train
F_S_WWC_WM_038,train
F_S_WWC_WM_039,train
F_S_WWC_WM_040,train
F_S_WWC_WM_041,val
F_S_WWC_WM_042,train
F_S_WWC_WM_043,train
F_S_WWC_WM_044,train
F_S_WWC_WM_045,train
F_S_WWC_WM_046,train
F_S_WWC_WM_047,train
F_S_WWC_WM_048,train
F_S_WWC_WM_049,train
F_S_WWC_WM_050,train
F_S_WWC_WM_051,val
F_S_WWC_WM_052,train
F_S_WWC_WM_053,train
F_S_WWC_WM_054,val
F_S_WWC_WM_056,train
F_S_WWC_WM_057,train
F_S_WWC_WM_058,train
F_S_WWC_WM_059,train
F_S_WWC_WM_060,train
F_S_WWC_WM_061,train
F_S_WWC_WM_062,train
F_S_WWC_WM_063,test
F_S_WWC_WM_064,train
F_S_WWC_WM_065,train
F_S_WWC_WM_066,test
F_S_WWC_WM_067,train
F_S_WWC_WM_068,val
F_S_WWC_WM_070,train
F_S_WWC_WM_071,train
F_S_WWC_WM_072,train
F_S_WWC_WM_073,val
F_S_WWC_WM_075,train
F_S_WWC_WM_076,train
F_S_WWC_WM_077,train
F_S_WWC_WM_078,train
F_S_WWC_WM_079,train
F_S_WWC_WM_080,train
F_S_WWC_WM_081,train
F_S_WWC_WM_082,train
F_S_WWC_WM_083,val
F_S_WWC_WM_084,train
F_S_WWC_WM_085,train
F_S_WWC_WM_086,test
F_S_WWC_WM_087,test
F_S_WWC_WM_088,train
F_S_WWC_WM_089,train
F_S_WWC_WM_090,train
F_S_WWC_WM_091,train
F_S_WWC_WM_092,test
F_S_WWC_WM_093,val
F_S_WWC_WM_094,train
F_S_WWC_WM_095,train
F_S_WWC_WM_096,train
F_S_WWC_WM_097,test
F_S_WWC_WM_098,train
F_S_WWC_WM_099,train
F_S_WWC_WM_100,train
F_S_WWC_WM_101,test
F_S_WWC_WM_102,train
F_S_WWC_WM_103,val
F_S_WWC_WM_104,train
F_S_WWC_WM_105,val
F_S_WWC_WM_106,train
F_S_WWC_WM_107,val
F_S_WWC_WM_108,train
F_S_WWC_WM_109,train
F_S_WWC_WM_110,train
F_S_WWC_WM_111,train
F_S_WWC_WM_112,train
F_S_WWC_WM_113,train
F_S_WWC_WM_114,train
F_S_WWC_WM_115,train
F_S_WWC_WM_116,train
F_S_WWC_WM_117,train
F_S_WWC_WM_118,train
F_S_WWC_WM_119,train
F_S_WWC_WM_120,train
F_S_WWC_WM_121,train
F_S_WWC_WM_122,train
F_S_WWC_WM_123,train
F_S_WWC_WM_124,train
F_S_WWC_WM_125,test
F_S_WWC_WM_126,train
F_S_WWC_WM_127,train
F_S_WWC_WM_129,val
F_S_WWC_WM_130,test
F_S_WWC_WM_131,val
F_S_WWC_WM_132,train
F_S_WWC_WM_133,test
F_S_WWC_WM_134,train
F_S_WWC_WM_135,train
F_S_WWC_WM_136,train
F_S_WWC_WM_137,train
F_S_WWC_WM_138,train
F_S_WWC_WM_139,train
F_S_WWC_WM_140,train
F_S_WWC_WM_141,train
F_S_WWC_WM_142,val
F_S_WWC_WM_143,train
F_S_WWC_WM_144,val
F_S_WWC_WM_145,train
F_S_WWC_WM_146,train
F_S_WWC_WM_147,train
F_S_WWC_WM_148,train
F_S_WWC_WM_149,test
F_S_WWC_WM_150,train
F_S_WWC_WM_151,train
F_S_WWC_WM_152,train
F_S_WWC_WM_153,test
F_S_WWC_WM_154,train
F_S_WWC_WM_155,train
F_S_WWC_WM_156,val
F_S_WWC_WM_157,train
F_S_WWC_WM_158,train
F_S_WWC_WM_159,val
F_S_WWC_WM_160,test
F_S_WWC_WM_161,test
F_S_WWC_WM_162,val
F_S_WWC_WM_163,train
F_S_WWC_WM_164,train
F_S_WWC_WM_165,train
F_S_WWC_WM_166,train
F_S_WWC_WM_167,val
F_S_WWC_WM_168,test
F_S_WWC_WM_169,train
F_S_WWC_WM_170,train
F_S_WWC_WM_171,train
F_S_WWC_WM_172,train
F_S_WWC_WM_173,train
F_S_WWC_WM_174,train
F_S_WWC_WM_175,train
F_S_WWC_WM_176,train
F_S_WWC_WM_177,train
F_S_WWC_WM_178,val
F_S_WWC_WM_179,train
F_S_WWC_WM_180,train
F_S_WWC_WM_181,train
F_S_WWC_WM_182,train
F_S_WWC_WM_183,train
F_S_WWC_WM_184,train
F_S_WWC_WM_185,val
F_S_WWC_WM_186,train
F_S_WWC_WM_187,val
F_S_WWC_WM_188,train
F_S_WWC_WM_189,train
F_S_WWC_WM_190,train
F_S_WWC_WM_191,train
F_S_WWC_WM_192,train
F_S_WWC_WM_193,train
F_S_WWC_WM_194,test
F_S_WWC_WM_195,test
F_S_WWC_WM_196,train
F_S_WWC_WM_197,train
F_S_WWC_WM_198,test
F_S_WWC_WM_199,train
F_S_WWC_WM_200,train
F_S_WWC_WM_201,train
F_S_WWC_WM_202,train
F_S_WWC_WM_203,train
F_S_WWC_WM_206,train
F_S_WWC_WM_207,train
F_S_WWC_WM_208,train
F_S_WWC_WM_209,train
F_S_WWC_WM_210,train
F_S_WWC_WM_211,train
F_S_WWC_WM_212,test
F_S_WWC_WM_213,train
F_S_WWC_WM_214,train
F_S_WWC_WM_215,test
F_S_WWC_WM_216,train
F_S_WWC_WM_217,train
F_S_WWC_WM_218,train
F_S_WWC_WM_219,train
F_S_WWC_WM_220,train
F_S_WWC_WM_221,train
F_S_WWC_WM_222,train
F_S_WWC_WM_223,train
F_S_WWC_WM_224,train
F_S_WWC_WM_225,train
F_S_WWC_WM_226,val
F_S_WWC_WM_227,train
F_S_WWC_WM_228,train
F_S_WWC_WM_230,train
F_S_WWC_WM_231,train
F_S_WWC_WM_232,train
F_S_WWC_WM_233,train
F_S_WWC_WM_234,train
F_S_WWC_WM_236,train
F_S_WWC_WM_237,val
F_S_WWC_WM_239,train
F_S_WWC_WM_240,train
F_S_WWC_WM_241,train
F_S_WWC_WM_242,train
F_S_WWC_WM_243,train
F_S_WWC_WM_244,train
F_S_WWC_WM_245,train
F_S_WWC_WM_246,train
F_S_WWC_WM_247,train
F_S_WWC_WM_248,val
F_S_WWC_WM_249,test
F_S_WWC_WM_250,train
F_S_WWC_WM_251,train
F_S_WWC_WM_252,train
F_S_WWC_WM_253,train
F_S_WWC_WM_254,train
F_S_WWC_WM_255,train
F_S_WWC_WM_256,train
F_S_WWC_WM_257,train
F_S_WWC_WM_258,train
F_S_WWC_WM_259,test
F_S_WWC_WM_260,train
F_S_WWC_WM_261,train
F_S_WWC_WM_262,train
F_S_WWC_WM_263,train
F_S_WWC_WM_265,train
F_S_WWC_WM_266,train
F_S_WWC_WM_267,train
F_S_WWC_WM_268,train
F_S_WWC_WM_269,train
F_S_WWC_WM_270,train
F_S_WWC_WM_271,val
F_S_WWC_WM_272,train
F_S_WWC_WM_274,train
F_S_WWC_WM_275,train
F_S_WWC_WM_276,train
F_S_WWC_WM_277,train
F_S_WWC_WM_278,train
F_S_WWC_WM_279,test
F_S_WWC_WM_280,train
F_S_WWC_WM_281,train
F_S_WWC_WM_282,train
F_S_WWC_WM_285,val
F_S_WWC_WM_286,val
F_S_WWC_WM_287,train
F_S_WWC_WM_288,train
F_S_WWC_WM_289,train
F_S_WWC_WM_290,train
F_S_WWC_WM_291,train
F_S_WWC_WM_292,train
F_S_WWC_WM_293,train
F_S_WWC_WM_294,train
F_S_WWC_WM_295,train
F_S_WWC_WM_296,val
F_S_WWC_WM_297,train
F_S_WWC_WM_298,train
F_S_WWC_WM_299,train
F_S_WWC_WM_300,val
F_S_WWC_WM_301,train
F_S_WWC_WM_302,train
F_S_WWC_WM_303,train
F_S_WWC_WM_304,train
F_S_WWC_WM_305,train
F_S_WWC_WM_306,train
F_S_WWC_WM_307,val
F_S_WWC_WM_308,train
F_S_WWC_WM_309,train
F_S_WWC_WM_310,train
F_S_WWC_WM_312,val
F_S_WWC_WM_313,test
F_S_WWC_WM_314,train
F_S_WWC_WM_315,test
F_S_WWC_WM_316,train
F_S_WWC_WM_317,train
F_S_WWC_WM_318,train
F_S_WWC_WM_319,train
F_S_WWC_WM_320,train
F_S_WWC_WM_321,train
F_S_WWC_WM_322,train
F_S_WWC_WM_323,test
F_S_WWC_WM_324,val
F_S_WWC_WM_325,train
F_S_WWC_WM_326,train
F_S_WWC_WM_327,train
F_S_WWC_WM_328,val
F_S_WWC_WM_329,train
F_S_WWC_WM_330,train
F_S_WWC_WM_331,train
F_S_WWC_WM_332,val
F_S_WWC_WM_333,train
F_S_WWC_WM_334,test
F_S_WWC_WM_335,train
F_S_WWC_WM_336,train
F_S_WWC_WM_337,val
F_S_WWC_WM_338,train
F_S_WWC_WM_339,train
F_S_WWC_WM_340,train
F_S_WWC_WM_341,train
F_S_WWC_WM_342,test
F_S_WWC_WM_343,train
F_S_WWC_WM_345,train
F_S_WWC_WM_346,test
F_S_WWC_WM_347,train
F_S_WWC_WM_348,train
F_S_WWC_WM_349,train
F_S_WWC_WM_350,train
F_S_WWC_WM_351,train
F_S_WWC_WM_352,train
F_S_WWC_WM_353,train
F_S_WWC_WM_354,train
F_S_WWC_WM_355,train
F_S_WWC_WM_356,train
F_S_WWC_WM_357,train
F_S_WWC_WM_358,train
F_S_WWC_WM_359,train
F_S_WWC_WM_360,train
F_S_WWC_WM_361,train
F_S_WWC_WM_362,train
F_S_WWC_WM_363,test
F_S_WWC_WM_364,train
F_S_WWC_WM_365,test
F_S_WWC_WM_366,val
F_S_WWC_WM_367,train
F_S_WWC_WM_368,train
F_S_WWC_WM_369,test
F_S_WWC_WM_370,train
F_S_WWC_WM_371,train
F_S_WWC_WM_372,train
F_S_WWC_WM_373,train
F_S_WWC_WM_374,test
F_S_WWC_WM_375,train
F_S_WWC_WM_377,train
F_S_WWC_WM_378,test
F_S_WWC_WM_379,train
F_S_WWC_WM_380,test
F_S_WWC_WM_381,train
F_S_WWC_WM_382,train
F_S_WWC_WM_383,val
F_S_WWC_WM_384,train
F_S_WWC_WM_385,train
F_S_WWC_WM_386,train
F_S_WWC_WM_387,train
F_S_WWC_WM_388,train
F_S_WWC_WM_389,val
F_S_WWC_WM_390,train
F_S_WWC_WM_391,test
F_S_WWC_WM_392,train
F_S_WWC_WM_393,test
F_S_WWC_WM_394,train
F_S_WWC_WM_395,train
F_S_WWC_WM_396,train
F_S_WWC_WM_397,train
F_S_WWC_WM_399,train
F_S_WWC_WM_400,train
F_S_WWC_WM_401,train
F_S_WWC_WM_402,train
F_S_WWC_WM_403,val
F_S_WWC_WM_404,test
F_S_WWC_WM_405,train
F_S_WWC_WM_406,train
F_S_WWC_WM_407,test
F_S_WWC_WM_408,train
F_S_WWC_WM_409,train
F_S_WWC_WM_410,test
F_S_WWC_WM_411,train
F_S_WWC_WM_412,train
F_S_WWC_WM_413,train
F_S_WWC_WM_414,train
F_S_WWC_WM_415,val
F_S_WWC_WM_416,train
F_S_WWC_WM_417,train
F_S_WWC_WM_418,train
F_S_WWC_WM_419,train
F_S_WWC_WM_420,val
F_S_WWC_WM_421,val
F_S_WWC_WM_422,train
F_S_WWC_WM_423,train
F_S_WWC_WM_424,train
F_S_WWC_WM_425,train
F_S_WWC_WM_426,train
F_S_WWC_WM_427,train
F_S_WWC_WM_428,train
F_S_WWC_WM_429,train
F_S_WWC_WM_430,train
F_S_WWC_WM_431,train
F_S_WWC_WM_432,train
F_S_WWC_WM_433,train
F_S_WWC_WM_434,train
F_S_WWC_WM_435,train
F_S_WWC_WM_436,train
F_S_WWC_WM_437,test
F_S_WWC_WM_438,train
F_S_WWC_WM_439,train
F_S_WWC_WM_440,train
F_S_WWC_WM_441,train
F_S_WWC_WM_442,val
F_S_WWC_WM_443,train
F_S_WWC_WM_444,train
F_S_WWC_WM_445,train
F_S_WWC_WM_446,train
F_S_WWC_WM_447,train
F_S_WWC_WM_448,train
F_S_WWC_WM_449,train
F_S_WWC_WM_450,train
F_S_WWC_WM_451,train
F_S_WWC_WM_452,train
F_S_WWC_WM_453,train
F_S_WWC_WM_454,train
F_S_WWC_WM_455,train
F_S_WWC_WM_456,train
F_S_WWC_WM_457,train
F_S_WWC_WM_458,train
F_S_WWC_WM_459,train
F_S_WWC_WM_460,train
F_S_WWC_WM_461,train
F_S_WWC_WM_462,train
F_S_WWC_WM_464,train
F_S_WWC_WM_465,train
F_S_WWC_WM_466,train
F_S_WWC_WM_467,train
F_S_WWC_WM_468,train
F_S_WWC_WM_469,train
F_S_WWC_WM_470,train
F_S_WWC_WM_471,test
F_S_WWC_WM_472,train
F_S_WWC_WM_473,val
F_S_WWC_WM_474,train
F_S_WWC_WM_475,val
F_S_WWC_WM_476,train
F_S_WWC_WM_477,test
F_S_WWC_WM_478,train
F_S_WWC_WM_479,val
F_S_WWC_WM_480,train
F_S_WWC_WM_481,train
F_S_WWC_WM_482,train
F_S_WWC_WM_483,train
F_S_WWC_WM_484,train
F_S_WWC_WM_485,train
F_S_WWC_WM_486,train
F_S_WWC_WM_488,train
F_S_WWC_WM_489,train
F_S_WWC_WM_490,train
F_S_WWC_WM_491,val
F_S_WWC_WM_492,train
F_S_WWC_WM_493,train
F_S_WWC_WM_494,train
F_S_WWC_WM_495,train
F_S_WWC_WM_496,train
F_S_WWC_WM_497,train
F_S_WWC_WM_498,val
F_S_WWC_WM_499,train
F_S_WWC_WM_500,train
F_S_WWC_WM_501,train
F_S_WWC_WM_503,train
F_S_WWC_WM_504,train
F_S_WWC_WM_505,val
F_S_WWC_WM_506,train
F_S_WWC_WM_507,train
F_S_WWC_WM_508,train
F_S_WWC_WM_509,train
F_S_WWC_WM_510,train
F_S_WWC_WM_511,train
F_S_WWC_WM_512,test
F_S_WWC_WM_513,train
F_S_WWC_WM_514,train
F_S_WWC_WM_515,test
F_S_WWC_WM_516,val
F_S_WWC_WM_517,test
F_S_WWC_WM_519,train
F_S_WWC_WM_520,train
F_S_WWC_WM_521,train
F_S_WWC_WM_522,train
F_S_WWC_WM_523,train
F_S_WWC_WM_524,train
F_S_WWC_WM_525,train
F_S_WWC_WM_526,train
F_S_WWC_WM_527,train
F_S_WWC_WM_528,train
F_S_WWC_WM_529,val
F_S_WWC_WM_530,train
F_S_WWC_WM_531,train
F_S_WWC_WM_532,train
F_S_WWC_WM_533,train
F_S_WWC_WM_534,train
F_S_WWC_WM_535,train
F_S_WWC_WM_536,train
F_S_WWC_WM_537,val
F_S_WWC_WM_538,train
F_S_WWC_WM_539,test
F_S_WWC_WM_540,train
F_S_WWC_WM_541,test
F_S_WWC_WM_542,train
F_S_WWC_WM_543,train
F_S_WWC_WM_544,train
F_S_WWC_WM_545,train
F_S_WWC_WM_546,train
F_S_WWC_WM_547,test
F_S_WWC_WM_548,train
F_S_WWC_WM_549,val
F_S_WWC_WM_550,train
F_S_WWC_WM_551,train
F_S_WWC_WM_552,train
F_S_WWC_WM_553,train
F_S_WWC_WM_554,test
F_S_WWC_WM_555,train
F_S_WWC_WM_556,train
F_S_WWC_WM_557,train
F_S_WWC_WM_558,test
F_S_WWC_WM_559,train
F_S_WWC_WM_560,test
F_S_WWC_WM_561,val
F_S_WWC_WM_562,train
F_S_WWC_WM_563,train
F_S_WWC_WM_565,train
F_S_WWC_WM_566,train
F_S_WWC_WM_567,train
F_S_WWC_WM_568,train
F_S_WWC_WM_569,train
F_S_WWC_WM_570,train
F_S_WWC_WM_571,train
F_S_WWC_WM_572,train
F_S_WWC_WM_573,test
F_S_WWC_WM_574,val
F_S_WWC_WM_575,val
F_S_WWC_WM_576,train
F_S_WWC_WM_577,train
F_S_WWC_WM_578,train
F_S_WWC_WM_580,train
F_S_WWC_WM_581,train
F_S_WWC_WM_582,train
F_S_WWC_WM_583,train
F_S_WWC_WM_584,train
F_S_WWC_WM_585,train
F_S_WWC_WM_586,val
F_S_WWC_WM_587,train
F_S_WWC_WM_588,train
F_S_WWC_WM_589,train
F_S_WWC_WM_590,train
F_S_WWC_WM_591,train
F_S_WWC_WM_592,test
F_S_WWC_WM_593,train
F_S_WWC_WM_594,val
F_S_WWC_WM_595,train
F_S_WWC_WM_596,train
F_S_WWC_WM_597,train
F_S_WWC_WM_598,train
F_S_WWC_WM_599,train
F_S_WWC_WM_600,train
F_S_WWC_WM_601,test
F_S_WWC_WM_602,train
F_S_WWC_WM_603,train
F_S_WWC_WM_604,train
F_S_WWC_WM_605,train
F_S_WWC_WM_608,train
F_S_WWC_WM_609,train
F_S_WWC_WM_610,val
F_S_WWC_WM_611,val
F_S_WWC_WM_612,train
F_S_WWC_WM_613,train
F_S_WWC_WM_614,train
F_S_WWC_WM_615,train
F_S_WWC_WM_616,val
F_S_WWC_WM_617,train
F_S_WWC_WM_618,train
F_S_WWC_WM_619,train
F_S_WWC_WM_620,val
F_S_WWC_WM_621,train
F_S_WWC_WM_622,train
F_S_WWC_WM_623,train
F_S_WWC_WM_624,train
F_S_WWC_WM_625,train
F_S_WWC_WM_626,test
F_S_WWC_WM_627,train
F_S_WWC_WM_628,test
F_S_WWC_WM_629,train
F_S_WWC_WM_630,train
F_S_WWC_WM_632,train
F_S_WWC_WM_633,train
F_S_WWC_WM_634,train
F_S_WWC_WM_635,val
F_S_WWC_WM_636,train
F_S_WWC_WM_637,train
F_S_WWC_WM_638,train
F_S_WWC_WM_639,train
F_S_WWC_WM_640,train
F_S_WWC_WM_641,test
F_S_WWC_WM_642,train
F_S_WWC_WM_643,train
F_S_WWC_WM_644,train
F_S_WWC_WM_645,train
F_S_WWC_WM_646,val
F_S_WWC_WM_648,train
F_S_WWC_WM_649,train
F_S_WWC_WM_650,train
F_S_WWC_WM_651,train
F_S_WWC_WM_652,train
F_S_WWC_WM_653,test
F_S_WWC_WM_656,train
F_S_WWC_WM_657,train
F_S_WWC_WM_658,train
F_S_WWC_WM_659,train
F_S_WWC_WM_660,train
F_S_WWC_WM_661,train
F_S_WWC_WM_662,train
F_S_WWC_WM_663,train
F_S_WWC_WM_664,train
F_S_WWC_WM_665,val
F_S_WWC_WM_667,train
F_S_WWC_WM_668,train
F_S_WWC_WM_669,val
F_S_WWC_WM_670,train
F_S_WWC_WM_671,train
F_S_WWC_WM_672,train
F_S_WWC_WM_673,train
F_S_WWC_WM_674,val
F_S_WWC_WM_675,train
F_S_WWC_WM_676,test
F_S_WWC_WM_677,test
F_S_WWC_WM_678,train
F_S_WWC_WM_679,train
F_S_WWC_WM_680,train
F_S_WWC_WM_681,train
F_S_WWC_WM_682,train
F_S_WWC_WM_683,train
F_S_WWC_WM_684,test
F_S_WWC_WM_685,train
F_S_WWC_WM_686,test
F_S_WWC_WM_687,train
F_S_WWC_WM_688,train
F_S_WWC_WM_689,train
F_S_WWC_WM_690,train
F_S_WWC_WM_691,train
F_S_WWC_WM_692,test
F_S_WWC_WM_693,train
F_S_WWC_WM_694,test
F_S_WWC_WM_695,val
F_S_WWC_WM_696,train
F_S_WWC_WM_697,test
F_S_WWC_WM_698,val
F_S_WWC_WM_699,train
F_S_WWC_WM_700,train
F_S_WWS_WM_001,train
F_S_WWS_WM_002,train
F_S_WWS_WM_003,train
F_S_WWS_WM_004,train
F_S_WWS_WM_005,train
F_S_WWS_WM_006,train
F_S_WWS_WM_007,train
F_S_WWS_WM_009,train
F_S_WWS_WM_010,train
F_S_WWS_WM_011,train
F_S_WWS_WM_012,test
F_S_WWS_WM_013,test
F_S_WWS_WM_014,train
F_S_WWS_WM_015,train
F_S_WWS_WM_016,val
F_S_WWS_WM_018,train
F_S_WWS_WM_019,train
F_S_WWS_WM_020,test
F_S_WWS_WM_021,train
F_S_WWS_WM_022,val
F_S_WWS_WM_023,train
F_S_WWS_WM_024,train
F_S_WWS_WM_025,train
F_S_WWS_WM_026,train
F_S_WWS_WM_027,train
F_S_WWS_WM_028,train
F_S_WWS_WM_029,test
F_S_WWS_WM_030,train
F_S_WWS_WM_031,train
F_S_WWS_WM_033,train
F_S_WWS_WM_034,train
F_S_WWS_WM_035,train
F_S_WWS_WM_036,train
F_S_WWS_WM_037,train
F_S_WWS_WM_038,train
F_S_WWS_WM_039,train
F_S_WWS_WM_040,train
F_S_WWS_WM_042,test
F_S_WWS_WM_043,train
F_S_WWS_WM_044,train
F_S_WWS_WM_045,train
F_S_WWS_WM_046,train
F_S_WWS_WM_047,train
F_S_WWS_WM_048,train
F_S_WWS_WM_049,train
F_S_WWS_WM_050,train
F_S_WWS_WM_051,train
F_S_WWS_WM_053,train
F_S_WWS_WM_054,train
F_S_WWS_WM_055,train
F_S_WWS_WM_056,train
F_S_WWS_WM_057,train
F_S_WWS_WM_058,train
F_S_WWS_WM_059,train
F_S_WWS_WM_062,train
F_S_WWS_WM_063,train
F_S_WWS_WM_064,train
F_S_WWS_WM_065,val
F_S_WWS_WM_066,train
F_S_WWS_WM_067,test
F_S_WWS_WM_068,val
F_S_WWS_WM_069,train
F_S_WWS_WM_070,train
F_S_WWS_WM_071,train
F_S_WWS_WM_072,val
F_S_WWS_WM_073,train
F_S_WWS_WM_075,train
F_S_WWS_WM_076,train
F_S_WWS_WM_077,train
F_S_WWS_WM_078,train
F_S_WWS_WM_079,train
F_S_WWS_WM_080,train
F_S_WWS_WM_081,train
F_S_WWS_WM_082,train
F_S_WWS_WM_083,train
F_S_WWS_WM_084,val
F_S_WWS_WM_085,train
F_S_WWS_WM_086,train
F_S_WWS_WM_087,train
F_S_WWS_WM_089,train
F_S_WWS_WM_090,train
F_S_WWS_WM_091,train
F_S_WWS_WM_093,train
F_S_WWS_WM_094,train
F_S_WWS_WM_095,train
F_S_WWS_WM_096,train
F_S_WWS_WM_097,test
F_S_WWS_WM_098,train
F_S_WWS_WM_099,train
F_S_WWS_WM_100,train
F_S_WWS_WM_101,train
F_S_WWS_WM_102,train
F_S_WWS_WM_103,train
F_S_WWS_WM_104,val
F_S_WWS_WM_105,train
F_S_WWS_WM_106,train
F_S_WWS_WM_107,train
F_S_WWS_WM_108,train
F_S_WWS_WM_109,train
F_S_WWS_WM_110,train
F_S_WWS_WM_111,train
F_S_WWS_WM_112,train
F_S_WWS_WM_113,train
F_S_WWS_WM_114,train
F_S_WWS_WM_115,train
F_S_WWS_WM_116,train
F_S_WWS_WM_117,train
F_S_WWS_WM_118,train
F_S_WWS_WM_119,train
F_S_WWS_WM_120,train
F_S_WWS_WM_121,train
F_S_WWS_WM_122,train
F_S_WWS_WM_123,train
F_S_WWS_WM_125,train
F_S_WWS_WM_126,train
F_S_WWS_WM_127,train
F_S_WWS_WM_128,train
F_S_WWS_WM_129,train
F_S_WWS_WM_130,train
F_S_WWS_WM_131,train
F_S_WWS_WM_132,val
F_S_WWS_WM_133,train
F_S_WWS_WM_134,train
F_S_WWS_WM_135,train
F_S_WWS_WM_136,val
F_S_WWS_WM_137,train
F_S_WWS_WM_138,train
F_S_WWS_WM_139,train
F_S_WWS_WM_140,train
F_S_WWS_WM_141,train
F_S_WWS_WM_142,train
F_S_WWS_WM_143,test
F_S_WWS_WM_144,train
F_S_WWS_WM_145,train
F_S_WWS_WM_146,train
F_S_WWS_WM_147,train
F_S_WWS_WM_148,train
F_S_WWS_WM_149,val
F_S_WWS_WM_150,val
F_S_WWS_WM_151,train
F_S_WWS_WM_152,test
F_S_WWS_WM_153,train
F_S_WWS_WM_154,train
F_S_WWS_WM_155,train
F_S_WWS_WM_156,train
F_S_WWS_WM_157,train
F_S_WWS_WM_158,train
F_S_WWS_WM_159,train
F_S_WWS_WM_160,train
F_S_WWS_WM_161,train
F_S_WWS_WM_162,train
F_S_WWS_WM_163,train
F_S_WWS_WM_164,train
F_S_WWS_WM_165,train
F_S_WWS_WM_166,train
F_S_WWS_WM_167,train
F_S_WWS_WM_169,train
F_S_WWS_WM_170,train
F_S_WWS_WM_171,val
F_S_WWS_WM_172,train
F_S_WWS_WM_173,train
F_S_WWS_WM_174,train
F_S_WWS_WM_175,train
F_S_WWS_WM_177,train
F_S_WWS_WM_179,train
F_S_WWS_WM_180,train
F_S_WWS_WM_181,train
F_S_WWS_WM_182,val
F_S_WWS_WM_183,train
F_S_WWS_WM_184,train
F_S_WWS_WM_186,train
F_S_WWS_WM_187,val
F_S_WWS_WM_188,train
F_S_WWS_WM_189,train
F_S_WWS_WM_191,train
F_S_WWS_WM_192,train
F_S_WWS_WM_193,train
F_S_WWS_WM_194,train
F_S_WWS_WM_195,test
F_S_WWS_WM_197,train
F_S_WWS_WM_198,train
F_S_WWS_WM_199,train
F_S_WWS_WM_200,train
F_S_WWS_WM_201,train
F_S_WWS_WM_202,train
F_S_WWS_WM_203,val
F_S_WWS_WM_204,train
F_S_WWS_WM_205,train
F_S_WWS_WM_206,train
F_S_WWS_WM_207,train
F_S_WWS_WM_208,val
F_S_WWS_WM_209,test
F_S_WWS_WM_211,train
F_S_WWS_WM_212,train
F_S_WWS_WM_213,train
F_S_WWS_WM_214,train
F_S_WWS_WM_215,train
F_S_WWS_WM_216,train
F_S_WWS_WM_217,train
F_S_WWS_WM_218,train
F_S_WWS_WM_219,train
F_S_WWS_WM_220,train
F_S_WWS_WM_221,train
F_S_WWS_WM_222,train
F_S_WWS_WM_223,train
F_S_WWS_WM_224,train
F_S_WWS_WM_225,train
F_S_WWS_WM_226,train
F_S_WWS_WM_227,train
F_S_WWS_WM_228,train
F_S_WWS_WM_229,train
F_S_WWS_WM_230,train
F_S_WWS_WM_232,train
F_S_WWS_WM_233,train
F_S_WWS_WM_234,test
F_S_WWS_WM_235,train
F_S_WWS_WM_236,train
F_S_WWS_WM_237,test
F_S_WWS_WM_238,train
F_S_WWS_WM_239,train
F_S_WWS_WM_240,val
F_S_WWS_WM_241,train
F_S_WWS_WM_242,train
F_S_WWS_WM_243,val
F_S_WWS_WM_244,train
F_S_WWS_WM_245,train
F_S_WWS_WM_246,train
F_S_WWS_WM_247,train
F_S_WWS_WM_248,train
F_S_WWS_WM_249,train
F_S_WWS_WM_250,train
F_S_WWS_WM_251,train
F_S_WWS_WM_252,train
F_S_WWS_WM_253,train
F_S_WWS_WM_255,train
F_S_WWS_WM_256,train
F_S_WWS_WM_257,train
F_S_WWS_WM_258,train
F_S_WWS_WM_259,val
F_S_WWS_WM_260,train
F_S_WWS_WM_261,train
F_S_WWS_WM_262,val
F_S_WWS_WM_263,val
F_S_WWS_WM_264,train
F_S_WWS_WM_266,train
F_S_WWS_WM_267,train
F_S_WWS_WM_268,train
F_S_WWS_WM_269,train
F_S_WWS_WM_270,train
F_S_WWS_WM_271,train
F_S_WWS_WM_272,train
F_S_WWS_WM_273,train
F_S_WWS_WM_274,val
F_S_WWS_WM_275,train
F_S_WWS_WM_276,train
F_S_WWS_WM_277,train
F_S_WWS_WM_278,train
F_S_WWS_WM_279,train
F_S_WWS_WM_280,train
F_S_WWS_WM_281,train
F_S_WWS_WM_282,train
F_S_WWS_WM_283,train
F_S_WWS_WM_284,val
F_S_WWS_WM_285,val
F_S_WWS_WM_286,test
F_S_WWS_WM_287,train
F_S_WWS_WM_288,train
F_S_WWS_WM_289,val
F_S_WWS_WM_290,train
F_S_WWS_WM_291,train
F_S_WWS_WM_292,train
F_S_WWS_WM_293,train
F_S_WWS_WM_294,train
F_S_WWS_WM_295,train
F_S_WWS_WM_296,train
F_S_WWS_WM_297,train
F_S_WWS_WM_298,train
F_S_WWS_WM_299,train
F_S_WWS_WM_300,train
F_S_WWS_WM_301,train
F_S_WWS_WM_302,val
F_S_WWS_WM_304,train
F_S_WWS_WM_305,train
F_S_WWS_WM_306,train
F_S_WWS_WM_307,train
F_S_WWS_WM_308,train
F_S_WWS_WM_309,train
F_S_WWS_WM_310,train
F_S_WWS_WM_311,train
F_S_WWS_WM_312,train
F_S_WWS_WM_313,train
F_S_WWS_WM_314,train
F_S_WWS_WM_315,val
F_S_WWS_WM_316,test
F_S_WWS_WM_317,train
F_S_WWS_WM_318,train
F_S_WWS_WM_319,train
F_S_WWS_WM_320,train
F_S_WWS_WM_321,train
F_S_WWS_WM_322,train
F_S_WWS_WM_323,train
F_S_WWS_WM_325,train
F_S_WWS_WM_327,train
F_S_WWS_WM_328,train
F_S_WWS_WM_329,test
F_S_WWS_WM_330,train
F_S_WWS_WM_331,test
F_S_WWS_WM_332,train
F_S_WWS_WM_333,train
F_S_WWS_WM_334,train
F_S_WWS_WM_335,val
F_S_WWS_WM_336,train
F_S_WWS_WM_337,train
F_S_WWS_WM_338,train
F_S_WWS_WM_339,train
F_S_WWS_WM_340,train
F_S_WWS_WM_341,train
F_S_WWS_WM_342,train
F_S_WWS_WM_343,train
F_S_WWS_WM_345,train
F_S_WWS_WM_346,train
F_S_WWS_WM_347,train
F_S_WWS_WM_348,train
F_S_WWS_WM_349,train
F_S_WWS_WM_350,val
F_S_WWS_WM_351,val
F_S_WWS_WM_352,train
F_S_WWS_WM_353,test
F_S_WWS_WM_354,train
F_S_WWS_WM_355,train
F_S_WWS_WM_356,val
F_S_WWS_WM_357,train
F_S_WWS_WM_358,train
F_S_WWS_WM_359,test
F_S_WWS_WM_360,train
F_S_WWS_WM_361,train
F_S_WWS_WM_362,train
F_S_WWS_WM_363,val
F_S_WWS_WM_364,test
F_S_WWS_WM_365,train
F_S_WWS_WM_366,train
F_S_WWS_WM_367,train
F_S_WWS_WM_368,train
F_S_WWS_WM_370,train
F_S_WWS_WM_371,val
F_S_WWS_WM_372,test
F_S_WWS_WM_373,train
F_S_WWS_WM_375,train
F_S_WWS_WM_376,train
F_S_WWS_WM_377,train
F_S_WWS_WM_378,train
F_S_WWS_WM_379,train
F_S_WWS_WM_380,train
F_S_WWS_WM_381,train
F_S_WWS_WM_382,train
F_S_WWS_WM_383,train
F_S_WWS_WM_384,train
F_S_WWS_WM_385,train
F_S_WWS_WM_386,train
F_S_WWS_WM_387,test
F_S_WWS_WM_388,train
F_S_WWS_WM_389,train
F_S_WWS_WM_390,train
F_S_WWS_WM_391,train
F_S_WWS_WM_392,train
F_S_WWS_WM_393,train
F_S_WWS_WM_394,test
F_S_WWS_WM_395,train
F_S_WWS_WM_396,test
F_S_WWS_WM_397,train
F_S_WWS_WM_398,train
F_S_WWS_WM_399,train
F_S_WWS_WM_400,train
F_S_WWS_WM_401,train
F_S_WWS_WM_402,train
F_S_WWS_WM_403,train
F_S_WWS_WM_404,test
F_S_WWS_WM_405,train
F_S_WWS_WM_406,train
F_S_WWS_WM_407,val
F_S_WWS_WM_408,train
F_S_WWS_WM_409,test
F_S_WWS_WM_410,train
F_S_WWS_WM_411,train
F_S_WWS_WM_412,train
F_S_WWS_WM_413,train
F_S_WWS_WM_414,train
F_S_WWS_WM_415,train
F_S_WWS_WM_416,val
F_S_WWS_WM_417,train
F_S_WWS_WM_418,test
F_S_WWS_WM_419,train
F_S_WWS_WM_420,train
F_S_WWS_WM_421,train
F_S_WWS_WM_422,test
F_S_WWS_WM_423,train
F_S_WWS_WM_424,train
F_S_WWS_WM_425,train
F_S_WWS_WM_426,train
F_S_WWS_WM_427,train
F_S_WWS_WM_428,train
F_S_WWS_WM_429,train
F_S_WWS_WM_430,train
F_S_WWS_WM_431,train
F_S_WWS_WM_432,train
F_S_WWS_WM_433,train
F_S_WWS_WM_434,train
F_S_WWS_WM_435,train
F_S_WWS_WM_436,train
F_S_WWS_WM_437,train
F_S_WWS_WM_438,train
F_S_WWS_WM_439,train
F_S_WWS_WM_440,train
F_S_WWS_WM_441,train
F_S_WWS_WM_442,test
F_S_WWS_WM_443,test
F_S_WWS_WM_444,train
F_S_WWS_WM_445,val
F_S_WWS_WM_446,val
F_S_WWS_WM_447,val
F_S_WWS_WM_448,train
F_S_WWS_WM_449,train
F_S_WWS_WM_450,train
F_S_WWS_WM_451,test
F_S_WWS_WM_452,train
F_S_WWS_WM_453,train
F_S_WWS_WM_454,train
F_S_WWS_WM_455,train
F_S_WWS_WM_456,train
F_S_WWS_WM_457,train
F_S_WWS_WM_458,train
F_S_WWS_WM_459,train
F_S_WWS_WM_460,train
F_S_WWS_WM_461,train
F_S_WWS_WM_462,val
F_S_WWS_WM_463,train
F_S_WWS_WM_464,train
F_S_WWS_WM_465,train
F_S_WWS_WM_466,train
F_S_WWS_WM_467,test
F_S_WWS_WM_468,train
F_S_WWS_WM_469,train
F_S_WWS_WM_471,train
F_S_WWS_WM_472,train
F_S_WWS_WM_473,val
F_S_WWS_WM_474,train
F_S_WWS_WM_475,train
F_S_WWS_WM_476,train
F_S_WWS_WM_477,train
F_S_WWS_WM_478,train
F_S_WWS_WM_479,train
F_S_WWS_WM_480,train
F_S_WWS_WM_481,val
F_S_WWS_WM_482,train
F_S_WWS_WM_483,train
F_S_WWS_WM_484,train
F_S_WWS_WM_485,train
F_S_WWS_WM_486,train
F_S_WWS_WM_487,test
F_S_WWS_WM_488,train
F_S_WWS_WM_489,train
F_S_WWS_WM_490,train
F_S_WWS_WM_492,train
F_S_WWS_WM_493,train
F_S_WWS_WM_494,test
F_S_WWS_WM_496,test
F_S_WWS_WM_497,train
F_S_WWS_WM_498,test
F_S_WWS_WM_499,train
F_S_WWS_WM_500,test
F_S_WWS_WM_501,train
F_S_WWS_WM_502,train
F_S_WWS_WM_504,test
F_S_WWS_WM_505,train
F_S_WWS_WM_506,train
F_S_WWS_WM_507,train
F_S_WWS_WM_508,train
F_S_WWS_WM_509,train
F_S_WWS_WM_510,test
F_S_WWS_WM_511,train
F_S_WWS_WM_512,train
F_S_WWS_WM_513,val
F_S_WWS_WM_515,train
F_S_WWS_WM_517,train
F_S_WWS_WM_519,train
F_S_WWS_WM_520,test
F_S_WWS_WM_521,train
F_S_WWS_WM_522,train
F_S_WWS_WM_523,train
F_S_WWS_WM_524,train
F_S_WWS_WM_525,val
F_S_WWS_WM_526,train
F_S_WWS_WM_527,train
F_S_WWS_WM_528,train
F_S_WWS_WM_529,train
F_S_WWS_WM_530,train
F_S_WWS_WM_531,train
F_S_WWS_WM_532,train
F_S_WWS_WM_533,test
F_S_WWS_WM_535,val
F_S_WWS_WM_536,val
F_S_WWS_WM_537,train
F_S_WWS_WM_538,train
F_S_WWS_WM_539,val
F_S_WWS_WM_540,train
F_S_WWS_WM_541,train
F_S_WWS_WM_542,train
F_S_WWS_WM_543,train
F_S_WWS_WM_544,train
F_S_WWS_WM_545,train
F_S_WWS_WM_547,val
F_S_WWS_WM_548,train
F_S_WWS_WM_549,train
F_S_WWS_WM_550,train
F_S_WWS_WM_551,test
F_S_WWS_WM_552,train
F_S_WWS_WM_553,test
F_S_WWS_WM_554,test
F_S_WWS_WM_555,train
F_S_WWS_WM_556,val
F_S_WWS_WM_557,train
F_S_WWS_WM_558,train
F_S_WWS_WM_560,train
F_S_WWS_WM_561,test
F_S_WWS_WM_562,train
F_S_WWS_WM_563,test
F_S_WWS_WM_564,train
F_S_WWS_WM_565,train
F_S_WWS_WM_566,test
F_S_WWS_WM_568,train
F_S_WWS_WM_569,train
F_S_WWS_WM_570,train
F_S_WWS_WM_571,train
F_S_WWS_WM_573,train
F_S_WWS_WM_574,train
F_S_WWS_WM_575,test
F_S_WWS_WM_576,train
F_S_WWS_WM_577,train
F_S_WWS_WM_578,train
F_S_WWS_WM_579,train
F_S_WWS_WM_580,train
F_S_WWS_WM_581,test
F_S_WWS_WM_582,train
F_S_WWS_WM_583,train
F_S_WWS_WM_584,train
F_S_WWS_WM_585,train
F_S_WWS_WM_586,train
F_S_WWS_WM_587,train
F_S_WWS_WM_588,train
F_S_WWS_WM_589,train
F_S_WWS_WM_590,train
F_S_WWS_WM_591,train
F_S_WWS_WM_592,train
F_S_WWS_WM_593,train
F_S_WWS_WM_594,train
F_S_WWS_WM_595,train
F_S_WWS_WM_596,train
F_S_WWS_WM_597,train
F_S_WWS_WM_599,train
F_S_WWS_WM_600,train
F_S_WWS_WM_601,train
F_S_WWS_WM_602,train
F_S_WWS_WM_603,test
F_S_WWS_WM_604,train
F_S_WWS_WM_605,train
F_S_WWS_WM_606,train
F_S_WWS_WM_607,train
F_S_WWS_WM_608,val
F_S_WWS_WM_609,train
F_S_WWS_WM_610,test
F_S_WWS_WM_611,test
F_S_WWS_WM_612,train
F_S_WWS_WM_613,val
F_S_WWS_WM_614,train
F_S_WWS_WM_615,test
F_S_WWS_WM_616,train
F_S_WWS_WM_617,train
F_S_WWS_WM_618,train
F_S_WWS_WM_619,train
F_S_WWS_WM_620,train
F_S_WWS_WM_621,train
F_S_WWS_WM_622,test
F_S_WWS_WM_623,train
F_S_WWS_WM_624,train
F_S_WWS_WM_625,train
F_S_WWS_WM_626,train
F_S_WWS_WM_627,train
F_S_WWS_WM_628,train
F_S_WWS_WM_629,train
F_S_WWS_WM_630,train
F_S_WWS_WM_631,train
F_S_WWS_WM_632,val
F_S_WWS_WM_633,train
F_S_WWS_WM_634,val
F_S_WWS_WM_635,train
F_S_WWS_WM_636,train
F_S_WWS_WM_637,train
F_S_WWS_WM_638,val
F_S_WWS_WM_639,train
F_S_WWS_WM_640,train
F_S_WWS_WM_641,train
F_S_WWS_WM_643,val
F_S_WWS_WM_644,train
F_S_WWS_WM_645,test
F_S_WWS_WM_646,train
F_S_WWS_WM_647,train
F_S_WWS_WM_648,val
F_S_WWS_WM_649,val
F_S_WWS_WM_651,train
F_S_WWS_WM_652,val
F_S_WWS_WM_653,train
F_S_WWS_WM_654,train
F_S_WWS_WM_655,train
F_S_WWS_WM_656,test
F_S_WWS_WM_657,train
F_S_WWS_WM_658,val
F_S_WWS_WM_659,train
F_S_WWS_WM_660,train
F_S_WWS_WM_661,val
F_S_WWS_WM_662,train
F_S_WWS_WM_663,train
F_S_WWS_WM_664,test
F_S_WWS_WM_665,train
F_S_WWS_WM_666,train
F_S_WWS_WM_667,train
F_S_WWS_WM_668,train
F_S_WWS_WM_669,train
F_S_WWS_WM_670,train
F_S_WWS_WM_671,train
F_S_WWS_WM_672,test
F_S_WWS_WM_673,train
F_S_WWS_WM_674,train
F_S_WWS_WM_675,train
F_S_WWS_WM_676,test
F_S_WWS_WM_677,train
F_S_WWS_WM_678,train
F_S_WWS_WM_679,train
F_S_WWS_WM_680,train
F_S_WWS_WM_681,train
F_S_WWS_WM_682,train
F_S_WWS_WM_683,train
F_S_WWS_WM_685,train
F_S_WWS_WM_686,train
F_S_WWS_WM_688,train
F_S_WWS_WM_689,test
F_S_WWS_WM_690,train
F_S_WWS_WM_691,train
F_S_WWS_WM_692,train
F_S_WWS_WM_693,train
F_S_WWS_WM_694,train
F_S_WWS_WM_695,train
F_S_WWS_WM_696,val
F_S_WWS_WM_697,train
F_S_WWS_WM_698,train
F_S_WWS_WM_699,test
F_S_WWS_WM_700,val
N_S_WWC_WM_001,val
N_S_WWC_WM_002,train
N_S_WWC_WM_003,train
N_S_WWC_WM_005,train
N_S_WWC_WM_009,train
N_S_WWC_WM_010,train
N_S_WWC_WM_014,train
N_S_WWC_WM_015,train
N_S_WWC_WM_018,val
N_S_WWC_WM_019,train
N_S_WWC_WM_020,test
N_S_WWC_WM_021,test
N_S_WWC_WM_022,train
N_S_WWC_WM_023,val
N_S_WWC_WM_025,train
N_S_WWC_WM_026,train
N_S_WWC_WM_027,train
N_S_WWC_WM_028,train
N_S_WWC_WM_029,val
N_S_WWC_WM_030,test
N_S_WWC_WM_031,train
N_S_WWC_WM_032,train
N_S_WWC_WM_033,train
N_S_WWC_WM_034,train
N_S_WWC_WM_035,train
N_S_WWC_WM_036,test
N_S_WWC_WM_038,train
N_S_WWC_WM_039,train
N_S_WWC_WM_040,train
N_S_WWC_WM_042,train
N_S_WWC_WM_043,train
N_S_WWC_WM_044,train
N_S_WWC_WM_045,test
N_S_WWC_WM_047,train
N_S_WWC_WM_048,train
N_S_WWC_WM_049,test
N_S_WWC_WM_050,train
N_S_WWC_WM_051,train
N_S_WWC_WM_053,train
N_S_WWC_WM_057,train
N_S_WWC_WM_058,train
N_S_WWC_WM_059,val
N_S_WWC_WM_060,train
N_S_WWC_WM_061,train
N_S_WWC_WM_065,train
N_S_WWC_WM_066,train
N_S_WWC_WM_067,val
N_S_WWC_WM_068,train
N_S_WWC_WM_070,train
N_S_WWC_WM_071,val
N_S_WWC_WM_072,train
N_S_WWC_WM_073,train
N_S_WWC_WM_075,train
N_S_WWC_WM_078,val
N_S_WWC_WM_079,test
N_S_WWC_WM_080,train
N_S_WWC_WM_081,train
N_S_WWC_WM_082,train
N_S_WWC_WM_084,train
N_S_WWC_WM_085,train
N_S_WWC_WM_087,train
N_S_WWC_WM_088,train
N_S_WWC_WM_089,train
N_S_WWC_WM_090,train
N_S_WWC_WM_091,val
N_S_WWC_WM_092,train
N_S_WWC_WM_093,train
N_S_WWC_WM_094,train
N_S_WWC_WM_095,train
N_S_WWC_WM_096,test
N_S_WWC_WM_097,train
N_S_WWC_WM_099,train
N_S_WWC_WM_100,train
N_S_WWC_WM_104,train
N_S_WWC_WM_106,val
N_S_WWC_WM_107,test
N_S_WWC_WM_108,train
N_S_WWC_WM_109,train
N_S_WWC_WM_110,train
N_S_WWC_WM_112,train
N_S_WWC_WM_114,train
N_S_WWC_WM_115,test
N_S_WWC_WM_116,train
N_S_WWC_WM_117,train
N_S_WWC_WM_118,train
N_S_WWC_WM_121,test
N_S_WWC_WM_122,test
N_S_WWC_WM_123,train
N_S_WWC_WM_125,train
N_S_WWC_WM_127,train
N_S_WWC_WM_129,train
N_S_WWC_WM_130,train
N_S_WWC_WM_131,train
N_S_WWC_WM_132,train
N_S_WWC_WM_135,train
N_S_WWC_WM_136,val
N_S_WWC_WM_137,train
N_S_WWC_WM_138,test
N_S_WWC_WM_139,test
N_S_WWC_WM_140,train
N_S_WWC_WM_141,val
N_S_WWC_WM_142,test
N_S_WWC_WM_144,train
N_S_WWC_WM_146,train
N_S_WWC_WM_147,train
N_S_WWC_WM_148,train
N_S_WWC_WM_149,train
N_S_WWC_WM_150,train
N_S_WWC_WM_151,train
N_S_WWC_WM_153,train
N_S_WWC_WM_155,train
N_S_WWC_WM_156,train
N_S_WWC_WM_159,val
N_S_WWC_WM_160,train
N_S_WWC_WM_161,train
N_S_WWC_WM_162,train
N_S_WWC_WM_164,train
N_S_WWC_WM_166,train
N_S_WWC_WM_168,val
N_S_WWC_WM_169,train
N_S_WWC_WM_170,train
N_S_WWC_WM_171,train
N_S_WWC_WM_172,train
N_S_WWC_WM_175,train
N_S_WWC_WM_176,train
N_S_WWC_WM_177,train
N_S_WWC_WM_178,train
N_S_WWC_WM_180,val
N_S_WWC_WM_182,train
N_S_WWC_WM_186,train
N_S_WWC_WM_187,train
N_S_WWC_WM_189,train
N_S_WWC_WM_190,train
N_S_WWC_WM_191,train
N_S_WWC_WM_193,test
N_S_WWC_WM_194,train
N_S_WWC_WM_195,train
N_S_WWC_WM_196,val
N_S_WWC_WM_199,train
N_S_WWC_WM_201,train
N_S_WWC_WM_203,val
N_S_WWC_WM_205,train
N_S_WWC_WM_206,train
N_S_WWC_WM_209,train
N_S_WWC_WM_210,train
N_S_WWC_WM_211,train
N_S_WWC_WM_212,train
N_S_WWC_WM_214,train
N_S_WWC_WM_215,train
N_S_WWC_WM_217,train
N_S_WWC_WM_218,val
N_S_WWC_WM_219,train
N_S_WWC_WM_220,train
N_S_WWC_WM_222,test
N_S_WWC_WM_223,train
N_S_WWC_WM_224,train
N_S_WWC_WM_228,train
N_S_WWC_WM_229,train
N_S_WWC_WM_230,train
N_S_WWC_WM_231,train
N_S_WWC_WM_232,train
N_S_WWC_WM_234,train
N_S_WWC_WM_235,train
N_S_WWC_WM_236,val
N_S_WWC_WM_237,train
N_S_WWC_WM_239,train
N_S_WWC_WM_240,train
N_S_WWC_WM_241,train
N_S_WWC_WM_242,val
N_S_WWC_WM_243,val
N_S_WWC_WM_244,train
N_S_WWC_WM_245,train
N_S_WWC_WM_246,train
N_S_WWC_WM_248,train
N_S_WWC_WM_249,val
N_S_WWC_WM_250,train
N_S_WWC_WM_251,train
N_S_WWC_WM_252,train
N_S_WWC_WM_255,train
N_S_WWC_WM_258,train
N_S_WWC_WM_259,train
N_S_WWC_WM_260,val
N_S_WWC_WM_261,train
N_S_WWC_WM_262,train
N_S_WWC_WM_263,train
N_S_WWC_WM_264,test
N_S_WWC_WM_265,train
N_S_WWC_WM_266,train
N_S_WWC_WM_267,test
N_S_WWC_WM_268,train
N_S_WWC_WM_269,train
N_S_WWC_WM_270,val
N_S_WWC_WM_271,train
N_S_WWC_WM_272,train
N_S_WWC_WM_274,test
N_S_WWC_WM_276,test
N_S_WWC_WM_277,test
N_S_WWC_WM_278,train
N_S_WWC_WM_279,train
N_S_WWC_WM_281,train
N_S_WWC_WM_282,test
N_S_WWC_WM_283,train
N_S_WWC_WM_284,train
N_S_WWC_WM_285,train
N_S_WWC_WM_286,train
N_S_WWC_WM_289,train
N_S_WWC_WM_290,train
N_S_WWC_WM_291,train
N_S_WWC_WM_292,train
N_S_WWC_WM_294,train
N_S_WWC_WM_295,train
N_S_WWC_WM_297,train
N_S_WWC_WM_299,train
N_S_WWC_WM_300,train
N_S_WWC_WM_301,train
N_S_WWC_WM_302,val
N_S_WWC_WM_303,train
N_S_WWC_WM_304,train
N_S_WWC_WM_305,train
N_S_WWC_WM_306,train
N_S_WWC_WM_307,train
N_S_WWC_WM_308,train
N_S_WWC_WM_310,train
N_S_WWC_WM_311,train
N_S_WWC_WM_312,test
N_S_WWC_WM_314,train
N_S_WWC_WM_315,train
N_S_WWC_WM_316,train
N_S_WWC_WM_317,test
N_S_WWC_WM_319,train
N_S_WWC_WM_321,train
N_S_WWC_WM_322,train
N_S_WWC_WM_323,train
N_S_WWC_WM_324,test
N_S_WWC_WM_327,train
N_S_WWC_WM_328,train
N_S_WWC_WM_330,train
N_S_WWC_WM_332,train
N_S_WWC_WM_334,test
N_S_WWC_WM_336,train
N_S_WWC_WM_337,train
N_S_WWC_WM_338,train
N_S_WWC_WM_339,train
N_S_WWC_WM_340,train
N_S_WWC_WM_341,train
N_S_WWC_WM_342,train
N_S_WWC_WM_343,train
N_S_WWC_WM_347,train
N_S_WWC_WM_348,train
N_S_WWC_WM_349,train
N_S_WWC_WM_350,train
N_S_WWC_WM_352,train
N_S_WWC_WM_354,train
N_S_WWC_WM_355,train
N_S_WWC_WM_356,train
N_S_WWC_WM_358,train
N_S_WWC_WM_359,train
N_S_WWC_WM_360,train
N_S_WWC_WM_365,train
N_S_WWC_WM_366,train
N_S_WWC_WM_367,train
N_S_WWC_WM_370,train
N_S_WWC_WM_372,train
N_S_WWC_WM_373,test
N_S_WWC_WM_375,train
N_S_WWC_WM_376,train
N_S_WWC_WM_377,train
N_S_WWC_WM_378,train
N_S_WWC_WM_379,train
N_S_WWC_WM_380,train
N_S_WWC_WM_381,test
N_S_WWC_WM_382,train
N_S_WWC_WM_383,train
N_S_WWC_WM_384,train
N_S_WWC_WM_385,train
N_S_WWC_WM_386,train
N_S_WWC_WM_387,train
N_S_WWC_WM_388,train
N_S_WWC_WM_389,test
N_S_WWC_WM_390,test
N_S_WWC_WM_391,train
N_S_WWC_WM_392,train
N_S_WWC_WM_395,test
N_S_WWC_WM_397,train
N_S_WWC_WM_398,train
N_S_WWC_WM_399,train
N_S_WWC_WM_400,train
N_S_WWC_WM_401,train
N_S_WWC_WM_402,val
N_S_WWC_WM_403,train
N_S_WWC_WM_405,train
N_S_WWC_WM_406,train
N_S_WWC_WM_407,train
N_S_WWC_WM_408,train
N_S_WWC_WM_409,val
N_S_WWC_WM_410,train
N_S_WWC_WM_411,train
N_S_WWC_WM_412,train
N_S_WWC_WM_414,train
N_S_WWC_WM_415,train
N_S_WWC_WM_416,train
N_S_WWC_WM_418,train
N_S_WWC_WM_421,train
N_S_WWC_WM_423,train
N_S_WWC_WM_424,train
N_S_WWC_WM_425,train
N_S_WWC_WM_427,train
N_S_WWC_WM_428,train
N_S_WWC_WM_429,train
N_S_WWC_WM_430,train
N_S_WWC_WM_431,train
N_S_WWC_WM_432,train
N_S_WWC_WM_433,test
N_S_WWC_WM_435,val
N_S_WWC_WM_436,train
N_S_WWC_WM_437,train
N_S_WWC_WM_438,train
N_S_WWC_WM_439,train
N_S_WWC_WM_440,train
N_S_WWC_WM_443,train
N_S_WWC_WM_444,train
N_S_WWC_WM_445,val
N_S_WWC_WM_446,train
N_S_WWC_WM_448,test
N_S_WWC_WM_449,train
N_S_WWC_WM_450,train
N_S_WWC_WM_451,train
N_S_WWC_WM_452,train
N_S_WWC_WM_454,train
N_S_WWC_WM_455,val
N_S_WWC_WM_456,test
N_S_WWC_WM_457,train
N_S_WWC_WM_458,train
N_S_WWC_WM_459,train
N_S_WWC_WM_461,train
N_S_WWC_WM_462,val
N_S_WWC_WM_465,train
N_S_WWC_WM_466,train
N_S_WWC_WM_467,test
N_S_WWC_WM_468,train
N_S_WWC_WM_469,val
N_S_WWC_WM_471,train
N_S_WWC_WM_472,test
N_S_WWC_WM_473,train
N_S_WWC_WM_474,val
N_S_WWC_WM_476,train
N_S_WWC_WM_477,train
N_S_WWC_WM_478,val
N_S_WWC_WM_479,train
N_S_WWC_WM_480,train
N_S_WWC_WM_481,train
N_S_WWC_WM_482,train
N_S_WWC_WM_484,train
N_S_WWC_WM_485,train
N_S_WWC_WM_486,val
N_S_WWC_WM_488,val
N_S_WWC_WM_489,val
N_S_WWC_WM_490,train
N_S_WWC_WM_491,train
N_S_WWC_WM_494,val
N_S_WWC_WM_498,train
N_S_WWC_WM_499,train
N_S_WWC_WM_502,train
N_S_WWC_WM_504,train
N_S_WWC_WM_505,train
N_S_WWC_WM_506,train
N_S_WWC_WM_507,train
N_S_WWC_WM_509,train
N_S_WWC_WM_511,train
N_S_WWC_WM_512,train
N_S_WWC_WM_513,train
N_S_WWC_WM_514,train
N_S_WWC_WM_515,train
N_S_WWC_WM_517,train
N_S_WWC_WM_521,train
N_S_WWC_WM_523,train
N_S_WWS_WM_001,train
N_S_WWS_WM_002,val
N_S_WWS_WM_003,train
N_S_WWS_WM_005,train
N_S_WWS_WM_010,train
N_S_WWS_WM_014,train
N_S_WWS_WM_015,train
N_S_WWS_WM_017,train
N_S_WWS_WM_018,train
N_S_WWS_WM_019,train
N_S_WWS_WM_020,train
N_S_WWS_WM_022,val
N_S_WWS_WM_023,train
N_S_WWS_WM_025,val
N_S_WWS_WM_026,train
N_S_WWS_WM_027,train
N_S_WWS_WM_028,train
N_S_WWS_WM_029,train
N_S_WWS_WM_030,train
N_S_WWS_WM_032,train
N_S_WWS_WM_034,train
N_S_WWS_WM_035,train
N_S_WWS_WM_036,train
N_S_WWS_WM_039,train
N_S_WWS_WM_042,train
N_S_WWS_WM_043,test
N_S_WWS_WM_044,train
N_S_WWS_WM_047,train
N_S_WWS_WM_049,train
N_S_WWS_WM_050,train
N_S_WWS_WM_051,train
N_S_WWS_WM_053,train
N_S_WWS_WM_055,train
N_S_WWS_WM_057,test
N_S_WWS_WM_058,test
N_S_WWS_WM_059,test
N_S_WWS_WM_060,train
N_S_WWS_WM_061,val
N_S_WWS_WM_065,train
N_S_WWS_WM_066,train
N_S_WWS_WM_067,train
N_S_WWS_WM_068,train
N_S_WWS_WM_070,train
N_S_WWS_WM_071,train
N_S_WWS_WM_072,train
N_S_WWS_WM_073,train
N_S_WWS_WM_075,train
N_S_WWS_WM_078,train
N_S_WWS_WM_079,train
N_S_WWS_WM_080,train
N_S_WWS_WM_081,val
N_S_WWS_WM_082,train
N_S_WWS_WM_084,train
N_S_WWS_WM_085,train
N_S_WWS_WM_087,train
N_S_WWS_WM_088,train
N_S_WWS_WM_089,train
N_S_WWS_WM_091,train
N_S_WWS_WM_092,train
N_S_WWS_WM_094,train
N_S_WWS_WM_095,train
N_S_WWS_WM_096,train
N_S_WWS_WM_099,train
N_S_WWS_WM_100,train
N_S_WWS_WM_104,val
N_S_WWS_WM_106,train
N_S_WWS_WM_107,train
N_S_WWS_WM_108,train
N_S_WWS_WM_109,test
N_S_WWS_WM_110,train
N_S_WWS_WM_112,train
N_S_WWS_WM_114,train
N_S_WWS_WM_115,train
N_S_WWS_WM_116,test
N_S_WWS_WM_117,train
N_S_WWS_WM_118,val
N_S_WWS_WM_119,train
N_S_WWS_WM_121,train
N_S_WWS_WM_122,train
N_S_WWS_WM_125,train
N_S_WWS_WM_129,train
N_S_WWS_WM_130,train
N_S_WWS_WM_131,train
N_S_WWS_WM_132,train
N_S_WWS_WM_135,train
N_S_WWS_WM_136,train
N_S_WWS_WM_138,val
N_S_WWS_WM_139,test
N_S_WWS_WM_140,train
N_S_WWS_WM_141,train
N_S_WWS_WM_142,test
N_S_WWS_WM_144,train
N_S_WWS_WM_146,train
N_S_WWS_WM_147,test
N_S_WWS_WM_148,val
N_S_WWS_WM_149,train
N_S_WWS_WM_150,train
N_S_WWS_WM_153,val
N_S_WWS_WM_155,train
N_S_WWS_WM_156,test
N_S_WWS_WM_159,test
N_S_WWS_WM_160,val
N_S_WWS_WM_161,test
N_S_WWS_WM_164,train
N_S_WWS_WM_166,train
N_S_WWS_WM_168,train
N_S_WWS_WM_169,train
N_S_WWS_WM_170,train
N_S_WWS_WM_171,val
N_S_WWS_WM_172,train
N_S_WWS_WM_174,val
N_S_WWS_WM_175,train
N_S_WWS_WM_177,train
N_S_WWS_WM_178,train
N_S_WWS_WM_180,train
N_S_WWS_WM_182,test
N_S_WWS_WM_186,train
N_S_WWS_WM_187,train
N_S_WWS_WM_189,train
N_S_WWS_WM_190,train
N_S_WWS_WM_191,train
N_S_WWS_WM_192,val
N_S_WWS_WM_194,train
N_S_WWS_WM_195,test
N_S_WWS_WM_201,train
N_S_WWS_WM_203,train
N_S_WWS_WM_205,train
N_S_WWS_WM_206,train
N_S_WWS_WM_209,val
N_S_WWS_WM_210,train
N_S_WWS_WM_211,train
N_S_WWS_WM_212,train
N_S_WWS_WM_214,train
N_S_WWS_WM_215,train
N_S_WWS_WM_217,train
N_S_WWS_WM_218,train
N_S_WWS_WM_219,test
N_S_WWS_WM_220,train
N_S_WWS_WM_222,train
N_S_WWS_WM_223,train
N_S_WWS_WM_228,train
N_S_WWS_WM_229,test
N_S_WWS_WM_230,train
N_S_WWS_WM_231,train
N_S_WWS_WM_232,train
N_S_WWS_WM_234,train
N_S_WWS_WM_235,train
N_S_WWS_WM_236,train
N_S_WWS_WM_237,train
N_S_WWS_WM_239,train
N_S_WWS_WM_240,train
N_S_WWS_WM_241,train
N_S_WWS_WM_242,train
N_S_WWS_WM_243,train
N_S_WWS_WM_244,train
N_S_WWS_WM_245,train
N_S_WWS_WM_246,train
N_S_WWS_WM_248,train
N_S_WWS_WM_249,train
N_S_WWS_WM_252,val
N_S_WWS_WM_253,train
N_S_WWS_WM_255,train
N_S_WWS_WM_256,train
N_S_WWS_WM_258,val
N_S_WWS_WM_259,val
N_S_WWS_WM_260,test
N_S_WWS_WM_261,val
N_S_WWS_WM_262,test
N_S_WWS_WM_263,train
N_S_WWS_WM_264,train
N_S_WWS_WM_265,train
N_S_WWS_WM_266,train
N_S_WWS_WM_267,train
N_S_WWS_WM_268,train
N_S_WWS_WM_269,train
N_S_WWS_WM_271,train
N_S_WWS_WM_272,train
N_S_WWS_WM_274,train
N_S_WWS_WM_276,val
N_S_WWS_WM_277,train
N_S_WWS_WM_278,train
N_S_WWS_WM_279,val
N_S_WWS_WM_281,train
N_S_WWS_WM_282,train
N_S_WWS_WM_283,train
N_S_WWS_WM_284,test
N_S_WWS_WM_285,train
N_S_WWS_WM_286,train
N_S_WWS_WM_289,train
N_S_WWS_WM_290,val
N_S_WWS_WM_291,train
N_S_WWS_WM_292,test
N_S_WWS_WM_294,train
N_S_WWS_WM_295,val
N_S_WWS_WM_297,train
N_S_WWS_WM_299,test
N_S_WWS_WM_300,train
N_S_WWS_WM_301,test
N_S_WWS_WM_302,train
N_S_WWS_WM_303,train
N_S_WWS_WM_304,val
N_S_WWS_WM_305,train
N_S_WWS_WM_306,train
N_S_WWS_WM_307,train
N_S_WWS_WM_308,train
N_S_WWS_WM_310,train
N_S_WWS_WM_312,train
N_S_WWS_WM_315,train
N_S_WWS_WM_317,train
N_S_WWS_WM_319,train
N_S_WWS_WM_321,train
N_S_WWS_WM_323,train
N_S_WWS_WM_324,test
N_S_WWS_WM_327,val
N_S_WWS_WM_328,train
N_S_WWS_WM_330,train
N_S_WWS_WM_331,train
N_S_WWS_WM_332,test
N_S_WWS_WM_334,train
N_S_WWS_WM_336,val
N_S_WWS_WM_337,train
N_S_WWS_WM_338,val
N_S_WWS_WM_339,val
N_S_WWS_WM_340,train
N_S_WWS_WM_341,test
N_S_WWS_WM_342,val
N_S_WWS_WM_343,test
N_S_WWS_WM_347,train
N_S_WWS_WM_348,train
N_S_WWS_WM_349,train
N_S_WWS_WM_350,train
N_S_WWS_WM_352,train
N_S_WWS_WM_354,train
N_S_WWS_WM_355,train
N_S_WWS_WM_356,test
N_S_WWS_WM_358,train
N_S_WWS_WM_359,train
N_S_WWS_WM_360,test
N_S_WWS_WM_365,train
N_S_WWS_WM_366,train
N_S_WWS_WM_367,val
N_S_WWS_WM_370,train
N_S_WWS_WM_372,train
N_S_WWS_WM_373,val
N_S_WWS_WM_376,test
N_S_WWS_WM_377,train
N_S_WWS_WM_378,train
N_S_WWS_WM_380,train
N_S_WWS_WM_381,val
N_S_WWS_WM_382,val
N_S_WWS_WM_383,train
N_S_WWS_WM_385,train
N_S_WWS_WM_386,train
N_S_WWS_WM_387,test
N_S_WWS_WM_388,train
N_S_WWS_WM_389,train
N_S_WWS_WM_390,test
N_S_WWS_WM_391,val
N_S_WWS_WM_392,train
N_S_WWS_WM_395,train
N_S_WWS_WM_397,train
N_S_WWS_WM_398,test
N_S_WWS_WM_399,train
N_S_WWS_WM_400,train
N_S_WWS_WM_401,val
N_S_WWS_WM_402,train
N_S_WWS_WM_403,train
N_S_WWS_WM_404,train
N_S_WWS_WM_405,train
N_S_WWS_WM_406,train
N_S_WWS_WM_408,train
N_S_WWS_WM_409,train
N_S_WWS_WM_410,train
N_S_WWS_WM_411,train
N_S_WWS_WM_414,train
N_S_WWS_WM_416,train
N_S_WWS_WM_418,train
N_S_WWS_WM_421,train
N_S_WWS_WM_423,train
N_S_WWS_WM_424,test
N_S_WWS_WM_425,train
N_S_WWS_WM_427,train
N_S_WWS_WM_428,train
N_S_WWS_WM_429,train
N_S_WWS_WM_430,test
N_S_WWS_WM_431,train
N_S_WWS_WM_432,train
N_S_WWS_WM_433,train
N_S_WWS_WM_435,train
N_S_WWS_WM_436,val
N_S_WWS_WM_437,train
N_S_WWS_WM_438,test
N_S_WWS_WM_439,test
N_S_WWS_WM_440,val
N_S_WWS_WM_443,val
N_S_WWS_WM_444,train
N_S_WWS_WM_445,train
N_S_WWS_WM_446,train
N_S_WWS_WM_448,train
N_S_WWS_WM_449,train
N_S_WWS_WM_450,val
N_S_WWS_WM_452,train
N_S_WWS_WM_454,train
N_S_WWS_WM_455,val
N_S_WWS_WM_456,train
N_S_WWS_WM_457,train
N_S_WWS_WM_458,train
N_S_WWS_WM_459,val
N_S_WWS_WM_461,train
N_S_WWS_WM_462,train
N_S_WWS_WM_463,train
N_S_WWS_WM_465,train
N_S_WWS_WM_466,test
N_S_WWS_WM_468,val
N_S_WWS_WM_469,train
N_S_WWS_WM_471,train
N_S_WWS_WM_472,train
N_S_WWS_WM_473,val
N_S_WWS_WM_474,train
N_S_WWS_WM_476,train
N_S_WWS_WM_477,train
N_S_WWS_WM_479,train
N_S_WWS_WM_480,train
N_S_WWS_WM_481,train
N_S_WWS_WM_482,train
N_S_WWS_WM_484,val
N_S_WWS_WM_486,train
N_S_WWS_WM_488,train
N_S_WW_WM_001,train
N_S_WW_WM_002,train
N_S_WW_WM_003,train
N_S_WW_WM_004,train
N_S_WW_WM_005,train
N_S_WW_WM_006,test
N_S_WW_WM_007,test
N_S_WW_WM_008,test
N_S_WW_WM_009,train
N_S_WW_WM_010,train
N_S_WW_WM_011,train
N_S_WW_WM_012,train
N_S_WW_WM_013,train
N_S_WW_WM_014,train
N_S_WW_WM_015,train
N_S_WW_WM_016,val
N_S_WW_WM_017,test
N_S_WW_WM_018,train
N_S_WW_WM_019,train
N_S_WW_WM_020,train
N_S_WW_WM_021,test
N_S_WW_WM_022,test
N_S_WW_WM_023,train
N_S_WW_WM_025,train
N_S_WW_WM_026,train
N_S_WW_WM_027,train
N_S_WW_WM_028,train
N_S_WW_WM_029,train
N_S_WW_WM_030,test
N_S_WW_WM_031,train
N_S_WW_WM_032,val
N_S_WW_WM_033,train
N_S_WW_WM_034,val
N_S_WW_WM_035,train
N_S_WW_WM_036,train
N_S_WW_WM_037,train
N_S_WW_WM_038,train
N_S_WW_WM_039,train
N_S_WW_WM_040,train
N_S_WW_WM_041,train
N_S_WW_WM_042,train
N_S_WW_WM_043,train
N_S_WW_WM_044,train
N_S_WW_WM_046,train
N_S_WW_WM_047,train
N_S_WW_WM_048,train
N_S_WW_WM_049,train
N_S_WW_WM_050,train
N_S_WW_WM_051,train
N_S_WW_WM_052,train
N_S_WW_WM_053,val
N_S_WW_WM_054,train
N_S_WW_WM_055,train
N_S_WW_WM_056,train
N_S_WW_WM_057,train
N_S_WW_WM_059,train
N_S_WW_WM_060,test
N_S_WW_WM_061,train
N_S_WW_WM_062,train
N_S_WW_WM_063,train
N_S_WW_WM_064,train
N_S_WW_WM_065,val
N_S_WW_WM_066,test
N_S_WW_WM_067,train
N_S_WW_WM_068,train
N_S_WW_WM_069,train
N_S_WW_WM_070,train
N_S_WW_WM_071,train
N_S_WW_WM_072,test
N_S_WW_WM_073,val
N_S_WW_WM_075,val
N_S_WW_WM_076,train
N_S_WW_WM_077,train
N_S_WW_WM_078,val
N_S_WW_WM_079,train
N_S_WW_WM_080,train
N_S_WW_WM_081,train
N_S_WW_WM_082,train
N_S_WW_WM_083,test
N_S_WW_WM_084,train
N_S_WW_WM_085,train
N_S_WW_WM_086,train
N_S_WW_WM_087,train
N_S_WW_WM_088,train
N_S_WW_WM_089,train
N_S_WW_WM_090,train
N_S_WW_WM_091,val
N_S_WW_WM_092,train
N_S_WW_WM_093,train
N_S_WW_WM_094,train
N_S_WW_WM_095,val
N_S_WW_WM_097,train
N_S_WW_WM_098,train
N_S_WW_WM_099,train
N_S_WW_WM_100,val
N_S_WW_WM_101,train
N_S_WW_WM_102,train
N_S_WW_WM_103,train
N_S_WW_WM_104,val
N_S_WW_WM_105,train
N_S_WW_WM_106,test
N_S_WW_WM_107,train
N_S_WW_WM_108,val
N_S_WW_WM_109,test
N_S_WW_WM_110,train
N_S_WW_WM_111,val
N_S_WW_WM_112,train
N_S_WW_WM_113,train
N_S_WW_WM_114,train
N_S_WW_WM_115,train
N_S_WW_WM_117,train
N_S_WW_WM_118,val
N_S_WW_WM_119,train
N_S_WW_WM_120,train
N_S_WW_WM_121,train
N_S_WW_WM_122,train
N_S_WW_WM_123,train
N_S_WW_WM_125,train
N_S_WW_WM_126,train
N_S_WW_WM_127,train
N_S_WW_WM_128,train
N_S_WW_WM_129,train
N_S_WW_WM_130,train
N_S_WW_WM_131,train
N_S_WW_WM_132,val
N_S_WW_WM_133,train
N_S_WW_WM_134,train
N_S_WW_WM_135,train
N_S_WW_WM_136,train
N_S_WW_WM_137,train
N_S_WW_WM_138,train
N_S_WW_WM_141,train
N_S_WW_WM_142,test
N_S_WW_WM_143,test
N_S_WW_WM_144,train
N_S_WW_WM_145,test
N_S_WW_WM_146,test
N_S_WW_WM_147,train
N_S_WW_WM_148,train
N_S_WW_WM_149,test
N_S_WW_WM_150,train
N_S_WW_WM_151,train
N_S_WW_WM_152,train
N_S_WW_WM_153,test
N_S_WW_WM_154,train
N_S_WW_WM_155,train
N_S_WW_WM_156,train
N_S_WW_WM_157,train
N_S_WW_WM_158,train
N_S_WW_WM_159,train
N_S_WW_WM_160,train
N_S_WW_WM_161,train
N_S_WW_WM_162,train
N_S_WW_WM_163,train
N_S_WW_WM_164,train
N_S_WW_WM_165,test
N_S_WW_WM_166,train
N_S_WW_WM_167,train
N_S_WW_WM_168,train
N_S_WW_WM_169,train
N_S_WW_WM_170,train
N_S_WW_WM_171,train
N_S_WW_WM_172,train
N_S_WW_WM_173,train
N_S_WW_WM_174,train
N_S_WW_WM_175,train
N_S_WW_WM_176,train
N_S_WW_WM_177,train
N_S_WW_WM_178,train
N_S_WW_WM_179,test
N_S_WW_WM_180,train
N_S_WW_WM_181,train
N_S_WW_WM_182,train
N_S_WW_WM_183,test
N_S_WW_WM_184,train
N_S_WW_WM_185,train
N_S_WW_WM_186,train
N_S_WW_WM_187,train
N_S_WW_WM_188,train
N_S_WW_WM_189,train
N_S_WW_WM_190,train
N_S_WW_WM_191,val
N_S_WW_WM_192,val
N_S_WW_WM_193,train
N_S_WW_WM_194,train
N_S_WW_WM_195,train
N_S_WW_WM_196,train
N_S_WW_WM_197,train
N_S_WW_WM_198,train
N_S_WW_WM_199,train
N_S_WW_WM_200,train
N_S_WW_WM_201,train
N_S_WW_WM_202,train
N_S_WW_WM_203,train
N_S_WW_WM_204,train
N_S_WW_WM_205,train
N_S_WW_WM_206,train
N_S_WW_WM_207,train
N_S_WW_WM_208,train
N_S_WW_WM_209,train
N_S_WW_WM_210,train
N_S_WW_WM_211,train
N_S_WW_WM_212,val
N_S_WW_WM_213,val
N_S_WW_WM_214,train
N_S_WW_WM_215,train
N_S_WW_WM_216,train
N_S_WW_WM_217,train
N_S_WW_WM_218,train
N_S_WW_WM_219,train
N_S_WW_WM_220,train
N_S_WW_WM_221,train
N_S_WW_WM_222,test
N_S_WW_WM_223,train
N_S_WW_WM_224,train
N_S_WW_WM_225,train
N_S_WW_WM_226,train
N_S_WW_WM_227,train
N_S_WW_WM_228,test
N_S_WW_WM_229,train
N_S_WW_WM_230,train
N_S_WW_WM_231,train
N_S_WW_WM_232,test
N_S_WW_WM_233,val
N_S_WW_WM_234,train
N_S_WW_WM_235,train
N_S_WW_WM_236,train
N_S_WW_WM_237,val
N_S_WW_WM_238,train
N_S_WW_WM_239,val
N_S_WW_WM_240,train
N_S_WW_WM_241,train
N_S_WW_WM_242,train
N_S_WW_WM_243,train
N_S_WW_WM_244,train
N_S_WW_WM_245,val
N_S_WW_WM_246,train
N_S_WW_WM_247,train
N_S_WW_WM_248,train
N_S_WW_WM_249,train
N_S_WW_WM_250,val
N_S_WW_WM_251,val
N_S_WW_WM_252,train
N_S_WW_WM_253,train
N_S_WW_WM_254,val
N_S_WW_WM_255,train
N_S_WW_WM_256,train
N_S_WW_WM_257,test
N_S_WW_WM_258,train
N_S_WW_WM_259,test
N_S_WW_WM_260,train
N_S_WW_WM_262,train
N_S_WW_WM_263,train
N_S_WW_WM_264,train
N_S_WW_WM_265,train
N_S_WW_WM_266,train
N_S_WW_WM_267,train
N_S_WW_WM_268,train
N_S_WW_WM_269,test
N_S_WW_WM_270,train
N_S_WW_WM_271,test
N_S_WW_WM_272,test
N_S_WW_WM_273,val
N_S_WW_WM_274,train
N_S_WW_WM_275,test
N_S_WW_WM_276,train
N_S_WW_WM_277,train
N_S_WW_WM_278,train
N_S_WW_WM_279,train
N_S_WW_WM_280,train
N_S_WW_WM_281,train
N_S_WW_WM_282,train
N_S_WW_WM_283,train
N_S_WW_WM_284,test
N_S_WW_WM_285,train
N_S_WW_WM_286,train
N_S_WW_WM_287,train
N_S_WW_WM_288,train
N_S_WW_WM_289,test
N_S_WW_WM_290,train
N_S_WW_WM_291,train
N_S_WW_WM_292,train
N_S_WW_WM_293,train
N_S_WW_WM_294,train
N_S_WW_WM_295,train
N_S_WW_WM_296,train
N_S_WW_WM_297,train
N_S_WW_WM_298,train
N_S_WW_WM_299,test
N_S_WW_WM_300,val
N_S_WW_WM_301,test
N_S_WW_WM_302,train
N_S_WW_WM_303,train
N_S_WW_WM_304,train
N_S_WW_WM_305,val
N_S_WW_WM_306,train
N_S_WW_WM_307,train
N_S_WW_WM_308,train
N_S_WW_WM_309,train
N_S_WW_WM_310,train
N_S_WW_WM_311,train
N_S_WW_WM_312,train
N_S_WW_WM_313,train
N_S_WW_WM_314,train
N_S_WW_WM_315,train
N_S_WW_WM_316,train
N_S_WW_WM_317,train
N_S_WW_WM_318,train
N_S_WW_WM_319,train
N_S_WW_WM_320,train
N_S_WW_WM_321,test
N_S_WW_WM_322,train
N_S_WW_WM_323,train
N_S_WW_WM_324,test
N_S_WW_WM_325,train
N_S_WW_WM_326,train
N_S_WW_WM_327,train
N_S_WW_WM_328,train
N_S_WW_WM_331,test
N_S_WW_WM_332,train
N_S_WW_WM_333,train
N_S_WW_WM_334,train
N_S_WW_WM_335,train
N_S_WW_WM_336,train
N_S_WW_WM_337,train
N_S_WW_WM_338,test
N_S_WW_WM_339,train
N_S_WW_WM_340,train
N_S_WW_WM_341,train
N_S_WW_WM_342,val
N_S_WW_WM_343,train
N_S_WW_WM_344,train
N_S_WW_WM_345,test
N_S_WW_WM_346,test
N_S_WW_WM_347,test
N_S_WW_WM_348,test
N_S_WW_WM_349,train
N_S_WW_WM_350,val
N_S_WW_WM_351,train
N_S_WW_WM_352,train
N_S_WW_WM_353,train
N_S_WW_WM_354,train
N_S_WW_WM_355,train
N_S_WW_WM_356,train
N_S_WW_WM_357,val
N_S_WW_WM_358,train
N_S_WW_WM_359,train
N_S_WW_WM_360,train
N_S_WW_WM_361,test
N_S_WW_WM_362,val
N_S_WW_WM_363,train
N_S_WW_WM_364,train
N_S_WW_WM_365,train
N_S_WW_WM_366,train
N_S_WW_WM_367,train
N_S_WW_WM_368,train
N_S_WW_WM_369,train
N_S_WW_WM_370,train
N_S_WW_WM_371,train
N_S_WW_WM_372,val
N_S_WW_WM_374,train
N_S_WW_WM_375,train
N_S_WW_WM_376,train
N_S_WW_WM_378,train
N_S_WW_WM_379,test
N_S_WW_WM_380,train
N_S_WW_WM_381,test
N_S_WW_WM_382,val
N_S_WW_WM_383,train
N_S_WW_WM_384,test
N_S_WW_WM_385,train
N_S_WW_WM_386,train
N_S_WW_WM_387,train
N_S_WW_WM_388,train
N_S_WW_WM_389,val
N_S_WW_WM_390,train
N_S_WW_WM_391,train
N_S_WW_WM_392,train
N_S_WW_WM_393,train
N_S_WW_WM_394,train
N_S_WW_WM_395,test
N_S_WW_WM_396,train
N_S_WW_WM_397,train
N_S_WW_WM_398,train
N_S_WW_WM_399,train
N_S_WW_WM_400,train
N_S_WW_WM_402,train
N_S_WW_WM_403,train
N_S_WW_WM_404,val
N_S_WW_WM_406,val
N_S_WW_WM_407,train
N_S_WW_WM_408,test
N_S_WW_WM_409,train
N_S_WW_WM_410,train
N_S_WW_WM_411,test
N_S_WW_WM_412,train
N_S_WW_WM_413,train
N_S_WW_WM_414,train
N_S_WW_WM_415,train
N_S_WW_WM_416,train
N_S_WW_WM_417,train
N_S_WW_WM_418,train
N_S_WW_WM_419,train
N_S_WW_WM_420,train
N_S_WW_WM_421,test
N_S_WW_WM_422,train
N_S_WW_WM_423,train
N_S_WW_WM_424,train
N_S_WW_WM_425,train
N_S_WW_WM_426,train
N_S_WW_WM_427,train
N_S_WW_WM_428,train
N_S_WW_WM_429,train
N_S_WW_WM_430,train
N_S_WW_WM_431,train
N_S_WW_WM_432,train
N_S_WW_WM_433,train
N_S_WW_WM_434,train
N_S_WW_WM_435,test
N_S_WW_WM_436,train
N_S_WW_WM_437,val
N_S_WW_WM_438,val
N_S_WW_WM_439,train
N_S_WW_WM_440,train
N_S_WW_WM_441,train
N_S_WW_WM_442,val
N_S_WW_WM_443,train
N_S_WW_WM_444,train
N_S_WW_WM_445,train
N_S_WW_WM_446,train
N_S_WW_WM_447,train
N_S_WW_WM_449,train
N_S_WW_WM_450,train
N_S_WW_WM_451,train
N_S_WW_WM_452,test
N_S_WW_WM_453,train
N_S_WW_WM_455,train
N_S_WW_WM_456,val
N_S_WW_WM_457,test
N_S_WW_WM_458,train
N_S_WW_WM_459,train
N_S_WW_WM_460,train
N_S_WW_WM_461,test
N_S_WW_WM_462,train
N_S_WW_WM_463,train
N_S_WW_WM_465,train
N_S_WW_WM_466,train
N_S_WW_WM_467,test
N_S_WW_WM_468,train
N_S_WW_WM_469,train
N_S_WW_WM_470,train
N_S_WW_WM_471,train
N_S_WW_WM_472,train
N_S_WW_WM_473,train
N_S_WW_WM_474,train
N_S_WW_WM_475,train
N_S_WW_WM_476,val
N_S_WW_WM_477,train
N_S_WW_WM_478,train
N_S_WW_WM_479,test
N_S_WW_WM_480,train
N_S_WW_WM_482,train
N_S_WW_WM_483,train
N_S_WW_WM_484,train
N_S_WW_WM_485,train
N_S_WW_WM_486,test
N_S_WW_WM_487,train
N_S_WW_WM_488,train
N_S_WW_WM_489,train
N_S_WW_WM_491,train
N_S_WW_WM_492,train
N_S_WW_WM_493,train
N_S_WW_WM_494,test
N_S_WW_WM_495,train
N_S_WW_WM_496,train
N_S_WW_WM_497,train
N_S_WW_WM_498,train
N_S_WW_WM_499,train
N_S_WW_WM_500,train
N_S_WW_WM_501,train
N_S_WW_WM_502,train
N_S_WW_WM_503,train
N_S_WW_WM_504,train
N_S_WW_WM_505,train
N_S_WW_WM_506,train
N_S_WW_WM_507,train
N_S_WW_WM_508,train
N_S_WW_WM_509,val
N_S_WW_WM_510,train
N_S_WW_WM_511,train
N_S_WW_WM_512,train
N_S_WW_WM_513,train
N_S_WW_WM_514,train
N_S_WW_WM_515,train
N_S_WW_WM_516,train
N_S_WW_WM_518,val
N_S_WW_WM_519,test
N_S_WW_WM_520,train
N_S_WW_WM_521,train
N_S_WW_WM_522,train
N_S_WW_WM_523,test
N_S_WW_WM_524,train
N_S_WW_WM_525,train
N_S_WW_WM_526,train
N_S_WW_WM_527,train
N_S_WW_WM_528,train
N_S_WW_WM_529,train
N_S_WW_WM_530,train
N_S_WW_WM_531,train
N_S_WW_WM_532,train
N_S_WW_WM_533,train
N_S_WW_WM_534,train
N_S_WW_WM_535,train
N_S_WW_WM_536,train
N_S_WW_WM_537,train
N_S_WW_WM_538,test
N_S_WW_WM_539,val
N_S_WW_WM_540,train
N_S_WW_WM_541,train
N_S_WW_WM_542,train
N_S_WW_WM_543,train
N_S_WW_WM_544,train
N_S_WW_WM_545,train
N_S_WW_WM_550,train
N_S_WW_WM_551,val
N_S_WW_WM_553,val
N_S_WW_WM_554,train
N_S_WW_WM_555,test
N_S_WW_WM_556,train
N_S_WW_WM_557,train
N_S_WW_WM_558,train
N_S_WW_WM_559,train
N_S_WW_WM_560,train
N_S_WW_WM_561,test
N_S_WW_WM_562,train
N_S_WW_WM_563,val
N_S_WW_WM_564,train
N_S_WW_WM_565,test
N_S_WW_WM_566,train
N_S_WW_WM_567,train
N_S_WW_WM_568,train
N_S_WW_WM_569,train
N_S_WW_WM_571,train
N_S_WW_WM_572,train
N_S_WW_WM_573,val
N_S_WW_WM_574,train
N_S_WW_WM_575,val
N_S_WW_WM_576,val
N_S_WW_WM_577,train
N_S_WW_WM_578,train
N_S_WW_WM_579,train
N_S_WW_WM_580,train
N_S_WW_WM_581,train
N_S_WW_WM_582,train
N_S_WW_WM_583,train
N_S_WW_WM_585,train
N_S_WW_WM_586,train
N_S_WW_WM_587,test
N_S_WW_WM_588,train
N_S_WW_WM_589,train
N_S_WW_WM_590,train
N_S_WW_WM_591,train
N_S_WW_WM_592,test
N_S_WW_WM_593,train
N_S_WW_WM_594,train
N_S_WW_WM_595,train
N_S_WW_WM_596,val
N_S_WW_WM_597,val
N_S_WW_WM_598,train
N_S_WW_WM_599,train
N_S_WW_WM_600,train
N_S_WW_WM_601,train
N_S_WW_WM_602,train
N_S_WW_WM_603,train
N_S_WW_WM_604,test
N_S_WW_WM_605,train
N_S_WW_WM_606,test
N_S_WW_WM_608,val
N_S_WW_WM_609,train
N_S_WW_WM_610,val
N_S_WW_WM_611,train
N_S_WW_WM_612,test
N_S_WW_WM_613,train
N_S_WW_WM_614,train
N_S_WW_WM_615,train
N_S_WW_WM_616,train
N_S_WW_WM_617,train
N_S_WW_WM_618,val
N_S_WW_WM_619,train
N_S_WW_WM_620,train
N_S_WW_WM_621,train
N_S_WW_WM_622,train
N_S_WW_WM_623,train
N_S_WW_WM_624,train
N_S_WW_WM_625,train
N_S_WW_WM_626,train
N_S_WW_WM_627,train
N_S_WW_WM_628,test
N_S_WW_WM_629,train
N_S_WW_WM_630,train
N_S_WW_WM_631,train
N_S_WW_WM_632,train
N_S_WW_WM_633,val
N_S_WW_WM_634,train
N_S_WW_WM_635,train
N_S_WW_WM_636,val
N_S_WW_WM_637,train
N_S_WW_WM_638,val
N_S_WW_WM_639,train
N_S_WW_WM_640,train
N_S_WW_WM_641,train
N_S_WW_WM_642,train
N_S_WW_WM_643,test
N_S_WW_WM_644,train
N_S_WW_WM_645,train
N_S_WW_WM_646,train
N_S_WW_WM_647,train
N_S_WW_WM_648,train
N_S_WW_WM_649,train
N_S_WW_WM_650,train
N_S_WW_WM_651,train
N_S_WW_WM_652,train
N_S_WW_WM_653,train
N_S_WW_WM_654,train
N_S_WW_WM_655,train
N_S_WW_WM_656,train
N_S_WW_WM_657,test
N_S_WW_WM_658,train
N_S_WW_WM_659,train
N_S_WW_WM_660,train
N_S_WW_WM_661,train
N_S_WW_WM_662,test
N_S_WW_WM_663,train
N_S_WW_WM_664,train
N_S_WW_WM_665,train
N_S_WW_WM_667,train
N_S_WW_WM_668,train
N_S_WW_WM_669,train
N_S_WW_WM_670,train
N_S_WW_WM_671,train
N_S_WW_WM_672,train
N_S_WW_WM_673,train
N_S_WW_WM_674,train
N_S_WW_WM_675,train
N_S_WW_WM_676,train
N_S_WW_WM_677,val
N_S_WW_WM_678,train
N_S_WW_WM_679,train
N_S_WW_WM_680,test
N_S_WW_WM_681,train
N_S_WW_WM_682,train
N_S_WW_WM_683,train
